company,code,month,total_heads,commodity_heads,piglet_heads,breeder_heads,avg_price_yuan_kg,revenue_yi,disclosed_date,url
正邦科技,002157,2026-01,92.75,39.7,53.05,,12.45,8.16,2026-02-10,https://static.cninfo.com.cn/finalpage/2026-02-10/1224972567.PDF
正邦科技,002157,2026-02,75.73,,,,11.57,5.54,2026-03-10,https://static.cninfo.com.cn/finalpage/2026-03-10/1225000829.PDF
正邦科技,002157,2026-03,93.64,,,,10.38,7.18,2026-04-09,https://static.cninfo.com.cn/finalpage/2026-04-09/1225084275.PDF
正邦科技,002157,2026-04,104.43,,,,9.26,6.49,2026-05-09,https://static.cninfo.com.cn/finalpage/2026-05-09/1225284508.PDF
正邦科技,002157,2026-05,96.38,,,,10.01,7.32,2026-06-09,https://static.cninfo.com.cn/finalpage/2026-06-09/1225357134.PDF
正邦科技,002157,2026-06,95.27,,,,9.68,6.25,2026-07-09,https://static.cninfo.com.cn/finalpage/2026-07-09/1225414889.PDF
正邦科技,002157,2026-07,81.76,,,,10.78,5.87,2026-08-08,https://static.cninfo.com.cn/finalpage/2026-08-08/1225463075.PDF
正邦科技,002157,2026-08,86.79,,,,11.14,5.94,2026-09-09,https://static.cninfo.com.cn/finalpage/2026-09-09/1225553780.PDF
傲农生物,603363,2026-01,16.66,,,,,,2026-02-10,https://static.cninfo.com.cn/finalpage/2026-02-10/1224972775.PDF
傲农生物,603363,2026-02,14.8,,,,,,2026-03-06,https://static.cninfo.com.cn/finalpage/2026-03-06/1224998289.PDF
傲农生物,603363,2026-03,18.58,,,,,,2026-04-09,https://static.cninfo.com.cn/finalpage/2026-04-09/1225083801.PDF
傲农生物,603363,2026-04,22.77,,,,,,2026-05-12,https://static.cninfo.com.cn/finalpage/2026-05-12/1225289941.PDF
傲农生物,603363,2026-05,17.66,,,,,,2026-06-09,https://static.cninfo.com.cn/finalpage/2026-06-09/1225356504.PDF
傲农生物,603363,2026-06,19.6,,,,,,2026-07-07,https://static.cninfo.com.cn/finalpage/2026-07-07/1225410652.PDF
傲农生物,603363,2026-07,14.2,,,,,,2026-08-08,https://static.cninfo.com.cn/finalpage/2026-08-08/1225462977.PDF
傲农生物,603363,2026-08,20.82,,,,,,2026-09-08,https://static.cninfo.com.cn/finalpage/2026-09-08/1225551502.PDF
傲农生物,603363,2026-09,25.36,,,,,,2026-10-09,https://static.cninfo.com.cn/finalpage/2026-10-09/1225596148.PDF
新五丰,600975,2026-01,45.17,25.78,,,12.42,,2026-02-11,https://static.cninfo.com.cn/finalpage/2026-02-11/1224974692.PDF
新五丰,600975,2026-02,33.95,22.83,,,11.58,,2026-03-10,https://static.cninfo.com.cn/finalpage/2026-03-10/1225001409.PDF
新五丰,600975,2026-03,46.79,33.41,,,10.08,,2026-04-11,https://static.cninfo.com.cn/finalpage/2026-04-11/1225091796.PDF
新五丰,600975,2026-04,63.94,32.04,,,8.66,,2026-05-12,https://static.cninfo.com.cn/finalpage/2026-05-12/1225291540.PDF
新五丰,600975,2026-05,48.97,24.34,,,9.41,,2026-06-11,https://static.cninfo.com.cn/finalpage/2026-06-11/1225362096.PDF
新五丰,600975,2026-06,37.2,19.42,,,9.16,,2026-07-11,https://static.cninfo.com.cn/finalpage/2026-07-11/1225419170.PDF
新五丰,600975,2026-07,57.88,24.17,,,10.38,,2026-08-11,https://static.cninfo.com.cn/finalpage/2026-08-11/1225466105.PDF
新五丰,600975,2026-08,52.23,25.49,,,10.35,,2026-09-10,https://static.cninfo.com.cn/finalpage/2026-09-10/1225555146.PDF
天邦食品,002124,2026-01,68.2,39.18,29.02,,12.5,6.7438,2026-02-07,https://static.cninfo.com.cn/finalpage/2026-02-07/1224970081.PDF
天邦食品,002124,2026-02,48.11,29.69,18.42,,11.57,4.797,2026-03-07,https://static.cninfo.com.cn/finalpage/2026-03-07/1224998836.PDF
天邦食品,002124,2026-03,64.47,43.32,21.15,,9.82,5.7535,2026-04-09,https://static.cninfo.com.cn/finalpage/2026-04-09/1225084098.PDF
天邦食品,002124,2026-04,66.83,42.37,24.46,,9.14,5.2422,2026-05-09,https://static.cninfo.com.cn/finalpage/2026-05-09/1225284410.PDF
天邦食品,002124,2026-05,73.72,45.32,28.4,,9.42,5.779,2026-06-09,https://static.cninfo.com.cn/finalpage/2026-06-09/1225357902.PDF
天邦食品,002124,2026-06,67.41,42.02,25.39,,9.17,4.9141,2026-07-09,https://static.cninfo.com.cn/finalpage/2026-07-09/1225414929.PDF
天邦食品,002124,2026-07,70.62,41.37,29.25,,10.1,5.1678,2026-08-07,https://static.cninfo.com.cn/finalpage/2026-08-07/1225461214.PDF
天邦食品,002124,2026-08,62.25,41.53,20.72,,10.14,4.9262,2026-09-09,https://static.cninfo.com.cn/finalpage/2026-09-09/1225553022.PDF
金新农,002548,2026-01,19.09,8.95,10.09,0.05,12.38,1.4952,2026-02-10,https://static.cninfo.com.cn/finalpage/2026-02-10/1224972878.PDF
金新农,002548,2026-02,10.91,7.22,3.61,0.08,11.63,1.1443,2026-03-10,https://static.cninfo.com.cn/finalpage/2026-03-10/1225002365.PDF
金新农,002548,2026-03,16.33,11.39,4.94,0.0015,10.21,1.5637,2026-04-08,https://static.cninfo.com.cn/finalpage/2026-04-08/1225083199.PDF
金新农,002548,2026-04,14.63,6.77,7.81,0.05,9.36,0.9154,2026-05-08,https://static.cninfo.com.cn/finalpage/2026-05-08/1225282387.PDF
金新农,002548,2026-05,15.89,5.9,9.98,0.0034,9.86,0.841,2026-06-09,https://static.cninfo.com.cn/finalpage/2026-06-09/1225357517.PDF
金新农,002548,2026-06,10.15,3.22,6.94,,9.96,0.5021,2026-07-08,https://static.cninfo.com.cn/finalpage/2026-07-08/1225414204.PDF
金新农,002548,2026-07,10.71,4.31,6.39,0.01,11.94,0.7368,2026-08-08,https://static.cninfo.com.cn/finalpage/2026-08-08/1225464069.PDF
金新农,002548,2026-08,14.21,5.68,8.53,,11.64,0.9496,2026-09-08,https://static.cninfo.com.cn/finalpage/2026-09-08/1225551395.PDF
天康生物,002100,2026-01,30.0,,,,11.78,3.92,2026-02-10,https://static.cninfo.com.cn/finalpage/2026-02-10/1224973022.PDF
天康生物,002100,2026-02,27.34,,,,10.78,3.09,2026-03-10,https://static.cninfo.com.cn/finalpage/2026-03-10/1225001373.PDF
天康生物,002100,2026-03,32.52,,,,9.55,3.77,2026-04-11,https://static.cninfo.com.cn/finalpage/2026-04-11/1225092809.PDF
天康生物,002100,2026-04,28.69,,,,8.92,3.01,2026-05-09,https://static.cninfo.com.cn/finalpage/2026-05-09/1225286149.PDF
天康生物,002100,2026-05,26.33,,,,9.29,2.93,2026-06-10,https://static.cninfo.com.cn/finalpage/2026-06-10/1225359437.PDF
天康生物,002100,2026-06,39.96,,,,8.8,3.8,2026-07-10,https://static.cninfo.com.cn/finalpage/2026-07-10/1225417309.PDF
天康生物,002100,2026-07,39.61,,,,9.68,3.93,2026-08-08,https://static.cninfo.com.cn/finalpage/2026-08-08/1225464504.PDF
天康生物,002100,2026-08,41.11,,,,9.61,4.17,2026-09-10,https://static.cninfo.com.cn/finalpage/2026-09-10/1225554985.PDF
天域生物,603717,2026-01,4.55,,,,,0.5429,2026-02-07,https://static.cninfo.com.cn/finalpage/2026-02-07/1224969912.PDF
天域生物,603717,2026-02,4.05,2.23,1.83,,,0.406,2026-03-07,https://static.cninfo.com.cn/finalpage/2026-03-07/1224998871.PDF
天域生物,603717,2026-03,5.05,2.75,2.3,,,0.4145,2026-04-09,https://static.cninfo.com.cn/finalpage/2026-04-09/1225084002.PDF
天域生物,603717,2026-04,6.71,4.67,2.04,,,0.5588,2026-05-12,https://static.cninfo.com.cn/finalpage/2026-05-12/1225291586.PDF
天域生物,603717,2026-05,6.19,3.53,2.66,,,0.504,2026-06-06,https://static.cninfo.com.cn/finalpage/2026-06-06/1225354145.PDF
天域生物,603717,2026-06,6.24,4.47,1.77,,,0.5177,2026-07-08,https://static.cninfo.com.cn/finalpage/2026-07-08/1225412853.PDF
天域生物,603717,2026-07,6.23,3.46,2.77,,,0.5146,2026-08-08,https://static.cninfo.com.cn/finalpage/2026-08-08/1225463029.PDF
天域生物,603717,2026-08,6.38,3.74,2.64,,,0.5209,2026-09-08,https://static.cninfo.com.cn/finalpage/2026-09-08/1225550486.PDF
罗牛山,000735,2026-01,5.91,,,,,1.0316,2026-02-10,https://static.cninfo.com.cn/finalpage/2026-02-10/1224972490.PDF
罗牛山,000735,2026-02,4.82,,,,,0.8022,2026-03-10,https://static.cninfo.com.cn/finalpage/2026-03-10/1225000744.PDF
罗牛山,000735,2026-03,7.62,,,,,1.0208,2026-04-11,https://static.cninfo.com.cn/finalpage/2026-04-11/1225092237.PDF
罗牛山,000735,2026-04,8.59,,,,,0.9441,2026-05-12,https://static.cninfo.com.cn/finalpage/2026-05-12/1225292488.PDF
罗牛山,000735,2026-05,10.38,,,,,1.0151,2026-06-10,https://static.cninfo.com.cn/finalpage/2026-06-10/1225359475.PDF
罗牛山,000735,2026-06,8.31,,,,,0.7829,2026-07-11,https://static.cninfo.com.cn/finalpage/2026-07-11/1225418378.PDF
罗牛山,000735,2026-07,6.99,,,,,0.8945,2026-08-11,https://static.cninfo.com.cn/finalpage/2026-08-11/1225465440.PDF
罗牛山,000735,2026-08,7.17,,,,,0.9377,2026-09-11,https://static.cninfo.com.cn/finalpage/2026-09-11/1225556726.PDF
德康农牧,02419,2026-01,104.236,96.889,,,12.74,16.5426,2026-02-09,https://www1.hkexnews.hk/listedco/listconews/sehk/2026/0209/2026020900723_c.pdf
德康农牧,02419,2026-02,,75.929,,,11.51,11.5651,2026-03-09,https://www1.hkexnews.hk/listedco/listconews/sehk/2026/0309/2026030901383_c.pdf
德康农牧,02419,2026-03,,100.586,,,10.06,13.8206,2026-04-09,https://www1.hkexnews.hk/listedco/listconews/sehk/2026/0409/2026040901941_c.pdf
德康农牧,02419,2026-04,,104.671,,,9.22,13.1808,2026-05-08,https://www1.hkexnews.hk/listedco/listconews/sehk/2026/0508/2026050801301_c.pdf
德康农牧,02419,2026-05,,109.856,,,9.42,13.8486,2026-06-09,https://www1.hkexnews.hk/listedco/listconews/sehk/2026/0609/2026060900777_c.pdf
德康农牧,02419,2026-06,,102.989,,,9.63,13.0164,2026-07-16,https://www1.hkexnews.hk/listedco/listconews/sehk/2026/0716/2026071601022_c.pdf
德康农牧,02419,2026-07,,91.869,,,10.44,12.3774,2026-08-10,https://www1.hkexnews.hk/listedco/listconews/sehk/2026/0810/2026081001015_c.pdf
德康农牧,02419,2026-08,,93.503,,,10.94,13.2546,2026-09-09,https://www1.hkexnews.hk/listedco/listconews/sehk/2026/0909/2026090900361_c.pdf
中粮家佳康,01610,2026-01/02,,97.0,,,12.02,,2026-03-06,https://www1.hkexnews.hk/listedco/listconews/sehk/2026/0306/2026030601224_c.pdf
中粮家佳康,01610,2026-03,,55.0,,,9.57,,2026-04-09,https://www1.hkexnews.hk/listedco/listconews/sehk/2026/0409/2026040901015_c.pdf
中粮家佳康,01610,2026-04,,53.6,,,9.37,,2026-05-11,https://www1.hkexnews.hk/listedco/listconews/sehk/2026/0511/2026051101105_c.pdf
中粮家佳康,01610,2026-05,,55.9,,,9.6,,2026-06-09,https://www1.hkexnews.hk/listedco/listconews/sehk/2026/0609/2026060900419_c.pdf
中粮家佳康,01610,2026-06,,52.5,,,9.46,,2026-07-10,https://www1.hkexnews.hk/listedco/listconews/sehk/2026/0710/2026071000565_c.pdf
中粮家佳康,01610,2026-07,,51.7,,,10.59,,2026-08-10,https://www1.hkexnews.hk/listedco/listconews/sehk/2026/0810/2026081001155_c.pdf
