date,book_date,close,shares_out,parent_equity_yi,bvps,pb,factor,close_hfq,bvps_adj,dln_pb,dln_price_adj,dln_bvps_adj
2021-06-30,2021-06-30,40.94,177338000.0,31.176776914,17.58042659441293,2.3287261989996733,1.424523693209575,58.32,25.04373422047294,,,
2021-12-31,2021-12-31,38.58,177338000.0,30.9747854395,17.466524625009868,2.2087965882324574,1.4258683255572835,55.01,24.90496422036788,-0.05287358536904263,-0.05843010081303568,-0.00555651544399316
2022-12-30,2022-12-31,28.72,212805600.0,31.049227895799998,14.590418624227933,1.96841507702249,1.72458217270195,49.53,25.162375851602004,-0.11521914749548579,-0.10493644028722082,0.010282707208265407
2023-09-28,2023-09-30,22.89,212805600.0,26.8928515869,12.637285666777567,1.8113066843282664,1.7361293141109655,39.74,21.939962096886873,-0.08318017965376001,-0.22022030947647542,-0.13704012982271552
2023-12-29,2023-12-31,24.14,257784001.0,34.9984427061,13.576654319249238,1.7780521940353045,1.7332228666114333,41.84,23.531367718201665,-0.01853001772216656,0.05149458263299689,0.07002460035516345
2024-12-31,2024-12-31,15.82,254924001.0,33.8578324187,13.281539708259952,1.1911269587336586,1.7610619469026547,27.86,23.38961417649319,-0.40061860901135704,-0.40666085140500785,-0.00604224239365081
2025-06-30,2025-06-30,15.56,254924001.0,33.8891193715,13.293812759317237,1.1704693214589215,1.7622107969151672,27.42,23.426500376637446,-0.017495085294092744,-0.015919294217491498,0.0015757910766014405
2025-12-31,2025-12-31,14.57,254924001.0,32.2525933825,12.651846533077126,1.1516105543888817,1.7680164722031573,25.76,22.368673074266766,-0.01624335313874986,-0.06244977289801534,-0.04620641975926576
2026-06-30,2026-06-30,10.86,254924001.0,27.559567680100002,10.810895628497532,1.004542118728168,1.7974217311233887,19.52,19.43173873556831,-0.13662961025528694,-0.2773833202512064,-0.14075370999591907
2026-10-09,2026-06-30,14.94,254924001.0,27.559567680100002,10.810895628497532,1.3819391578083637,1.7630208333333333,26.339531249999997,19.05983422003341,0.31895586519888186,0.29963131904427254,-0.019324546154609212
