cycle,path,avg_national,cost,avg_ni_yi,cum_ni_yi,avg_roe,bvps_end,min_bvps
含一个18元高点年,11.0/12.5/14.0/18.0,13.873475,13.5,2.420428923978156,9.681715695912624,0.07772656044664387,14.114467180766722,8.610025391947364
含一个18元高点年,11.0/12.5/14.0/18.0,13.873475,12.9,3.5133889239781557,14.053555695912623,0.10542414432902701,15.8294253576549,9.258821416405578
含一个18元高点年,11.0/12.5/14.0/18.0,13.873475,12.5,4.242028923978157,16.968115695912626,0.1219551832899463,16.97273080891369,9.544647779220274
无高点,11.0/12.5/14.0/16.0,13.373475,13.5,1.339876685841059,5.359506743364236,0.04623580317016296,12.418977962178637,8.610025391947364
无高点,11.0/12.5/14.0/16.0,13.373475,12.9,2.4328366858410577,9.731346743364231,0.07806279967308927,14.13393613906681,9.258821416405578
无高点,11.0/12.5/14.0/16.0,13.373475,12.5,3.161476685841059,12.645906743364236,0.09691121680647836,15.2772415903256,9.544647779220274
低迷延长,11.0/11.0/12.5/14.0,12.123475,13.5,-1.3615039095016859,-5.4460156380067435,-0.057748491930728514,8.180254915708412,7.123523239886823
低迷延长,11.0/11.0/12.5/14.0,12.123475,12.9,-0.26854390950168694,-1.0741756380067478,-0.010423885842798119,9.89521309259659,8.201058808567081
低迷延长,11.0/11.0/12.5/14.0,12.123475,12.5,0.4600960904983138,1.8403843619932552,0.016903091832715794,11.038518543855375,8.772711534196475
