period,national_zw,gd_zw,national_nx,gd_wind,dr_export,dr_domestic,dr_blended,export_share_w,export_kg_wan,commodity_kg_wan,gd_minus_nat,dom_minus_gd_zw,dom_minus_gd_zw_w,blended_minus_nat_zw_w,dom_minus_gd_wind,dom_minus_nat_zw,dom_minus_nat_nx,exp_minus_dom,export_contrib,blended_minus_nat_zw,blended_minus_nat_nx,commission_per_export_kg,exp_minus_dom_net,national_zw_w,gd_zw_w,commission_basis
2018,12.8924,13.7758,12.7612,13.7900,16.1700,13.0600,15.3600,0.7325,1953.2400,2666.5500,0.8834,-0.7158,,,-0.7300,0.1676,0.2988,3.1100,2.3000,2.4676,2.5988,1.2267,1.8833,,,
2019,21.3102,23.6942,22.3032,23.5200,32.9800,20.5800,28.4500,0.7453,1860.0300,2495.7700,2.3840,-3.1142,,,-2.9400,-0.7302,-1.7232,12.4000,7.8700,7.1398,6.1468,1.4408,10.9592,,,
2020,34.1048,36.8500,34.3535,36.8600,45.9600,36.6600,43.8800,0.8176,1996.1300,2441.3500,2.7452,-0.1900,,,-0.2000,2.5552,2.3065,9.3000,7.2200,9.7752,9.5265,2.3079,6.9921,,,
2021,20.1748,21.6214,20.4062,21.7400,29.1500,19.9800,27.7700,0.8075,2298.9900,2847.1000,1.4466,-1.6414,,,-1.7600,-0.1948,-0.4262,9.1700,7.7900,7.5952,7.3638,2.0180,7.1520,,,
2022,18.8292,20.2235,18.9138,19.9200,25.9000,20.5000,23.6800,0.5998,2644.7500,4409.6200,1.3943,0.2765,-0.0435,4.4641,0.5800,1.6708,1.5862,5.4000,3.1800,4.8508,4.7662,2.1679,3.2321,19.2159,20.5435,
2023Q1,15.3204,15.9504,15.2627,15.4200,18.6800,14.4000,16.7700,0.5538,806.2500,1455.7900,0.6300,-1.5504,-1.5001,1.4715,-1.0200,-0.9204,-0.8627,4.2800,2.3700,1.4496,1.5073,,4.2800,15.2985,15.9001,
2023,15.1233,15.8529,15.0879,,,,17.1300,,,,0.7296,,,1.9727,,,,4.0000,,2.0067,2.0421,1.5784,2.4216,15.1573,15.8656,出口23.00万头×120公斤（假设）
2024,16.9559,17.5462,16.8616,,,,18.1600,,,,0.5902,,,1.1595,,,,,,1.2041,1.2984,0.7864,,17.0005,17.6244,出口26.23万头×120公斤（假设）
2025,13.9480,14.7512,13.8576,,15.9600,14.1400,14.6600,0.2857,,,0.8032,-0.6112,-0.4511,0.8526,,0.1920,0.2824,1.8200,0.5200,0.7120,0.8024,0.0432,1.7768,13.8074,14.5911,出口25.02万头×120公斤（假设）
2026Q1,11.7640,12.1619,11.5582,,13.6000,11.8600,12.1900,0.1897,,,0.3979,-0.3019,-0.2714,0.4583,,0.0960,0.3018,1.7400,0.3300,0.4260,0.6318,,1.7400,11.7317,12.1314,
2026H1,10.6519,11.1677,10.5200,,,,11.4100,,,,0.5158,,,0.6351,,,,,,0.7581,0.8900,0.0538,,10.7749,11.2717,出口10.26万头×120公斤（假设）
