item,premium_case,dongrui_premium,value
现价隐含2027年全国均价（10倍市盈率）,Issue #2（主模型基准：内销+3%、出口16%×2.5元）,0.8162,13.8720
现价隐含2027年全国均价（10倍市盈率）,回落至非瘟前（2015-12—2018-07均值）,0.1917,14.4964
现价隐含2027年全国均价（10倍市盈率）,维持当前（2026年至今均值）,0.6434,14.0448
现价隐含2027年全国均价（10倍市盈率）,按2022年后月度关系外推至18元,0.7288,13.9594
现价隐含2027年全国均价（10倍市盈率）,恢复历史可比（2022、2024年上涨段均值的平均）,1.0301,13.6580
现价隐含2027年全国均价（10倍市盈率）,进一步扩大（2022年上涨段均值）,1.6571,13.0311
2027年全国18元归母净利润（亿元，成本13.5）,Issue #2（售价溢价7.8%）,1.3983,11.3383
2027年全国18元归母净利润（亿元，成本13.5）,回落至非瘟前（2015-12—2018-07均值）,0.1917,9.1183
2027年全国18元归母净利润（亿元，成本13.5）,维持当前（2026年至今均值）,0.6434,9.9493
2027年全国18元归母净利润（亿元，成本13.5）,按2022年后月度关系外推至18元,0.8553,10.3392
2027年全国18元归母净利润（亿元，成本13.5）,恢复历史可比（2022、2024年上涨段均值的平均）,1.0301,10.6609
2027年全国18元归母净利润（亿元，成本13.5）,进一步扩大（2022年上涨段均值）,1.6571,11.8145
2027年全国18元归母净利润（亿元，成本12.9）,Issue #2（售价溢价7.8%）,1.3983,12.4312
2027年全国18元归母净利润（亿元，成本12.9）,回落至非瘟前（2015-12—2018-07均值）,0.1917,10.2112
2027年全国18元归母净利润（亿元，成本12.9）,维持当前（2026年至今均值）,0.6434,11.0422
2027年全国18元归母净利润（亿元，成本12.9）,按2022年后月度关系外推至18元,0.8553,11.4322
2027年全国18元归母净利润（亿元，成本12.9）,恢复历史可比（2022、2024年上涨段均值的平均）,1.0301,11.7539
2027年全国18元归母净利润（亿元，成本12.9）,进一步扩大（2022年上涨段均值）,1.6571,12.9074
2027年全国18元归母净利润（亿元，成本12.5）,Issue #2（售价溢价7.8%）,1.3983,13.1599
2027年全国18元归母净利润（亿元，成本12.5）,回落至非瘟前（2015-12—2018-07均值）,0.1917,10.9399
2027年全国18元归母净利润（亿元，成本12.5）,维持当前（2026年至今均值）,0.6434,11.7709
2027年全国18元归母净利润（亿元，成本12.5）,按2022年后月度关系外推至18元,0.8553,12.1608
2027年全国18元归母净利润（亿元，成本12.5）,恢复历史可比（2022、2024年上涨段均值的平均）,1.0301,12.4825
2027年全国18元归母净利润（亿元，成本12.5）,进一步扩大（2022年上涨段均值）,1.6571,13.6361
