national,spread_case,gd_spread,domestic_basis,export_case,export_share,export_premium,dongrui_premium,dongrui_premium_ratio,cost_case,cost,hog_profit_yi,premium_profit_yi,premium_share_of_profit,vs_issue2_yi,national_for_ni_10yi
18.0000,回落至非瘟前（2015-12—2018-07均值）,0.2830,-0.3613,出口占比15%、出口溢价1.8元（基准）,0.1500,1.8000,0.1917,0.0107,完全成本12.9（基准）,12.9000,9.7368,0.3528,0.0362,-2.2206,17.8953
18.0000,回落至非瘟前（2015-12—2018-07均值）,0.2830,-0.3613,出口占比15%、出口溢价1.8元（基准）,0.1500,1.8000,0.1917,0.0107,完全成本13.5,13.5000,8.6328,0.3528,0.0409,-2.2206,18.4369
18.0000,回落至非瘟前（2015-12—2018-07均值）,0.2830,-0.3613,出口占比15%、出口溢价1.8元（基准）,0.1500,1.8000,0.1917,0.0107,完全成本12.5（公司目标）,12.5000,10.4728,0.3528,0.0337,-2.2206,17.5343
18.0000,回落至非瘟前（2015-12—2018-07均值）,0.2830,-0.3613,出口占比12%、出口溢价1.1元,0.1200,1.1000,0.0537,0.0030,完全成本12.9（基准）,12.9000,9.4829,0.0989,0.0104,-2.4745,18.0211
18.0000,回落至非瘟前（2015-12—2018-07均值）,0.2830,-0.3613,出口占比12%、出口溢价1.1元,0.1200,1.1000,0.0537,0.0030,完全成本13.5,13.5000,8.3789,0.0989,0.0118,-2.4745,18.5627
18.0000,回落至非瘟前（2015-12—2018-07均值）,0.2830,-0.3613,出口占比12%、出口溢价1.1元,0.1200,1.1000,0.0537,0.0030,完全成本12.5（公司目标）,12.5000,10.2189,0.0989,0.0097,-2.4745,17.6601
18.0000,回落至非瘟前（2015-12—2018-07均值）,0.2830,-0.3613,出口占比20%、出口溢价2.5元,0.2000,2.5000,0.4217,0.0234,完全成本12.9（基准）,12.9000,10.1600,0.7760,0.0764,-1.7974,17.6856
18.0000,回落至非瘟前（2015-12—2018-07均值）,0.2830,-0.3613,出口占比20%、出口溢价2.5元,0.2000,2.5000,0.4217,0.0234,完全成本13.5,13.5000,9.0560,0.7760,0.0857,-1.7974,18.2272
18.0000,回落至非瘟前（2015-12—2018-07均值）,0.2830,-0.3613,出口占比20%、出口溢价2.5元,0.2000,2.5000,0.4217,0.0234,完全成本12.5（公司目标）,12.5000,10.8960,0.7760,0.0712,-1.7974,17.3246
18.0000,维持当前（2026年至今均值）,0.7346,-0.3613,出口占比15%、出口溢价1.8元（基准）,0.1500,1.8000,0.6434,0.0357,完全成本12.9（基准）,12.9000,10.5678,1.1838,0.1120,-1.3896,17.4836
18.0000,维持当前（2026年至今均值）,0.7346,-0.3613,出口占比15%、出口溢价1.8元（基准）,0.1500,1.8000,0.6434,0.0357,完全成本13.5,13.5000,9.4638,1.1838,0.1251,-1.3896,18.0251
18.0000,维持当前（2026年至今均值）,0.7346,-0.3613,出口占比15%、出口溢价1.8元（基准）,0.1500,1.8000,0.6434,0.0357,完全成本12.5（公司目标）,12.5000,11.3038,1.1838,0.1047,-1.3896,17.1225
18.0000,维持当前（2026年至今均值）,0.7346,-0.3613,出口占比12%、出口溢价1.1元,0.1200,1.1000,0.5054,0.0281,完全成本12.9（基准）,12.9000,10.3139,0.9299,0.0902,-1.6436,17.6094
18.0000,维持当前（2026年至今均值）,0.7346,-0.3613,出口占比12%、出口溢价1.1元,0.1200,1.1000,0.5054,0.0281,完全成本13.5,13.5000,9.2099,0.9299,0.1010,-1.6436,18.1510
18.0000,维持当前（2026年至今均值）,0.7346,-0.3613,出口占比12%、出口溢价1.1元,0.1200,1.1000,0.5054,0.0281,完全成本12.5（公司目标）,12.5000,11.0499,0.9299,0.0842,-1.6436,17.2484
18.0000,维持当前（2026年至今均值）,0.7346,-0.3613,出口占比20%、出口溢价2.5元,0.2000,2.5000,0.8734,0.0485,完全成本12.9（基准）,12.9000,10.9910,1.6070,0.1462,-0.9664,17.2739
18.0000,维持当前（2026年至今均值）,0.7346,-0.3613,出口占比20%、出口溢价2.5元,0.2000,2.5000,0.8734,0.0485,完全成本13.5,13.5000,9.8870,1.6070,0.1625,-0.9664,17.8155
18.0000,维持当前（2026年至今均值）,0.7346,-0.3613,出口占比20%、出口溢价2.5元,0.2000,2.5000,0.8734,0.0485,完全成本12.5（公司目标）,12.5000,11.7270,1.6070,0.1370,-0.9664,16.9129
18.0000,按2022年后月度关系外推至18元,0.9466,-0.3613,出口占比15%、出口溢价1.8元（基准）,0.1500,1.8000,0.8553,0.0475,完全成本12.9（基准）,12.9000,10.9578,1.5738,0.1436,-0.9997,17.2903
18.0000,按2022年后月度关系外推至18元,0.9466,-0.3613,出口占比15%、出口溢价1.8元（基准）,0.1500,1.8000,0.8553,0.0475,完全成本13.5,13.5000,9.8538,1.5738,0.1597,-0.9997,17.8319
18.0000,按2022年后月度关系外推至18元,0.9466,-0.3613,出口占比15%、出口溢价1.8元（基准）,0.1500,1.8000,0.8553,0.0475,完全成本12.5（公司目标）,12.5000,11.6938,1.5738,0.1346,-0.9997,16.9293
18.0000,按2022年后月度关系外推至18元,0.9466,-0.3613,出口占比12%、出口溢价1.1元,0.1200,1.1000,0.7173,0.0399,完全成本12.9（基准）,12.9000,10.7038,1.3198,0.1233,-1.2536,17.4162
18.0000,按2022年后月度关系外推至18元,0.9466,-0.3613,出口占比12%、出口溢价1.1元,0.1200,1.1000,0.7173,0.0399,完全成本13.5,13.5000,9.5998,1.3198,0.1375,-1.2536,17.9577
18.0000,按2022年后月度关系外推至18元,0.9466,-0.3613,出口占比12%、出口溢价1.1元,0.1200,1.1000,0.7173,0.0399,完全成本12.5（公司目标）,12.5000,11.4398,1.3198,0.1154,-1.2536,17.0551
18.0000,按2022年后月度关系外推至18元,0.9466,-0.3613,出口占比20%、出口溢价2.5元,0.2000,2.5000,1.0853,0.0603,完全成本12.9（基准）,12.9000,11.3810,1.9970,0.1755,-0.5765,17.0807
18.0000,按2022年后月度关系外推至18元,0.9466,-0.3613,出口占比20%、出口溢价2.5元,0.2000,2.5000,1.0853,0.0603,完全成本13.5,13.5000,10.2770,1.9970,0.1943,-0.5765,17.6222
18.0000,按2022年后月度关系外推至18元,0.9466,-0.3613,出口占比20%、出口溢价2.5元,0.2000,2.5000,1.0853,0.0603,完全成本12.5（公司目标）,12.5000,12.1170,1.9970,0.1648,-0.5765,16.7196
18.0000,恢复历史可比（2022、2024年上涨段均值的平均）,1.1214,-0.3613,出口占比15%、出口溢价1.8元（基准）,0.1500,1.8000,1.0301,0.0572,完全成本12.9（基准）,12.9000,11.2794,1.8954,0.1680,-0.6780,17.1310
18.0000,恢复历史可比（2022、2024年上涨段均值的平均）,1.1214,-0.3613,出口占比15%、出口溢价1.8元（基准）,0.1500,1.8000,1.0301,0.0572,完全成本13.5,13.5000,10.1754,1.8954,0.1863,-0.6780,17.6725
18.0000,恢复历史可比（2022、2024年上涨段均值的平均）,1.1214,-0.3613,出口占比15%、出口溢价1.8元（基准）,0.1500,1.8000,1.0301,0.0572,完全成本12.5（公司目标）,12.5000,12.0154,1.8954,0.1578,-0.6780,16.7699
18.0000,恢复历史可比（2022、2024年上涨段均值的平均）,1.1214,-0.3613,出口占比12%、出口溢价1.1元,0.1200,1.1000,0.8921,0.0496,完全成本12.9（基准）,12.9000,11.0255,1.6415,0.1489,-0.9319,17.2568
18.0000,恢复历史可比（2022、2024年上涨段均值的平均）,1.1214,-0.3613,出口占比12%、出口溢价1.1元,0.1200,1.1000,0.8921,0.0496,完全成本13.5,13.5000,9.9215,1.6415,0.1655,-0.9319,17.7983
18.0000,恢复历史可比（2022、2024年上涨段均值的平均）,1.1214,-0.3613,出口占比12%、出口溢价1.1元,0.1200,1.1000,0.8921,0.0496,完全成本12.5（公司目标）,12.5000,11.7615,1.6415,0.1396,-0.9319,16.8957
18.0000,恢复历史可比（2022、2024年上涨段均值的平均）,1.1214,-0.3613,出口占比20%、出口溢价2.5元,0.2000,2.5000,1.2601,0.0700,完全成本12.9（基准）,12.9000,11.7026,2.3186,0.1981,-0.2548,16.9213
18.0000,恢复历史可比（2022、2024年上涨段均值的平均）,1.1214,-0.3613,出口占比20%、出口溢价2.5元,0.2000,2.5000,1.2601,0.0700,完全成本13.5,13.5000,10.5986,2.3186,0.2188,-0.2548,17.4628
18.0000,恢复历史可比（2022、2024年上涨段均值的平均）,1.1214,-0.3613,出口占比20%、出口溢价2.5元,0.2000,2.5000,1.2601,0.0700,完全成本12.5（公司目标）,12.5000,12.4386,2.3186,0.1864,-0.2548,16.5602
18.0000,进一步扩大（2022年上涨段均值）,1.7483,-0.3613,出口占比15%、出口溢价1.8元（基准）,0.1500,1.8000,1.6571,0.0921,完全成本12.9（基准）,12.9000,12.4330,3.0490,0.2452,0.4756,16.5594
18.0000,进一步扩大（2022年上涨段均值）,1.7483,-0.3613,出口占比15%、出口溢价1.8元（基准）,0.1500,1.8000,1.6571,0.0921,完全成本13.5,13.5000,11.3290,3.0490,0.2691,0.4756,17.1009
18.0000,进一步扩大（2022年上涨段均值）,1.7483,-0.3613,出口占比15%、出口溢价1.8元（基准）,0.1500,1.8000,1.6571,0.0921,完全成本12.5（公司目标）,12.5000,13.1690,3.0490,0.2315,0.4756,16.1983
18.0000,进一步扩大（2022年上涨段均值）,1.7483,-0.3613,出口占比12%、出口溢价1.1元,0.1200,1.1000,1.5191,0.0844,完全成本12.9（基准）,12.9000,12.1791,2.7951,0.2295,0.2217,16.6852
18.0000,进一步扩大（2022年上涨段均值）,1.7483,-0.3613,出口占比12%、出口溢价1.1元,0.1200,1.1000,1.5191,0.0844,完全成本13.5,13.5000,11.0751,2.7951,0.2524,0.2217,17.2268
18.0000,进一步扩大（2022年上涨段均值）,1.7483,-0.3613,出口占比12%、出口溢价1.1元,0.1200,1.1000,1.5191,0.0844,完全成本12.5（公司目标）,12.5000,12.9151,2.7951,0.2164,0.2217,16.3242
18.0000,进一步扩大（2022年上涨段均值）,1.7483,-0.3613,出口占比20%、出口溢价2.5元,0.2000,2.5000,1.8871,0.1048,完全成本12.9（基准）,12.9000,12.8562,3.4722,0.2701,0.8988,16.3497
18.0000,进一步扩大（2022年上涨段均值）,1.7483,-0.3613,出口占比20%、出口溢价2.5元,0.2000,2.5000,1.8871,0.1048,完全成本13.5,13.5000,11.7522,3.4722,0.2955,0.8988,16.8912
18.0000,进一步扩大（2022年上涨段均值）,1.7483,-0.3613,出口占比20%、出口溢价2.5元,0.2000,2.5000,1.8871,0.1048,完全成本12.5（公司目标）,12.5000,13.5922,3.4722,0.2555,0.8988,15.9886
18.0000,Issue #2口径：售价溢价7.8%（2026年1—8月实际比例）×18,,,,,,1.3986,0.0777,完全成本12.9（基准）,12.9000,11.9574,2.5734,0.2152,0.0000,16.8750
18.0000,Issue #2口径：售价溢价7.8%（2026年1—8月实际比例）×18,,,,,,1.3986,0.0777,完全成本13.5,13.5000,10.8534,2.5734,0.2371,0.0000,17.3807
18.0000,Issue #2口径：售价溢价7.8%（2026年1—8月实际比例）×18,,,,,,1.3986,0.0777,完全成本12.5（公司目标）,12.5000,12.6934,2.5734,0.2027,0.0000,16.5378
18.0000,主模型基准：内销+3%、出口占比16%×出口溢价2.5元,,,,,,0.9400,0.0522,完全成本12.9（基准）,12.9000,11.1136,1.7296,0.1556,-0.8438,17.2131
18.0000,主模型基准：内销+3%、出口占比16%×出口溢价2.5元,,,,,,0.9400,0.0522,完全成本13.5,13.5000,10.0096,1.7296,0.1728,-0.8438,17.7547
18.0000,主模型基准：内销+3%、出口占比16%×出口溢价2.5元,,,,,,0.9400,0.0522,完全成本12.5（公司目标）,12.5000,11.8496,1.7296,0.1460,-0.8438,16.8521
18.0000,无溢价,,,,,,0.0000,0.0000,完全成本12.9（基准）,12.9000,9.3840,0.0000,0.0000,-2.5734,18.0701
18.0000,无溢价,,,,,,0.0000,0.0000,完全成本13.5,13.5000,8.2800,0.0000,0.0000,-2.5734,18.6117
18.0000,无溢价,,,,,,0.0000,0.0000,完全成本12.5（公司目标）,12.5000,10.1200,0.0000,0.0000,-2.5734,17.7091
