check,months,first,last,mean_gap,mean_abs_gap,corr
中国养猪网全国 vs 新牧网全国,130,2015-12,2026-09,-0.0774,0.2953,0.9974
中国养猪网全国 vs 农业农村部集贸价,124,2016-01,2026-09,-0.1845,0.3317,0.9988
中国养猪网全国 vs 统计局旬价,60,2018-01,2022-12,-0.0513,0.5677,0.9962
中国养猪网广东 vs 新牧网广东,22,2025-01,2026-10,0.1296,0.1765,0.9937
中国养猪网广东 vs 广东官方养殖场出栏价,42,2022-01,2025-07,-0.2914,0.3406,0.9976
中国养猪网广东 vs 广东屠宰企业收购价,69,2020-12,2026-08,-0.9575,0.9824,0.9960
中国养猪网广东 vs Wind广东年均价 2018,12,2018,2018,-0.0142,0.0142,
中国养猪网广东 vs Wind广东年均价 2019,12,2019,2019,0.1742,0.1742,
中国养猪网广东 vs Wind广东年均价 2020,12,2020,2020,-0.0100,0.0100,
中国养猪网广东 vs Wind广东年均价 2021,12,2021,2021,-0.1186,0.1186,
中国养猪网广东 vs Wind广东年均价 2022,12,2022,2022,0.3035,0.3035,
中国养猪网广东 vs 广东调查总队大县出栏均价 2026-04,1,2026-04,2026-04,-0.0100,0.0100,
中国养猪网广东 vs 广东调查总队大县出栏均价 2026-05,1,2026-05,2026-05,0.1775,0.1775,
中国养猪网广东 vs 广东调查总队大县出栏均价 2026-06,1,2026-06,2026-06,0.2367,0.2367,
