year,combo,months,spread_mean,spread_max_month,months_gt2
2016,中国养猪网广东−中国养猪网全国（同源，本文主口径）,12,0.2462,0.7309,0
2016,中国养猪网广东−新牧网全国,12,0.3801,0.9209,0
2016,新牧网华南−新牧网全国（区域代理）,12,0.2438,0.7840,0
2017,中国养猪网广东−中国养猪网全国（同源，本文主口径）,12,0.2762,0.9190,0
2017,中国养猪网广东−新牧网全国,12,0.4013,0.9469,0
2017,新牧网华南−新牧网全国（区域代理）,12,0.1305,0.4720,0
2018,中国养猪网广东−中国养猪网全国（同源，本文主口径）,12,0.8742,2.4642,2
2018,中国养猪网广东−新牧网全国,12,1.0215,2.6317,2
2018,新牧网华南−新牧网全国（区域代理）,12,0.8039,2.5725,1
2019,中国养猪网广东−中国养猪网全国（同源，本文主口径）,12,2.3284,5.7606,6
2019,中国养猪网广东−新牧网全国,12,1.2491,3.8656,5
2019,新牧网华南−新牧网全国（区域代理）,12,1.1569,3.4033,5
2020,中国养猪网广东−中国养猪网全国（同源，本文主口径）,12,2.7700,6.3157,9
2020,中国养猪网广东−新牧网全国,12,2.4510,4.8346,8
2020,新牧网华南−新牧网全国（区域代理）,12,2.2230,4.8233,6
2021,中国养猪网广东−中国养猪网全国（同源，本文主口径）,12,1.4561,2.6065,3
2021,中国养猪网广东−新牧网全国,12,1.2144,1.9680,0
2021,新牧网华南−新牧网全国（区域代理）,12,1.3763,2.8150,2
2021,广东屠宰企业收购价−新牧网全国,12,2.3045,3.1975,10
2021,广东屠宰企业收购价−农业农村部集贸价,12,2.2090,2.7580,9
2021,广东屠宰企业收购价−统计局旬价,12,2.9026,4.9833,12
2022,中国养猪网广东−中国养猪网全国（同源，本文主口径）,12,1.3880,2.3462,3
2022,中国养猪网广东−新牧网全国,12,1.5690,2.3020,3
2022,新牧网华南−新牧网全国（区域代理）,12,1.0972,1.8440,0
2022,广东官方养殖场出栏价−新牧网全国,12,1.6691,2.2650,3
2022,广东官方养殖场出栏价−农业农村部集贸价,12,1.3042,2.3225,2
2022,广东屠宰企业收购价−新牧网全国,12,2.0424,2.6167,9
2022,广东屠宰企业收购价−农业农村部集贸价,12,1.6775,2.5825,2
2022,广东屠宰企业收购价−统计局旬价,12,2.1617,2.9500,7
2023,中国养猪网广东−中国养猪网全国（同源，本文主口径）,12,0.7273,1.0035,0
2023,中国养猪网广东−新牧网全国,12,0.7173,1.0638,0
2023,新牧网华南−新牧网全国（区域代理）,12,0.6662,0.9620,0
2023,广东官方养殖场出栏价−新牧网全国,12,1.0339,1.3100,0
2023,广东官方养殖场出栏价−农业农村部集贸价,12,0.7825,1.3100,0
2023,广东屠宰企业收购价−新牧网全国,12,1.4814,1.8400,0
2023,广东屠宰企业收购价−农业农村部集贸价,12,1.2300,1.5925,0
2024,中国养猪网广东−中国养猪网全国（同源，本文主口径）,12,0.5914,1.1226,0
2024,中国养猪网广东−新牧网全国,12,0.7649,1.1787,0
2024,新牧网华南−新牧网全国（区域代理）,12,0.6398,1.2975,0
2024,广东官方养殖场出栏价−新牧网全国,11,1.1130,1.5700,0
2024,广东官方养殖场出栏价−农业农村部集贸价,11,0.8025,1.1720,0
2024,广东屠宰企业收购价−新牧网全国,12,1.4172,2.0900,1
2024,广东屠宰企业收购价−农业农村部集贸价,12,1.1018,1.5300,0
2025,中国养猪网广东−中国养猪网全国（同源，本文主口径）,12,0.8046,1.4327,0
2025,中国养猪网广东−新牧网全国,12,0.8781,1.3363,0
2025,新牧网广东−新牧网全国（2025年起）,12,0.7539,1.4535,0
2025,新牧网华南−新牧网全国（区域代理）,12,0.7171,1.4050,0
2025,广东官方养殖场出栏价−新牧网全国,7,1.4048,1.7325,0
2025,广东官方养殖场出栏价−农业农村部集贸价,7,0.9326,1.6280,0
2025,广东屠宰企业收购价−新牧网全国,12,2.1956,2.7600,9
2025,广东屠宰企业收购价−农业农村部集贸价,12,1.6094,2.3700,2
2026,中国养猪网广东−中国养猪网全国（同源，本文主口径）,10,0.7772,1.3930,0
2026,中国养猪网广东−新牧网全国,9,0.6705,1.3269,0
2026,新牧网广东−新牧网全国（2025年起）,9,0.5106,1.4696,0
2026,新牧网华南−新牧网全国（区域代理）,9,0.6215,1.4250,0
2026,广东屠宰企业收购价−新牧网全国,8,2.2791,2.5725,6
2026,广东屠宰企业收购价−农业农村部集贸价,8,1.7154,2.2100,3
2022年上涨段,中国养猪网广东−中国养猪网全国（同源，本文主口径）,7,1.7837,2.3462,3
2022年上涨段,中国养猪网广东−新牧网全国,7,1.8581,2.3020,3
2022年上涨段,新牧网华南−新牧网全国（区域代理）,7,1.3838,1.8440,0
2022年上涨段,广东官方养殖场出栏价−新牧网全国,7,1.7193,2.2650,2
2022年上涨段,广东官方养殖场出栏价−农业农村部集贸价,7,1.6765,2.3225,2
2022年上涨段,广东屠宰企业收购价−新牧网全国,7,2.0107,2.4520,5
2022年上涨段,广东屠宰企业收购价−农业农村部集贸价,7,1.9679,2.5825,2
2022年上涨段,广东屠宰企业收购价−统计局旬价,7,1.8776,2.5133,2
2024年上涨段,中国养猪网广东−中国养猪网全国（同源，本文主口径）,7,0.5443,1.1226,0
2024年上涨段,中国养猪网广东−新牧网全国,7,0.7932,1.1787,0
2024年上涨段,新牧网华南−新牧网全国（区域代理）,7,0.6357,1.2975,0
2024年上涨段,广东官方养殖场出栏价−新牧网全国,7,1.0565,1.3450,0
2024年上涨段,广东官方养殖场出栏价−农业农村部集贸价,7,0.8830,1.1720,0
2024年上涨段,广东屠宰企业收购价−新牧网全国,7,1.2593,1.5250,0
2024年上涨段,广东屠宰企业收购价−农业农村部集贸价,7,1.0859,1.3900,0
