channel,extra_share_of_national,price_level,flex_lo,flex_mid,flex_hi,price_impact_pct_lo,price_impact_pct_mid,price_impact_pct_hi,price_impact_yuan_lo,price_impact_yuan_mid,price_impact_yuan_hi,note
能繁母猪：四川自2025Q3起与全国其余地区同步,0.003951824065138506,12.5,2.0,5.0,9.0,0.007903648130277012,0.01975912032569253,0.035566416586246555,0.09879560162846265,0.24698900407115665,0.44458020732808196,影响约 10 个月后的出栏，即 2027 年
能繁母猪：四川自2025Q3起与全国其余地区同步,0.003951824065138506,14.0,2.0,5.0,9.0,0.007903648130277012,0.01975912032569253,0.035566416586246555,0.11065107382387818,0.27662768455969544,0.4979298322074518,影响约 10 个月后的出栏，即 2027 年
能繁母猪：四川自2025Q3起与全国其余地区同步,0.003951824065138506,18.0,2.0,5.0,9.0,0.007903648130277012,0.01975912032569253,0.035566416586246555,0.14226566634498622,0.3556641658624655,0.640195498552438,影响约 10 个月后的出栏，即 2027 年
能繁母猪：四川同比与全国其余地区同步,0.004525889642446729,12.5,2.0,5.0,9.0,0.009051779284893457,0.022629448212233644,0.040733006782020555,0.11314724106116822,0.28286810265292056,0.509162584775257,同上
能繁母猪：四川同比与全国其余地区同步,0.004525889642446729,14.0,2.0,5.0,9.0,0.009051779284893457,0.022629448212233644,0.040733006782020555,0.1267249099885084,0.316812274971271,0.5702620949482878,同上
能繁母猪：四川同比与全国其余地区同步,0.004525889642446729,18.0,2.0,5.0,9.0,0.009051779284893457,0.022629448212233644,0.040733006782020555,0.16293202712808222,0.40733006782020553,0.73319412207637,同上
能繁母猪：四川和广东同比与全国其余地区同步,0.008455439055248867,12.5,2.0,5.0,9.0,0.016910878110497733,0.042277195276244336,0.0760989514972398,0.21138597638122167,0.5284649409530542,0.9512368937154975,广东 2026Q2 206.51 万头、同比 -0.8%（A）；两省合计多保留 32.0 万头
能繁母猪：四川和广东同比与全国其余地区同步,0.008455439055248867,14.0,2.0,5.0,9.0,0.016910878110497733,0.042277195276244336,0.0760989514972398,0.23675229354696825,0.5918807338674206,1.065385320961357,广东 2026Q2 206.51 万头、同比 -0.8%（A）；两省合计多保留 32.0 万头
能繁母猪：四川和广东同比与全国其余地区同步,0.008455439055248867,18.0,2.0,5.0,9.0,0.016910878110497733,0.042277195276244336,0.0760989514972398,0.3043958059889592,0.760989514972398,1.3697811269503164,广东 2026Q2 206.51 万头、同比 -0.8%（A）；两省合计多保留 32.0 万头
生猪存栏：四川同比与全国其余地区同步,0.00942321335874458,12.5,2.0,5.0,9.0,0.01884642671748916,0.047116066793722905,0.08480892022870122,0.23558033396861452,0.5889508349215363,1.0601115028587653,影响 2026 年下半年至 2027 年初的出栏；四川二季度存栏环比 +7.7% 异常，待三季度数据核实
生猪存栏：四川同比与全国其余地区同步,0.00942321335874458,14.0,2.0,5.0,9.0,0.01884642671748916,0.047116066793722905,0.08480892022870122,0.2638499740448483,0.6596249351121207,1.1873248832018173,影响 2026 年下半年至 2027 年初的出栏；四川二季度存栏环比 +7.7% 异常，待三季度数据核实
生猪存栏：四川同比与全国其余地区同步,0.00942321335874458,18.0,2.0,5.0,9.0,0.01884642671748916,0.047116066793722905,0.08480892022870122,0.3392356809148049,0.8480892022870122,1.526560564116622,影响 2026 年下半年至 2027 年初的出栏；四川二季度存栏环比 +7.7% 异常，待三季度数据核实
