quarter,ttm_slaughter_wan,sows_4q_earlier_wan,sows_avg_q7_to_q4_wan,heads_per_sow_12m_lag,heads_per_sow_breeding_window,carcass_wt_kg_est,carcass_wt_kg_est_4q_earlier,heads_per_sow_12m_lag_yoy,heads_per_sow_breeding_window_yoy,carcass_wt_yoy
2022Q1,69551.0,,,,,79.78,79.86,,,-0.0010017530678687603
2022Q2,69973.0,4564.0,,15.33150744960561,,80.96,81.09,,,-0.0016031569860649464
2022Q3,69965.0,,,,,78.42,77.79,,,0.008098727342846113
2022Q4,69995.0,4329.0,,16.16886116886117,,77.43,76.89,,,0.00702301989855636
2023Q1,70328.0,4185.0,,16.804778972520907,,79.9,79.78,,,0.0015041363750314396
2023Q2,70956.0,4277.0,,16.590133270984335,,81.7,80.96,0.0820940684088507,,0.009140316205533683
2023Q3,71688.0,4362.0,4288.25,16.434662998624486,16.71730892555238,78.45,78.42,,,0.00038255547054322214
2023Q4,72662.0,4390.0,4303.5,16.551708428246013,16.88439642151737,78.83,77.43,0.023678059659646866,,0.018080847216841
2024Q1,72218.0,4305.0,4333.5,16.775377468060395,16.66505134417907,81.37,79.9,-0.0017495918576846403,,0.0183979974968711
2024Q2,71509.0,4296.0,4338.25,16.64548417132216,16.483374632628365,82.53,81.7,0.003336374665213304,,0.01015911872705022
2024Q3,70969.0,4240.0,4307.75,16.737971698113206,16.474725784922523,80.52,78.45,0.018455425554762206,-0.014510896562967113,0.026386233269598325
2024Q4,70256.0,4142.0,4245.75,16.96185417672622,16.547370900312078,80.43,78.83,0.024779662489720966,-0.019960768083826075,0.020296841304072055
2025Q1,70277.0,3992.0,4167.5,17.60445891783567,16.863107378524294,82.26,81.37,0.04942252127284852,0.01188451390006695,0.010937692024087564
2025Q2,70480.0,4038.0,4103.0,17.454185240217928,17.177674872044847,82.72,82.53,0.04858381171567516,0.042121243670706576,0.0023021931418878427
2025Q3,71218.0,4062.0,4058.5,17.532742491383555,17.547862510779844,82.33,80.52,0.04748310055751492,0.065138366481307,0.022478887232985523
2025Q4,71973.0,4078.0,4042.5,17.64909269249632,17.804081632653062,82.71,80.43,0.04051670935321905,0.07594624789109439,0.02834763148079067
2026Q1,72523.0,4039.0,4054.25,17.955682099529586,17.88814207313313,83.34,82.26,0.019950808106807383,0.06078563526875547,0.013129102844638973
2026Q2,72600.0,4043.0,4055.5,17.956962651496415,17.90161509061768,84.2,82.72,0.02880555032268073,0.04214424967088992,0.017891682785299956
