author,uid,post_id,date,kind,topic,chars,full_text,hog,core,reposted_author,url,edited
我不帅你报警,4069897501,383397272,2026-04-10 17:32,带图帖,不知道该怎么说有些猪企，吃香喝辣没赶上，挨棒赶个…,465,全文,1,0,,https://xueqiu.com/4069897501/383397272,
我不帅你报警,4069897501,383615010,2026-04-13 11:48,普通帖,有人问26年猪肉拉过涨停的票有哪些? 目前应该是…,183,全文,1,0,,https://xueqiu.com/4069897501/383615010,
我不帅你报警,4069897501,384749983,2026-04-20 16:14,专栏,猪周期究竟变成了多少年？自己的一些思考,925,全文,1,1,,https://xueqiu.com/4069897501/384749983,2026-04-23 12:16
我不帅你报警,4069897501,384971767,2026-04-21 18:38,转发或评论,亏损控制在13亿元内，扣非净利润亏11亿出头，比…,354,全文,1,0,牧原股份(SZ002714),https://xueqiu.com/4069897501/384971767,2026-04-21 19:22
我不帅你报警,4069897501,385423821,2026-04-23 18:05,带图帖,当前的猪肉股处于一种过渡阶段，热度被前段超低猪价…,488,全文,1,0,,https://xueqiu.com/4069897501/385423821,2026-04-23 18:28
我不帅你报警,4069897501,386021334,2026-04-27 16:19,长文,神农集团2026年一季报分析,1399,全文,1,1,,https://xueqiu.com/4069897501/386021334,2026-04-27 21:19
我不帅你报警,4069897501,386059271,2026-04-27 18:54,转发或评论,刀刀还是回期货圈吧，你适合当赌徒[图] 神农25…,97,全文,1,0,其他用户,https://xueqiu.com/4069897501/386059271,
我不帅你报警,4069897501,386207920,2026-04-28 11:05,专栏,生猪三杰对比分析(牧原，神农，东瑞),117,全文,1,0,,https://xueqiu.com/4069897501/386207920,
我不帅你报警,4069897501,386341404,2026-04-28 19:53,原帖（经转发获取）,多家猪企在2025年四季度已计提过大额减值，26…,89,全文,1,0,,https://xueqiu.com/4069897501/386341404,
我不帅你报警,4069897501,386403788,2026-04-28 23:32,转发或评论,讲个故事哈，纯粹当我在瞎扯: 你在公司里本职工作…,201,全文,1,0,我不帅你报警,https://xueqiu.com/4069897501/386403788,2026-04-28 23:34
我不帅你报警,4069897501,386552040,2026-04-29 15:09,专栏,三问巨星农牧,640,全文,1,1,,https://xueqiu.com/4069897501/386552040,
我不帅你报警,4069897501,386854716,2026-04-30 16:32,转发或评论,转次上期的猪企全家福系列，最近换了券商，可能是属…,158,全文,1,0,我不帅你报警,https://xueqiu.com/4069897501/386854716,
我不帅你报警,4069897501,388934063,2026-05-14 21:05,普通帖,官方正式下调能繁母猪基准至3750万头，符合你的…,95,全文,1,0,,https://xueqiu.com/4069897501/388934063,
我不帅你报警,4069897501,389474411,2026-05-18 14:50,普通帖,当前情况下，猪企财务风险定价应该走在产能去化之前…,119,全文,1,0,,https://xueqiu.com/4069897501/389474411,2026-05-18 14:58
我不帅你报警,4069897501,389699344,2026-05-19 15:11,专栏,生猪养殖板块政策底已现,275,全文,1,1,,https://xueqiu.com/4069897501/389699344,2026-05-19 15:11
我不帅你报警,4069897501,390393099,2026-05-22 13:52,转发或评论,又到了该说那句话的时候，看好牧原的投资价值。 猪…,314,全文,1,0,我不帅你报警,https://xueqiu.com/4069897501/390393099,2026-05-22 15:30
我不帅你报警,4069897501,390565786,2026-05-23 14:57,带图帖,当前这个阶段，买猪肉股大概率是能够赚到钱的，几个…,543,全文,1,0,,https://xueqiu.com/4069897501/390565786,2026-05-23 21:41
我不帅你报警,4069897501,390839902,2026-05-25 19:37,普通帖,猪肉指数都走成这个样了(实际上更惨)，还有人在那…,172,全文,1,0,,https://xueqiu.com/4069897501/390839902,2026-05-25 19:43
我不帅你报警,4069897501,391030598,2026-05-26 16:54,转发或评论,划定周期的标准应该清晰且经得推敲，不只是两低一高…,589,全文,1,0,我不帅你报警,https://xueqiu.com/4069897501/391030598,2026-05-26 16:58
我不帅你报警,4069897501,391263567,2026-05-27 15:36,转发或评论,你还是基于数据的，这点不错，拿2703来说: 1…,437,全文,1,0,我不帅你报警,https://xueqiu.com/4069897501/391263567,
我不帅你报警,4069897501,392127498,2026-06-01 14:33,带图帖,三点预判: 1.猪肉股已临近底部区域，政策底后的…,290,全文,1,0,,https://xueqiu.com/4069897501/392127498,2026-06-01 14:44
我不帅你报警,4069897501,392179573,2026-06-01 18:14,转发或评论,市场里有群人盯着淘汰母猪折价率来判断能繁是否加速…,218,全文,1,0,我不帅你报警,https://xueqiu.com/4069897501/392179573,2026-06-01 18:21
我不帅你报警,4069897501,392862462,2026-06-04 15:05,普通帖,说你是猪圈里的搅屎棍应该不为过，个人持有的主力猪…,138,全文,1,0,,https://xueqiu.com/4069897501/392862462,2026-06-04 15:20
我不帅你报警,4069897501,392913199,2026-06-04 19:03,带图帖,下午和兔哥一起交流了下，说雪球里很多人喊30块的…,862,全文,1,1,,https://xueqiu.com/4069897501/392913199,2026-06-04 20:21
我不帅你报警,4069897501,393216601,2026-06-06 07:01,转发或评论,但凡是个理性且有独立思考的人，可以不看好，但不应…,976,全文,1,0,我不帅你报警,https://xueqiu.com/4069897501/393216601,2026-06-07 21:17
我不帅你报警,4069897501,393276713,2026-06-06 19:23,转发或评论,从周期前瞻性来看。猪肉核心看供给，供给有三大驱动…,629,全文,1,0,我不帅你报警,https://xueqiu.com/4069897501/393276713,2026-06-06 19:27
我不帅你报警,4069897501,393478909,2026-06-08 14:01,转发或评论,看好牧原的投资价值，情绪有多发泄，后续就有多暴力…,261,全文,1,0,我不帅你报警,https://xueqiu.com/4069897501/393478909,2026-06-08 15:03
我不帅你报警,4069897501,393514109,2026-06-08 16:08,普通帖,创下上市16年以来的新低,28,全文,1,0,,https://xueqiu.com/4069897501/393514109,
我不帅你报警,4069897501,393543571,2026-06-08 18:49,普通帖,新五丰近俩月正在加快缩减租赁类养殖业务，要不然二…,115,全文,1,0,,https://xueqiu.com/4069897501/393543571,
我不帅你报警,4069897501,394205085,2026-06-11 14:42,普通帖,愿尊称你为猪圈里资本运作最强的票，其次是巨星农牧,57,全文,1,0,,https://xueqiu.com/4069897501/394205085,
我不帅你报警,4069897501,394449730,2026-06-12 15:05,转发或评论,mark,292,全文,1,0,我不帅你报警,https://xueqiu.com/4069897501/394449730,
我不帅你报警,4069897501,396289349,2026-06-24 07:15,专栏,猪肉股市场底已基本就绪,2549,全文,1,1,,https://xueqiu.com/4069897501/396289349,
我不帅你报警,4069897501,396500392,2026-06-24 21:13,转发或评论,文中2024应该是2022。 当前仍处于非瘟超级…,637,全文,1,1,我不帅你报警,https://xueqiu.com/4069897501/396500392,
我不帅你报警,4069897501,396756461,2026-06-25 19:35,带图帖,近期猪圈里戾气声颇重，不管说什么都有一堆人攻击，…,330,全文,1,0,,https://xueqiu.com/4069897501/396756461,2026-06-25 20:13
我不帅你报警,4069897501,397374928,2026-06-29 15:05,带图帖,最大风险往往来自于未被预期到的风险，26上半年的…,464,全文,1,0,,https://xueqiu.com/4069897501/397374928,2026-06-29 15:14
我不帅你报警,4069897501,397810758,2026-07-01 12:15,普通帖,什么是底部？近1/3的猪各自都只需几个亿就批量拉…,81,全文,1,0,,https://xueqiu.com/4069897501/397810758,
我不帅你报警,4069897501,397974897,2026-07-02 09:09,普通帖,天邦要是能保住产能，某种程度上说明政策调控是失败…,116,全文,1,0,,https://xueqiu.com/4069897501/397974897,2026-07-02 09:12
我不帅你报警,4069897501,398542650,2026-07-06 08:07,带图帖,26年生猪板块会否再现2022年情景？大概率不会…,608,全文,1,1,,https://xueqiu.com/4069897501/398542650,2026-07-06 15:06
我不帅你报警,4069897501,399149469,2026-07-09 06:59,带图帖,主流猪企6月月报相继披露，三个问题值得去看: 1…,274,全文,1,0,,https://xueqiu.com/4069897501/399149469,2026-07-09 07:06
我不帅你报警,4069897501,399349296,2026-07-09 21:30,转发或评论,虽然自2月开始未再披露仔猪出栏，但估算上半年55…,118,全文,1,0,正邦科技(SZ002157),https://xueqiu.com/4069897501/399349296,
我不帅你报警,4069897501,399390680,2026-07-10 08:56,带图帖,#猪肉板块# 关于天邦活不活得下来？ 它本来活得…,406,全文,1,0,,https://xueqiu.com/4069897501/399390680,2026-07-10 09:11
我不帅你报警,4069897501,399512105,2026-07-10 15:14,普通帖,时点: 7月16日(下周四) 主题: 衔接 科创…,100,全文,1,0,,https://xueqiu.com/4069897501/399512105,
我不帅你报警,4069897501,399533684,2026-07-10 16:41,普通帖,不知道该把你归类到哪了，按业务来看要算猪，按走势…,69,全文,1,0,,https://xueqiu.com/4069897501/399533684,
我不帅你报警,4069897501,399537843,2026-07-10 17:00,普通帖,应该说过很多次，它在本轮猪周期里不存在大的财务风…,105,全文,1,0,,https://xueqiu.com/4069897501/399537843,2026-07-10 17:04
我不帅你报警,4069897501,399654168,2026-07-11 21:20,普通帖,德康：我六月的运营快报该怎么出才能不被上面盯上(…,44,全文,1,0,,https://xueqiu.com/4069897501/399654168,
我不帅你报警,4069897501,399725652,2026-07-13 00:08,普通帖,七八月份生猪产能调控进入到冲KPI阶段，会陆续出…,78,全文,1,0,,https://xueqiu.com/4069897501/399725652,2026-07-13 00:09
我不帅你报警,4069897501,399736520,2026-07-13 08:49,专栏,26年的历史极低猪价，到底是谁惹得祸？,205,全文,1,1,,https://xueqiu.com/4069897501/399736520,
我不帅你报警,4069897501,399737514,2026-07-13 08:58,转发或评论,这三家恐有话说,93,全文,1,0,我不帅你报警,https://xueqiu.com/4069897501/399737514,
我不帅你报警,4069897501,399746556,2026-07-13 09:35,转发或评论,当年产能不足时，新五丰拿到过生猪养殖领域里最多笔…,177,全文,1,0,我不帅你报警,https://xueqiu.com/4069897501/399746556,2026-07-13 10:27
我不帅你报警,4069897501,399759476,2026-07-13 10:02,转发或评论,从公司发布的通告来看，天邦已进入第4次预重整(堪…,161,全文,1,0,我不帅你报警,https://xueqiu.com/4069897501/399759476,2026-07-13 10:35
我不帅你报警,4069897501,399802705,2026-07-13 11:58,转发或评论,总算把老朋友约出来了，你的逻辑我找不到反驳理由，…,177,全文,1,0,我不帅你报警,https://xueqiu.com/4069897501/399802705,
我不帅你报警,4069897501,399994075,2026-07-14 10:20,带图帖,有人问猪肉股最近有没有卖？ 底部卖猪肉股？有咩搞…,216,全文,1,0,,https://xueqiu.com/4069897501/399994075,2026-07-14 11:06
我不帅你报警,4069897501,400162742,2026-07-14 22:15,转发或评论,二季度不止亏一个亿呀，业绩预告大概是这么来的： …,489,全文,1,0,我不帅你报警,https://xueqiu.com/4069897501/400162742,2026-07-16 11:05
我不帅你报警,4069897501,400169332,2026-07-14 22:56,转发或评论,一季度减值力度稍欠，也间接拉高了二季度报告压力。…,70,全文,1,0,东瑞股份(SZ001201),https://xueqiu.com/4069897501/400169332,
我不帅你报警,4069897501,400173338,2026-07-14 23:26,转发或评论,破罐子破摔，这算是在胁迫债权人还是？天邦的情况本…,201,全文,1,0,天邦食品(SZ002124),https://xueqiu.com/4069897501/400173338,2026-07-14 23:41
我不帅你报警,4069897501,400178918,2026-07-15 00:30,转发或评论,巨星农牧与神农集团是非常适合对标的： 1.财务风…,288,全文,1,0,巨星农牧(SH603477),https://xueqiu.com/4069897501/400178918,2026-07-15 08:10
我不帅你报警,4069897501,400193363,2026-07-15 07:56,转发或评论,巨星也是进入到个人股票池里的标的，能顺利落地那是…,115,全文,1,0,巨星农牧(SH603477),https://xueqiu.com/4069897501/400193363,2026-07-15 07:59
我不帅你报警,4069897501,400238464,2026-07-15 10:38,普通帖,如果想博猪周期弹性，尽量在有限前提下去博，可以承…,195,全文,1,0,,https://xueqiu.com/4069897501/400238464,2026-07-15 10:44
我不帅你报警,4069897501,400476728,2026-07-16 12:01,带图帖,3780万能繁出来以后，下一重要事项是财务全景，…,308,全文,1,0,,https://xueqiu.com/4069897501/400476728,2026-07-18 18:40
我不帅你报警,4069897501,400663569,2026-07-17 10:09,普通帖,传统行业中最具确定性的板块，大周期里的拐点,68,全文,1,0,,https://xueqiu.com/4069897501/400663569,
我不帅你报警,4069897501,400764517,2026-07-17 14:36,带图帖,记得Bo兄以前买过唐人神吧，还是市场追捧成长论的…,400,全文,1,0,,https://xueqiu.com/4069897501/400764517,2026-07-17 14:42
我不帅你报警,4069897501,400933245,2026-07-18 17:05,转发或评论,按动态资产进行评估，巨星最新担保余额25.2亿，…,145,全文,1,0,我不帅你报警,https://xueqiu.com/4069897501/400933245,2026-07-18 17:12
我不帅你报警,4069897501,401160827,2026-07-20 14:23,转发或评论,神农这类公司更适合定性，与同类比看胜在哪些方面，…,334,全文,1,0,其他用户,https://xueqiu.com/4069897501/401160827,
我不帅你报警,4069897501,401168354,2026-07-20 14:41,带图帖,天康算不算好公司？ 不少人私信问过这个问题，如果…,244,全文,1,0,,https://xueqiu.com/4069897501/401168354,2026-07-20 14:44
我不帅你报警,4069897501,401282756,2026-07-21 07:33,带图帖,成本最低是牧原粉口头禅，近五年年度成本曾超越过牧…,636,全文,1,0,,https://xueqiu.com/4069897501/401282756,2026-07-21 09:04
我不帅你报警,4069897501,401368512,2026-07-21 11:54,转发或评论,估值有点像艺术，没有所谓标准答案，情绪推动占主要…,390,全文,1,0,其他用户,https://xueqiu.com/4069897501/401368512,2026-07-21 12:00
我不帅你报警,4069897501,401375625,2026-07-21 12:35,带图帖,猪肉股估值理解不透的可以看看下面3张图: 还是不…,122,全文,1,0,,https://xueqiu.com/4069897501/401375625,2026-07-21 12:41
我不帅你报警,4069897501,401469953,2026-07-21 21:04,转发或评论,投资不绝对，抄送给温氏和天康,96,全文,1,0,我不帅你报警,https://xueqiu.com/4069897501/401469953,2026-07-21 21:05
我不帅你报警,4069897501,401518921,2026-07-22 09:16,带图帖,一季度: 神农计提减值4.8亿，天康计提减值2.…,286,全文,1,0,,https://xueqiu.com/4069897501/401518921,2026-07-22 15:59
我不帅你报警,4069897501,402379562,2026-07-28 10:04,普通帖,政策底和市场底相继已出，亏损底大体有数，待半年报…,126,全文,1,0,,https://xueqiu.com/4069897501/402379562,
我不帅你报警,4069897501,402868299,2026-07-30 13:52,带图帖,当牧原，温氏，海大三家公司涨跌趋势相同时，大概率…,487,全文,1,0,,https://xueqiu.com/4069897501/402868299,2026-07-30 15:07
我不帅你报警,4069897501,403225531,2026-08-01 11:37,普通帖,天邦越来越有可能成为本轮”反内卷”清理的典范。,52,全文,1,0,,https://xueqiu.com/4069897501/403225531,
我不帅你报警,4069897501,403533952,2026-08-04 10:33,带图帖,阐述天邦风险大，说你是龙头粉期待人家倒闭。 阐述…,317,全文,1,0,,https://xueqiu.com/4069897501/403533952,2026-08-04 18:08
我不帅你报警,4069897501,403706992,2026-08-05 09:34,转发或评论,等待即可。 (亏损大体有底不代表没有企业崩盘),40,全文,1,0,我不帅你报警,https://xueqiu.com/4069897501/403706992,
我不帅你报警,4069897501,404618353,2026-08-11 21:47,带图帖,《生猪三杰》逻辑里本身内含穿越周期低谷的财务基础…,278,全文,1,0,,https://xueqiu.com/4069897501/404618353,
我不帅你报警,4069897501,405013721,2026-08-14 10:21,普通帖,明日生态环境法典正式施行，环保养殖合规程序从行政…,107,全文,1,0,,https://xueqiu.com/4069897501/405013721,2026-08-14 10:23
我不帅你报警,4069897501,405044359,2026-08-14 12:56,转发或评论,拿一百多万出栏小猪直接跟千万级出栏的大猪比并不是…,290,全文,1,0,其他用户,https://xueqiu.com/4069897501/405044359,2026-08-14 12:59
我不帅你报警,4069897501,405217392,2026-08-16 16:31,专栏,被人有所误解的唐人神,819,全文,1,1,,https://xueqiu.com/4069897501/405217392,2026-08-16 16:44
我不帅你报警,4069897501,405355615,2026-08-17 18:59,普通帖,下半年的方向已经指明，措施已基本到位，效果将逐步…,134,全文,1,0,,https://xueqiu.com/4069897501/405355615,2026-08-17 22:04
我不帅你报警,4069897501,405516832,2026-08-18 19:18,带图帖,厄尔尼诺故事开始了。 这种异常气候现象影响最大的…,385,全文,1,0,,https://xueqiu.com/4069897501/405516832,2026-08-18 21:29
我不帅你报警,4069897501,405631278,2026-08-19 12:14,带图帖,把猪企财务风险定价完，伴随半年报序幕拉开，行业状…,630,全文,1,1,,https://xueqiu.com/4069897501/405631278,
我不帅你报警,4069897501,405838092,2026-08-20 13:02,普通帖,在设想此轮猪周期演变情景里，巨星农牧是具有标志性…,101,全文,1,0,,https://xueqiu.com/4069897501/405838092,
我不帅你报警,4069897501,405908326,2026-08-20 18:51,转发或评论,半年度亏损规模突破60亿，仅次于22年(亏66亿…,218,全文,1,0,牧原股份(SZ002714),https://xueqiu.com/4069897501/405908326,2026-08-20 21:05
我不帅你报警,4069897501,405915186,2026-08-20 19:42,转发或评论,德康近5个亿的衍生品收益，玩生猪期货的散户们贡献…,56,全文,1,0,德康农牧(02419),https://xueqiu.com/4069897501/405915186,2026-08-20 19:43
我不帅你报警,4069897501,406034772,2026-08-21 13:16,专栏,四大中猪当前定价逻辑及未来可能的变化,712,全文,1,1,,https://xueqiu.com/4069897501/406034772,
我不帅你报警,4069897501,406049121,2026-08-21 14:26,带图帖,有啥利空？不至于啊 昨晚中报交流时中信农业问了生…,248,全文,1,0,,https://xueqiu.com/4069897501/406049121,2026-08-21 15:06
我不帅你报警,4069897501,406061046,2026-08-21 15:20,转发或评论,它是新生代中扩产的龙头，短短几年从几十万冲到快5…,168,全文,1,0,我不帅你报警,https://xueqiu.com/4069897501/406061046,2026-08-21 15:29
我不帅你报警,4069897501,406447748,2026-08-25 09:21,专栏,2026上半年神农集团财报简析,1500,全文,1,1,,https://xueqiu.com/4069897501/406447748,
我不帅你报警,4069897501,406535563,2026-08-25 16:35,普通帖,不知道大家有没留意到，天邦财报里会计负责人的名字…,51,全文,1,0,,https://xueqiu.com/4069897501/406535563,
我不帅你报警,4069897501,406539473,2026-08-25 16:57,普通帖,目前比较期待的几家猪企半年报: 金新农，新五丰，…,87,全文,1,0,,https://xueqiu.com/4069897501/406539473,
我不帅你报警,4069897501,406592883,2026-08-25 22:13,普通帖,猪周期演绎过程: 酝酿期->政策底->市场底->…,180,全文,1,0,,https://xueqiu.com/4069897501/406592883,2026-08-25 23:14
我不帅你报警,4069897501,406596053,2026-08-25 22:35,转发或评论,虚假宣传倒不一定至于，业务多元的公司成本汇到总部…,334,全文,1,0,其他用户,https://xueqiu.com/4069897501/406596053,
我不帅你报警,4069897501,406697028,2026-08-26 14:23,转发或评论,立华基本面一直还可以，其所在区域猪价也高，好像仅…,433,全文,1,0,其他用户,https://xueqiu.com/4069897501/406697028,2026-08-26 17:21
我不帅你报警,4069897501,406705899,2026-08-26 15:07,普通帖,有粉丝问我会买立华还是神农？多思考一秒都算是对猪…,103,全文,1,0,,https://xueqiu.com/4069897501/406705899,2026-08-26 17:07
我不帅你报警,4069897501,406770286,2026-08-26 21:07,转发或评论,从生猪业务占比来讲(不到两层)，立华更合适同海大…,272,全文,1,0,其他用户,https://xueqiu.com/4069897501/406770286,
我不帅你报警,4069897501,406874638,2026-08-27 12:50,普通帖,"负债率80%+, 现金短债比0.13。 可根据《…",76,全文,1,0,,https://xueqiu.com/4069897501/406874638,2026-08-27 12:56
我不帅你报警,4069897501,406890263,2026-08-27 14:10,普通帖,巨星半年报出来后会对其进行解读，mark一下。,40,全文,1,0,,https://xueqiu.com/4069897501/406890263,
我不帅你报警,4069897501,406892128,2026-08-27 14:20,普通帖,之前是谁在质疑华统股份将会崩盘？大股东股权质押比…,74,全文,1,0,,https://xueqiu.com/4069897501/406892128,2026-08-27 14:25
我不帅你报警,4069897501,407301253,2026-08-30 17:36,专栏,26上半年巨星农牧财报简析,2646,全文,1,1,,https://xueqiu.com/4069897501/407301253,2026-08-30 21:36
我不帅你报警,4069897501,407318985,2026-08-30 22:17,转发或评论,半年报后唐人神账上还趴着21亿资金，是中猪里面踹…,124,全文,1,0,我不帅你报警,https://xueqiu.com/4069897501/407318985,
我不帅你报警,4069897501,407319684,2026-08-30 22:27,普通帖,听闻有人说你的负债率后面会冲到50%，我给打个九…,78,全文,1,0,,https://xueqiu.com/4069897501/407319684,
我不帅你报警,4069897501,407387287,2026-08-31 12:27,普通帖,市场中哪些养猪股率先跑出来了？ 神农和天康，安全…,116,全文,1,0,,https://xueqiu.com/4069897501/407387287,2026-08-31 12:41
我不帅你报警,4069897501,407390637,2026-08-31 13:01,普通帖,开始跟猪了？,23,全文,1,0,,https://xueqiu.com/4069897501/407390637,
我不帅你报警,4069897501,407400618,2026-08-31 13:55,转发或评论,如果你觉得自己淘到宝了，还觉得他人像傻子，不妨可…,96,全文,1,0,我不帅你报警,https://xueqiu.com/4069897501/407400618,2026-08-31 14:01
我不帅你报警,4069897501,407637309,2026-09-01 21:47,专栏,2026上半年天康生物财报简析,1913,全文,1,1,,https://xueqiu.com/4069897501/407637309,2026-09-01 22:21
我不帅你报警,4069897501,408038588,2026-09-04 11:10,带图帖,牧原的价值被市场挖掘得最透，属于它的不会少。 神…,337,全文,1,0,,https://xueqiu.com/4069897501/408038588,2026-09-04 11:18
我不帅你报警,4069897501,408224771,2026-09-06 13:54,转发或评论,风物长亦放眼量[图],26,全文,1,0,其他用户,https://xueqiu.com/4069897501/408224771,
我不帅你报警,4069897501,408327114,2026-09-07 14:23,转发或评论,天邦市值若是超过唐人神，那就很有意思了,51,全文,1,0,我不帅你报警,https://xueqiu.com/4069897501/408327114,
我不帅你报警,4069897501,408344990,2026-09-07 16:13,转发或评论,这轮行业洗牌必然会有规模企业退出，把所有上市猪企…,153,全文,1,0,我不帅你报警,https://xueqiu.com/4069897501/408344990,
我不帅你报警,4069897501,408365270,2026-09-07 19:06,专栏,猪周期12讲,323,全文,1,0,,https://xueqiu.com/4069897501/408365270,
我不帅你报警,4069897501,408447891,2026-09-08 12:06,转发或评论,《猪周期12讲》剖析: 第4讲—养猪股市场底已基…,277,全文,1,0,我不帅你报警,https://xueqiu.com/4069897501/408447891,2026-09-08 12:45
我不帅你报警,4069897501,408449692,2026-09-08 12:23,普通帖,数据显示，神农居后续年份生猪养殖板块成长性先行指…,46,全文,1,0,,https://xueqiu.com/4069897501/408449692,
我不帅你报警,4069897501,408602609,2026-09-09 12:00,转发或评论,转篇旧文，以往都没什么人看哈[图] 东瑞与神农同…,236,全文,1,0,我不帅你报警,https://xueqiu.com/4069897501/408602609,2026-09-09 12:47
我不帅你报警,4069897501,408948844,2026-09-11 14:11,转发或评论,短期涨快了回调很正常，没什么大惊小怪的。 猪周期…,223,全文,1,0,我不帅你报警,https://xueqiu.com/4069897501/408948844,
我不帅你报警,4069897501,408973006,2026-09-11 16:31,专栏,猪肉股投资业绩参考基准,647,全文,1,0,,https://xueqiu.com/4069897501/408973006,2026-09-11 16:39
我不帅你报警,4069897501,409087006,2026-09-13 13:03,转发或评论,所有宣称只有牧原股份有投资价值的文章基本都存在两…,391,全文,1,0,我不帅你报警,https://xueqiu.com/4069897501/409087006,2026-09-13 13:14
我不帅你报警,4069897501,409960577,2026-09-20 20:41,转发或评论,买牧原确实不需要太多研究，买其它猪大部分还是需要…,196,全文,1,0,我不帅你报警,https://xueqiu.com/4069897501/409960577,
我不帅你报警,4069897501,410013015,2026-09-21 11:04,普通帖,生猪三杰是养猪板块里三个层面的代表性组合，覆盖千…,213,全文,1,0,,https://xueqiu.com/4069897501/410013015,2026-09-21 11:10
我不帅你报警,4069897501,410090789,2026-09-21 20:57,转发或评论,似乎被我蒙对了,39,全文,1,0,天邦食品(SZ002124),https://xueqiu.com/4069897501/410090789,2026-09-21 20:58
我不帅你报警,4069897501,410095494,2026-09-21 21:40,带图帖,某司最新信披已经发布，之前介于敏感未再做过多发言…,322,全文,1,0,,https://xueqiu.com/4069897501/410095494,2026-09-21 22:00
我不帅你报警,4069897501,410239359,2026-09-22 20:27,转发或评论,还有,103,全文,1,0,我不帅你报警,https://xueqiu.com/4069897501/410239359,
我不帅你报警,4069897501,410675648,2026-09-27 20:00,带图帖,做多东瑞跟主力有啥关系？重要吗？不重要。 从特性…,364,全文,1,1,,https://xueqiu.com/4069897501/410675648,2026-09-27 20:46
我不帅你报警,4069897501,410855278,2026-09-29 09:33,带图帖,最近不少老养猪人问《生猪三杰》东瑞的情况，其上市…,221,全文,1,0,,https://xueqiu.com/4069897501/410855278,
我不帅你报警,4069897501,411046694,2026-09-30 12:25,带图帖,26年9月思考: 科技行情落幕三个月后 行业机会…,569,全文,1,0,,https://xueqiu.com/4069897501/411046694,2026-09-30 12:43
我不帅你报警,4069897501,411432194,2026-10-07 20:06,专栏,奶茶基金挑战,394,全文,1,0,,https://xueqiu.com/4069897501/411432194,2026-10-07 20:16
我不帅你报警,4069897501,411693414,2026-10-09 14:49,专栏,大周期，大思路！,436,全文,1,1,,https://xueqiu.com/4069897501/411693414,2026-10-09 15:08
一凡帝诺维奇,1632625377,383197362,2026-04-09 16:00,专栏,南非1型口蹄疫：现状，防控进展与风险,995,全文,1,0,,https://xueqiu.com/1632625377/383197362,2026-04-09 16:53
一凡帝诺维奇,1632625377,383341690,2026-04-10 12:51,专栏,猪粮比叕创新低，“小天才”们3月出栏大增,1320,全文,1,0,,https://xueqiu.com/1632625377/383341690,2026-04-10 13:00
一凡帝诺维奇,1632625377,383505182,2026-04-12 00:48,专栏,猪粮安天下・绿色创未来——牧原践行ESG理念的责任与实践,2000,全文,1,0,,https://xueqiu.com/1632625377/383505182,
一凡帝诺维奇,1632625377,383571054,2026-04-13 08:42,专栏,低猪价时代：筑牢农户权益防线，防范返贫风险,1894,全文,1,0,,https://xueqiu.com/1632625377/383571054,2026-04-13 09:22
一凡帝诺维奇,1632625377,383782948,2026-04-14 12:00,专栏,生猪养殖行业：一场迟到的危机,1833,全文,1,1,,https://xueqiu.com/1632625377/383782948,
一凡帝诺维奇,1632625377,383921966,2026-04-15 09:17,专栏,如何看待淘汰母猪价格,1789,全文,1,1,,https://xueqiu.com/1632625377/383921966,
一凡帝诺维奇,1632625377,384084658,2026-04-16 00:42,专栏,牧原股份 2025 年度网上业绩说明会问答汇总,2039,全文,1,0,,https://xueqiu.com/1632625377/384084658,
一凡帝诺维奇,1632625377,384372089,2026-04-17 11:56,专栏,生猪产能调控政策体系(16),1210,全文,1,0,,https://xueqiu.com/1632625377/384372089,
一凡帝诺维奇,1632625377,384667859,2026-04-20 09:48,专栏,猪价一周反弹超1元/公斤，未来猪价怎么走？,2270,全文,1,1,,https://xueqiu.com/1632625377/384667859,
一凡帝诺维奇,1632625377,384838577,2026-04-21 08:08,长文,转：媒体口中的助农模范，却让全国养猪户损失超百亿,952,全文,1,0,,https://xueqiu.com/1632625377/384838577,2026-04-21 10:46
一凡帝诺维奇,1632625377,385009216,2026-04-21 22:04,专栏,牧原股份2026年一季度经营交流要点,2778,全文,1,0,,https://xueqiu.com/1632625377/385009216,
一凡帝诺维奇,1632625377,385279450,2026-04-23 08:30,专栏,四川生猪政策：温和但坚定的倒逼散养户退出,1511,全文,1,0,,https://xueqiu.com/1632625377/385279450,
一凡帝诺维奇,1632625377,385587285,2026-04-24 12:13,专栏,如何看待能繁母猪效率,1935,全文,1,1,,https://xueqiu.com/1632625377/385587285,
一凡帝诺维奇,1632625377,385803918,2026-04-25 18:32,专栏,生猪产能调控政策体系(17),1155,全文,1,0,,https://xueqiu.com/1632625377/385803918,
一凡帝诺维奇,1632625377,385872911,2026-04-26 18:00,专栏,生猪产能调控政策体系(18),1471,全文,1,0,,https://xueqiu.com/1632625377/385872911,
一凡帝诺维奇,1632625377,385991150,2026-04-27 14:15,专栏,生猪行业数据-2026年一季度,403,全文,1,0,,https://xueqiu.com/1632625377/385991150,
一凡帝诺维奇,1632625377,386266351,2026-04-28 15:19,专栏,生猪屠宰量与生猪价格的关系,2234,全文,1,1,,https://xueqiu.com/1632625377/386266351,
一凡帝诺维奇,1632625377,386501105,2026-04-29 11:35,专栏,顶层定调稳猪价 产能去化是关键,1498,全文,1,1,,https://xueqiu.com/1632625377/386501105,
一凡帝诺维奇,1632625377,386835756,2026-04-30 15:10,专栏,低猪价下代养困局,1922,全文,1,0,,https://xueqiu.com/1632625377/386835756,
一凡帝诺维奇,1632625377,386970312,2026-05-01 13:26,专栏,万科清仓环山：跨界资本退场，生猪行业嬗变,2008,全文,1,0,,https://xueqiu.com/1632625377/386970312,
一凡帝诺维奇,1632625377,387214219,2026-05-05 11:59,专栏,九箭定猪价——回顾与前瞻,3842,全文,1,1,,https://xueqiu.com/1632625377/387214219,
一凡帝诺维奇,1632625377,387422104,2026-05-06 18:24,专栏,2026年四月屠宰行业分析,916,全文,1,0,,https://xueqiu.com/1632625377/387422104,
一凡帝诺维奇,1632625377,387438698,2026-05-06 20:24,专栏,牧原股份2026年4月月报简析,479,全文,1,0,,https://xueqiu.com/1632625377/387438698,
一凡帝诺维奇,1632625377,387706337,2026-05-08 09:11,专栏,九箭定猪价-第一箭：生猪产业监测预警专家咨询委员会成立,2287,全文,1,0,,https://xueqiu.com/1632625377/387706337,
一凡帝诺维奇,1632625377,388134791,2026-05-11 12:26,专栏,生猪市场追踪：寒冬未艾（2026年5月11日）,1504,全文,1,1,,https://xueqiu.com/1632625377/388134791,
一凡帝诺维奇,1632625377,388399729,2026-05-12 15:51,专栏,九箭定猪价-第二箭：四部门支持地方开展冻猪肉商业储备收储,1735,全文,1,0,,https://xueqiu.com/1632625377/388399729,
一凡帝诺维奇,1632625377,388807974,2026-05-14 11:10,专栏,从自证到自信，龙头气质彻底蜕变——牧原股份2025年年度股东大会见闻,1219,全文,1,0,,https://xueqiu.com/1632625377/388807974,2026-05-14 14:46
一凡帝诺维奇,1632625377,388981935,2026-05-15 08:14,专栏,如何理解3750万：《生猪产能综合调控实施方案（2026年修订）》简析之一,1796,全文,1,1,,https://xueqiu.com/1632625377/388981935,
一凡帝诺维奇,1632625377,389367767,2026-05-18 08:31,专栏,综合调控：《生猪产能综合调控实施方案（2026年修订）》简析之二,2004,全文,1,0,,https://xueqiu.com/1632625377/389367767,
一凡帝诺维奇,1632625377,389598080,2026-05-19 09:26,专栏,从“保供”到“稳价”：《生猪产能综合调控实施方案（2026年修订）》简析之三,1686,全文,1,1,,https://xueqiu.com/1632625377/389598080,
一凡帝诺维奇,1632625377,389833414,2026-05-20 09:37,专栏,夯实生猪产能去化的地方政府责任,1608,全文,1,1,,https://xueqiu.com/1632625377/389833414,
一凡帝诺维奇,1632625377,390201086,2026-05-21 16:25,专栏,生猪养殖行业进入生产备案管理时代,1227,全文,1,0,,https://xueqiu.com/1632625377/390201086,
一凡帝诺维奇,1632625377,390378975,2026-05-22 13:05,专栏,如何看待当前猪周期底部,1666,全文,1,1,,https://xueqiu.com/1632625377/390378975,
一凡帝诺维奇,1632625377,390422490,2026-05-22 15:15,转发或评论,理由呢，还是拿非瘟后的短期经验来看行业？,157,全文,1,0,一凡帝诺维奇,https://xueqiu.com/1632625377/390422490,
一凡帝诺维奇,1632625377,390645431,2026-05-24 17:52,专栏,生猪产能调控政策体系(19),1172,全文,1,1,,https://xueqiu.com/1632625377/390645431,
一凡帝诺维奇,1632625377,390680215,2026-05-25 08:17,专栏,新版生猪产能调控方案变动逐字对照分析,53,全文,1,0,,https://xueqiu.com/1632625377/390680215,
一凡帝诺维奇,1632625377,390889626,2026-05-26 08:43,专栏,九箭定猪价-第三箭：《生猪产能综合调控实施方案（2026年修订）》发布,2556,全文,1,1,,https://xueqiu.com/1632625377/390889626,
一凡帝诺维奇,1632625377,391422599,2026-05-28 10:42,专栏,肉类食品安全风险反思(1),1884,全文,1,0,,https://xueqiu.com/1632625377/391422599,
一凡帝诺维奇,1632625377,391639831,2026-05-29 08:40,专栏,牧原近期热点：人工智能,3233,全文,1,0,,https://xueqiu.com/1632625377/391639831,
一凡帝诺维奇,1632625377,391975095,2026-05-31 13:14,专栏,生猪产能调控政策体系(20),1863,全文,1,1,,https://xueqiu.com/1632625377/391975095,
一凡帝诺维奇,1632625377,392025713,2026-06-01 08:06,专栏,九箭定猪价-第四箭：畜禽粪污综合治理攻坚行动,2301,全文,1,0,,https://xueqiu.com/1632625377/392025713,
一凡帝诺维奇,1632625377,392216401,2026-06-01 22:14,专栏,既要“报时”更要“造钟”，牧原发展进入新时代,1509,全文,1,0,,https://xueqiu.com/1632625377/392216401,2026-06-02 08:47
一凡帝诺维奇,1632625377,392503750,2026-06-03 09:34,普通帖,秦牧原高中毕业后去了美国留学，原本计划是留学毕业…,113,全文,1,0,,https://xueqiu.com/1632625377/392503750,
一凡帝诺维奇,1632625377,392547107,2026-06-03 11:02,普通帖,新官上任也该有点新气象，建议新任董事长曹总和新任…,76,全文,1,0,,https://xueqiu.com/1632625377/392547107,
一凡帝诺维奇,1632625377,392660385,2026-06-03 17:53,专栏,2026年五月屠宰行业分析,1175,全文,1,0,,https://xueqiu.com/1632625377/392660385,
一凡帝诺维奇,1632625377,392744936,2026-06-04 09:16,专栏,牧原近期热点：屠宰肉食,3132,全文,1,0,,https://xueqiu.com/1632625377/392744936,
一凡帝诺维奇,1632625377,393064233,2026-06-05 12:22,专栏,生猪市场追踪：残寒渐消（2026年6月5日）,1583,全文,1,1,,https://xueqiu.com/1632625377/393064233,
一凡帝诺维奇,1632625377,393187114,2026-06-05 22:12,专栏,牧原股份2026年5月月报简析,466,全文,1,0,,https://xueqiu.com/1632625377/393187114,2026-06-05 22:15
一凡帝诺维奇,1632625377,393390073,2026-06-08 09:37,专栏,国务院督导双汇药残问题 屠宰行业告别 “保姆式” 监管,1522,全文,1,0,,https://xueqiu.com/1632625377/393390073,
一凡帝诺维奇,1632625377,393644479,2026-06-09 10:19,专栏,牧原近期热点：降本增效,4009,全文,1,0,,https://xueqiu.com/1632625377/393644479,
一凡帝诺维奇,1632625377,393846742,2026-06-10 08:43,专栏,博弈交织、新旧碰撞——生猪产能调控的多重困境,2934,全文,1,0,,https://xueqiu.com/1632625377/393846742,
一凡帝诺维奇,1632625377,394121986,2026-06-11 10:20,专栏,牧原近期热点：成本优势,2155,全文,1,1,,https://xueqiu.com/1632625377/394121986,
一凡帝诺维奇,1632625377,394328801,2026-06-12 08:43,专栏,生猪市场追踪：行业监管加强（2026年6月12日）,2054,全文,1,1,,https://xueqiu.com/1632625377/394328801,
一凡帝诺维奇,1632625377,394773261,2026-06-15 13:58,专栏,现金流：低猪价下生存的核心,2095,全文,1,1,,https://xueqiu.com/1632625377/394773261,
一凡帝诺维奇,1632625377,394874258,2026-06-15 23:43,专栏,肉类食品安全风险反思(2),2470,全文,1,0,,https://xueqiu.com/1632625377/394874258,
一凡帝诺维奇,1632625377,394901025,2026-06-16 08:50,专栏,牧原近期热点：海外业务,2843,全文,1,0,,https://xueqiu.com/1632625377/394901025,2026-06-16 10:15
一凡帝诺维奇,1632625377,395127256,2026-06-17 08:45,专栏,生猪市场追踪：仔猪价格（2026年6月17日）,2291,全文,1,1,,https://xueqiu.com/1632625377/395127256,
一凡帝诺维奇,1632625377,395369656,2026-06-18 08:30,普通帖,昨日会议重要信息 1，3750提前至三季度末实现…,197,全文,1,0,,https://xueqiu.com/1632625377/395369656,
一凡帝诺维奇,1632625377,395369750,2026-06-18 08:30,专栏,牧原的产业互联,4404,全文,1,0,,https://xueqiu.com/1632625377/395369750,
一凡帝诺维奇,1632625377,395372807,2026-06-18 08:52,转发或评论,会上没明确说，大家看法也不一致，德康，大北农可能…,68,全文,1,0,一凡帝诺维奇,https://xueqiu.com/1632625377/395372807,
一凡帝诺维奇,1632625377,395372870,2026-06-18 08:52,转发或评论,会上没明确说，大家看法也不一致，德康，大北农可能…,88,全文,1,0,一凡帝诺维奇,https://xueqiu.com/1632625377/395372870,
一凡帝诺维奇,1632625377,395714846,2026-06-20 12:52,专栏,肉类食品安全风险反思(3),2357,全文,1,0,,https://xueqiu.com/1632625377/395714846,
一凡帝诺维奇,1632625377,395769773,2026-06-21 11:35,专栏,生猪产能调控政策体系(21),1652,全文,1,0,,https://xueqiu.com/1632625377/395769773,
一凡帝诺维奇,1632625377,395829081,2026-06-22 08:46,专栏,九箭定猪价-第五箭：产能调控政策执行落地,1745,全文,1,1,,https://xueqiu.com/1632625377/395829081,
一凡帝诺维奇,1632625377,396142511,2026-06-23 12:57,专栏,牧原第二十一届养猪节有感：牧原员工幸福、客户安心，股东负重前行,1645,全文,1,0,,https://xueqiu.com/1632625377/396142511,
一凡帝诺维奇,1632625377,396457239,2026-06-24 17:01,专栏,牧原股份2026年第二次临时股东会见闻,1656,全文,1,0,,https://xueqiu.com/1632625377/396457239,
一凡帝诺维奇,1632625377,396633202,2026-06-25 11:29,专栏,牧原养猪AI助手对外发布，看看它对猪价的预测,3316,全文,1,0,,https://xueqiu.com/1632625377/396633202,
一凡帝诺维奇,1632625377,398122948,2026-07-02 17:24,专栏,2026年六月屠宰行业分析,932,全文,1,0,,https://xueqiu.com/1632625377/398122948,
一凡帝诺维奇,1632625377,398213705,2026-07-03 08:31,专栏,生猪养殖行业股票的投资逻辑,3237,全文,1,1,,https://xueqiu.com/1632625377/398213705,
一凡帝诺维奇,1632625377,398699917,2026-07-06 21:01,专栏,牧原股份2026年6月月报简析,442,全文,1,0,,https://xueqiu.com/1632625377/398699917,2026-07-07 09:19
一凡帝诺维奇,1632625377,399240586,2026-07-09 13:06,专栏,猪价反弹弱于预期 产能延续去化趋势,1324,全文,1,1,,https://xueqiu.com/1632625377/399240586,
一凡帝诺维奇,1632625377,399448313,2026-07-10 11:32,专栏,生猪体重变化趋势,1460,全文,1,1,,https://xueqiu.com/1632625377/399448313,
一凡帝诺维奇,1632625377,399809705,2026-07-13 12:40,专栏,牧原股份：半年业绩符合预期 2000万捐款凸显底气,1480,全文,1,0,,https://xueqiu.com/1632625377/399809705,
一凡帝诺维奇,1632625377,400369075,2026-07-15 20:53,专栏,2026年上半年生猪行情回顾,1887,全文,1,1,,https://xueqiu.com/1632625377/400369075,
一凡帝诺维奇,1632625377,400535565,2026-07-16 15:41,专栏,生猪行业2026年上半年数据①,367,全文,1,0,,https://xueqiu.com/1632625377/400535565,
一凡帝诺维奇,1632625377,401288573,2026-07-21 08:39,专栏,2026年下半年生猪行情展望,1739,全文,1,1,,https://xueqiu.com/1632625377/401288573,
一凡帝诺维奇,1632625377,401946629,2026-07-24 11:28,专栏,2026年下半年仔猪行情展望,1214,全文,1,1,,https://xueqiu.com/1632625377/401946629,
一凡帝诺维奇,1632625377,403013537,2026-07-31 08:58,专栏,牧原：一场备受争议的“养猪乌托邦”实验,5766,全文,1,0,,https://xueqiu.com/1632625377/403013537,
一凡帝诺维奇,1632625377,403853178,2026-08-05 22:39,专栏,牧原股份2026年7月月报简析,352,全文,1,0,,https://xueqiu.com/1632625377/403853178,
一凡帝诺维奇,1632625377,404051277,2026-08-07 08:19,专栏,2026年七月屠宰行业分析,754,全文,1,0,,https://xueqiu.com/1632625377/404051277,
一凡帝诺维奇,1632625377,404332864,2026-08-10 08:45,专栏,政治局会议首提生猪稳生产，过度去化供应不足风险提升,2225,全文,1,1,,https://xueqiu.com/1632625377/404332864,2026-08-10 09:59
一凡帝诺维奇,1632625377,405060064,2026-08-14 14:17,专栏,低猪价下养殖成本的下降,2021,全文,1,0,,https://xueqiu.com/1632625377/405060064,
一凡帝诺维奇,1632625377,405951204,2026-08-21 00:22,专栏,或跃在渊——牧原股份2026年半年经营分析,2858,全文,1,1,,https://xueqiu.com/1632625377/405951204,
一凡帝诺维奇,1632625377,406255067,2026-08-24 07:50,转发或评论,过去几年已经证明了，淘汰的并非成本高的，而是资金…,168,全文,1,0,其他用户,https://xueqiu.com/1632625377/406255067,
一凡帝诺维奇,1632625377,406814286,2026-08-27 08:27,专栏,8月15日起不允许“泔水喂猪”了？很早就不允许了,2351,全文,1,0,,https://xueqiu.com/1632625377/406814286,
一凡帝诺维奇,1632625377,407022686,2026-08-28 09:14,专栏,生猪产能去化的结构,3068,全文,1,1,,https://xueqiu.com/1632625377/407022686,
一凡帝诺维奇,1632625377,407504173,2026-09-01 08:47,专栏,生猪市场追踪：仔猪低迷，淘母崩盘（2026年9月1日）,2019,全文,1,1,,https://xueqiu.com/1632625377/407504173,
一凡帝诺维奇,1632625377,407507743,2026-09-01 09:14,转发或评论,这话说的，一辆车非得跑200公里每小时才叫实质性…,81,全文,1,0,一凡帝诺维奇,https://xueqiu.com/1632625377/407507743,
一凡帝诺维奇,1632625377,407525758,2026-09-01 10:09,转发或评论,去年四季度到现在，去化速度已经是除了非瘟周期外最…,97,全文,1,0,一凡帝诺维奇,https://xueqiu.com/1632625377/407525758,
一凡帝诺维奇,1632625377,407533069,2026-09-01 10:32,转发或评论,仔猪价格去年下半年就很低了，上半年仔猪价格属于季…,122,全文,1,0,一凡帝诺维奇,https://xueqiu.com/1632625377/407533069,
一凡帝诺维奇,1632625377,407765471,2026-09-02 16:19,转发或评论,无论从哪个角度选股，也轮不到这两个吧[图],83,全文,1,0,一凡帝诺维奇,https://xueqiu.com/1632625377/407765471,
一凡帝诺维奇,1632625377,407771096,2026-09-02 16:56,转发或评论,9月出栏的生猪一般都是春节后补栏的，这段时间是仔…,121,全文,1,0,一凡帝诺维奇,https://xueqiu.com/1632625377/407771096,
一凡帝诺维奇,1632625377,407771190,2026-09-02 16:57,转发或评论,26年三季度大概率去化是加速的，四季度和明年一季…,280,全文,1,0,一凡帝诺维奇,https://xueqiu.com/1632625377/407771190,
一凡帝诺维奇,1632625377,407921347,2026-09-03 15:17,转发或评论,首先，21和26数据从哪来的我不知道，不做评价。…,298,全文,1,0,一凡帝诺维奇,https://xueqiu.com/1632625377/407921347,
一凡帝诺维奇,1632625377,407923873,2026-09-03 15:29,转发或评论,而且调控方案已经两次下调均衡产能，就是为了应对行…,181,全文,1,0,一凡帝诺维奇,https://xueqiu.com/1632625377/407923873,
一凡帝诺维奇,1632625377,408362307,2026-09-07 18:33,专栏,牧原股份2026年8月月报简析,504,全文,1,0,,https://xueqiu.com/1632625377/408362307,
一凡帝诺维奇,1632625377,408364948,2026-09-07 19:02,转发或评论,淘汰不等于减少，大部分都是替换,85,全文,1,0,一凡帝诺维奇,https://xueqiu.com/1632625377/408364948,
一凡帝诺维奇,1632625377,408366576,2026-09-07 19:19,转发或评论,是牧原成本相比于发改委猪料比口径成本的优势,107,全文,1,0,一凡帝诺维奇,https://xueqiu.com/1632625377/408366576,
一凡帝诺维奇,1632625377,408401685,2026-09-08 09:04,专栏,2026年八屠宰行业分析,791,全文,1,0,,https://xueqiu.com/1632625377/408401685,
一凡帝诺维奇,1632625377,408875489,2026-09-11 09:27,专栏,畜牧兽医十五五规划搭建跨周期长效治理制度底座——九箭定猪价-第六箭,2940,全文,1,1,,https://xueqiu.com/1632625377/408875489,
一凡帝诺维奇,1632625377,410020101,2026-09-21 11:39,转发或评论,用农业部新生仔猪数据和4个月前的能繁母猪数据做对…,130,全文,1,0,一凡帝诺维奇,https://xueqiu.com/1632625377/410020101,
一凡帝诺维奇,1632625377,410020350,2026-09-21 11:40,转发或评论,是的，3750对应合理利润。所以需要观察后续去化…,205,全文,1,0,一凡帝诺维奇,https://xueqiu.com/1632625377/410020350,
一凡帝诺维奇,1632625377,410020628,2026-09-21 11:41,专栏,再谈母猪效率,4090,全文,1,1,,https://xueqiu.com/1632625377/410020628,
一凡帝诺维奇,1632625377,410212891,2026-09-22 16:08,转发或评论,仔猪价格是持续低迷，今年春节后只有7月仔猪是盈利…,171,全文,1,0,一凡帝诺维奇,https://xueqiu.com/1632625377/410212891,
一凡帝诺维奇,1632625377,411052048,2026-09-30 13:14,专栏,国庆节前猪价分析及节后展望,832,全文,1,1,,https://xueqiu.com/1632625377/411052048,2026-09-30 13:20
_春风_,4932531422,387265137,2026-05-05 23:17,长文,股价底部放量收月线上影,1308,全文,1,0,,https://xueqiu.com/4932531422/387265137,
_春风_,4932531422,393764954,2026-06-09 18:01,专栏,天邦食品6.9日出现大宗交易,573,全文,1,0,,https://xueqiu.com/4932531422/393764954,2026-09-09 16:07
_春风_,4932531422,393964786,2026-06-10 14:48,专栏,厄尔尼诺预测报告——强以上事件为大概率,145,仅摘要,0,0,,https://xueqiu.com/4932531422/393964786,
_春风_,4932531422,394272261,2026-06-11 20:38,专栏,今晚的报告大概率是Niño Advisory状态,141,仅摘要,0,0,,https://xueqiu.com/4932531422/394272261,
_春风_,4932531422,395076860,2026-06-16 21:09,普通帖,小蓝鲸你还没完没了了@用户 。 这样，多的不敢说…,136,全文,1,0,,https://xueqiu.com/4932531422/395076860,
_春风_,4932531422,395269124,2026-06-17 16:25,专栏,猪股抄底正当时,4834,全文,1,1,,https://xueqiu.com/4932531422/395269124,2026-06-17 16:31
_春风_,4932531422,395744746,2026-06-20 21:56,专栏,猪价近期回暖是必然,1438,全文,1,1,,https://xueqiu.com/4932531422/395744746,2026-09-09 16:08
_春风_,4932531422,395780547,2026-06-21 14:53,专栏,生猪价格反转的统计补充,1723,全文,1,1,,https://xueqiu.com/4932531422/395780547,
_春风_,4932531422,395922856,2026-06-22 13:41,专栏,关于科技的一些看法,762,全文,0,0,,https://xueqiu.com/4932531422/395922856,2026-09-09 16:06
_春风_,4932531422,395984155,2026-06-22 17:46,普通帖,饺子我吃猪猪的，骨头我啃猪猪的。 提振猪肉消费，…,38,全文,1,0,,https://xueqiu.com/4932531422/395984155,
_春风_,4932531422,396459911,2026-06-24 17:13,专栏,近期三方公开的一些生猪数据变化,1139,全文,1,1,,https://xueqiu.com/4932531422/396459911,2026-06-24 17:14
_春风_,4932531422,396656171,2026-06-25 13:09,专栏,关于当前AI产业的一组有价值讨论,4323,全文,1,0,,https://xueqiu.com/4932531422/396656171,2026-06-25 13:12
_春风_,4932531422,397158560,2026-06-27 21:32,专栏,猪股之后是什么？（随笔）,1349,全文,1,0,,https://xueqiu.com/4932531422/397158560,2026-06-27 21:32
_春风_,4932531422,397812487,2026-07-01 12:26,带图帖,科创50一小时K线已经呈现出一定程度的衰竭型吞没…,314,全文,1,0,,https://xueqiu.com/4932531422/397812487,
_春风_,4932531422,398183309,2026-07-02 23:38,专栏,正确认识自己：价值投资者还是投机者,1707,全文,1,0,,https://xueqiu.com/4932531422/398183309,2026-07-02 23:41
_春风_,4932531422,398397114,2026-07-03 22:48,专栏,基于供给压力、有效母猪产能与市场情绪的简易猪价模型,2914,全文,1,1,,https://xueqiu.com/4932531422/398397114,2026-07-03 22:52
_春风_,4932531422,399092183,2026-07-08 17:51,专栏,天邦食品何时反转？,1634,全文,1,1,,https://xueqiu.com/4932531422/399092183,
_春风_,4932531422,399125230,2026-07-08 21:59,专栏,天邦食品二季度亏损核算及中报预期,2447,全文,1,1,,https://xueqiu.com/4932531422/399125230,2026-07-08 22:02
_春风_,4932531422,399322928,2026-07-09 18:17,转发或评论,不同行业你都能拉踩，你怎么不和寒武纪，易中天比市…,294,全文,1,0,其他用户,https://xueqiu.com/4932531422/399322928,
_春风_,4932531422,399325883,2026-07-09 18:36,转发或评论,软D，还多的你也不想说，你是不敢喷科技是吧。 还…,270,全文,1,0,其他用户,https://xueqiu.com/4932531422/399325883,2026-07-09 18:38
_春风_,4932531422,402507856,2026-07-28 19:58,专栏,A股院线企业简析,3681,全文,1,0,,https://xueqiu.com/4932531422/402507856,2026-07-28 20:41
_春风_,4932531422,403605796,2026-08-04 17:01,专栏,以儒意电影简单讨论下杯柄图形我的理解,1117,全文,0,0,,https://xueqiu.com/4932531422/403605796,
_春风_,4932531422,404955729,2026-08-13 22:10,专栏,AI使得个人能力暴露无遗,141,仅摘要,0,0,,https://xueqiu.com/4932531422/404955729,
_春风_,4932531422,405308125,2026-08-17 13:50,专栏,祥和实业简评,1546,全文,0,0,,https://xueqiu.com/4932531422/405308125,2026-08-17 13:50
_春风_,4932531422,405529359,2026-08-18 21:14,专栏,一组有价值的讨论：美国泡沫碎裂对A股流动性的影响,1086,全文,1,0,,https://xueqiu.com/4932531422/405529359,
_春风_,4932531422,405682336,2026-08-19 16:06,专栏,这是一次技术性调整，AIDC、半导体不会倒下,150,仅摘要,0,0,,https://xueqiu.com/4932531422/405682336,2026-08-19 16:11
_春风_,4932531422,405878595,2026-08-20 16:01,专栏,低空经济，值得博弈补涨,3943,全文,0,0,,https://xueqiu.com/4932531422/405878595,
_春风_,4932531422,406132241,2026-08-21 23:57,专栏,牧原历年回测,530,全文,1,1,,https://xueqiu.com/4932531422/406132241,2026-09-09 16:05
_春风_,4932531422,407610714,2026-09-01 17:50,专栏,远大控股此前一些回测的总结,626,全文,0,0,,https://xueqiu.com/4932531422/407610714,2026-09-01 17:54
_春风_,4932531422,408385060,2026-09-07 22:53,专栏,首板接假阴？是主升前奏，还是即将挨揍？,2197,全文,1,0,,https://xueqiu.com/4932531422/408385060,
_春风_,4932531422,408839652,2026-09-10 21:56,专栏,短线擒龙？还是短线被擒？在历史回测的基础上才能建立有效的超短DB策略,2999,全文,1,0,,https://xueqiu.com/4932531422/408839652,
_春风_,4932531422,409057391,2026-09-12 18:04,专栏,震惊！历次猪周期，上市猪企的股价表现竟和此项指标密切相关！,4177,全文,1,1,,https://xueqiu.com/4932531422/409057391,2026-09-12 20:28
_春风_,4932531422,409069258,2026-09-12 23:30,带图帖,可能的确是写的太长了，使得内容反而失去了可读性。…,673,全文,1,0,,https://xueqiu.com/4932531422/409069258,2026-09-12 23:35
_春风_,4932531422,409078787,2026-09-13 10:05,带图帖,从我的认识来看，规模化猪企的生猪育肥成本的支撑，…,218,全文,1,0,,https://xueqiu.com/4932531422/409078787,
_春风_,4932531422,409079561,2026-09-13 10:19,带图帖,和@用户 兄和@用户。 守正兄认为这两次实际上是…,454,全文,1,0,,https://xueqiu.com/4932531422/409079561,
_春风_,4932531422,409199552,2026-09-14 16:03,带图帖,有意义的回复，抄送主页： 回复 @用户： 现在有…,576,全文,1,0,,https://xueqiu.com/4932531422/409199552,
_春风_,4932531422,409391777,2026-09-15 22:24,专栏,A股猪企育种能力随笔,1548,全文,1,0,,https://xueqiu.com/4932531422/409391777,2026-09-15 22:29
_春风_,4932531422,409470168,2026-09-16 11:48,带图帖,给大家鼓鼓劲。 买股票就像修炼，逻辑功法没有变，…,263,全文,1,0,,https://xueqiu.com/4932531422/409470168,2026-09-16 11:56
_春风_,4932531422,409516837,2026-09-16 17:03,普通帖,出于我内心的顾虑，趁着浏览较小，本帖改为： 猪脚…,63,全文,1,0,,https://xueqiu.com/4932531422/409516837,2026-09-16 18:35
_春风_,4932531422,409677112,2026-09-17 19:02,专栏,猪周期已经走到了随时启动的临界点(26-09-17),1850,全文,1,1,,https://xueqiu.com/4932531422/409677112,
_春风_,4932531422,409946929,2026-09-20 16:26,带图帖,猪周期会消失这个问题，我注意到比较近的一篇文章，…,858,全文,1,0,,https://xueqiu.com/4932531422/409946929,
_春风_,4932531422,409969327,2026-09-20 23:44,带图帖,调控线是3750W，一定要大幅度低于调控线，猪价…,495,全文,1,0,,https://xueqiu.com/4932531422/409969327,2026-09-21 14:14
_春风_,4932531422,410026286,2026-09-21 12:31,带图帖,哎，底部的时候，部分牧原粉丝天天想着割下面中猪、…,473,全文,1,0,,https://xueqiu.com/4932531422/410026286,
_春风_,4932531422,410031152,2026-09-21 13:16,带图帖,大家对温氏的春节附近的论断比较感兴趣。 我也谈谈…,299,全文,1,0,,https://xueqiu.com/4932531422/410031152,2026-09-21 13:45
_春风_,4932531422,410068469,2026-09-21 17:03,长文,祥和实业（26-09-21）今日简报,139,仅摘要,0,0,,https://xueqiu.com/4932531422/410068469,
_春风_,4932531422,410098277,2026-09-21 22:03,专栏,关于天邦食品产投退出的后续讨论,1090,全文,1,1,,https://xueqiu.com/4932531422/410098277,
_春风_,4932531422,410442906,2026-09-24 10:08,普通帖,知行合一，相信自己对拐点的判断，节前加仓。 [图…,62,全文,1,0,,https://xueqiu.com/4932531422/410442906,
_春风_,4932531422,410449386,2026-09-24 10:29,带图帖,此刻正宜打气，大家不用慌，不用被短期的流动性行为…,224,全文,1,0,,https://xueqiu.com/4932531422/410449386,
_春风_,4932531422,410538555,2026-09-24 20:23,带图帖,近期哪来这么多供应的，整体的生猪结构明明不支持，…,298,全文,1,0,,https://xueqiu.com/4932531422/410538555,
_春风_,4932531422,410553627,2026-09-24 23:05,专栏,缺猪行情即将到来，持股猪企静待花开,1658,全文,1,1,,https://xueqiu.com/4932531422/410553627,
_春风_,4932531422,410583812,2026-09-25 13:51,带图帖,补充一个短贴，我发现很多人关注母猪效率和二育的问…,420,全文,1,0,,https://xueqiu.com/4932531422/410583812,2026-09-25 14:22
_春风_,4932531422,410630433,2026-09-26 13:58,普通帖,文章被雪球官方公众号转载，还是比较荣幸，毕竟于金…,46,全文,0,0,,https://xueqiu.com/4932531422/410630433,
_春风_,4932531422,410644621,2026-09-26 22:04,专栏,大家不要被这几天的生猪现货价格吓到了！,485,全文,1,0,,https://xueqiu.com/4932531422/410644621,2026-09-26 22:17
_春风_,4932531422,410645795,2026-09-26 22:44,转发或评论,Bro，如果考虑散户的成本是14，那么自去年九月…,524,全文,1,0,_春风_,https://xueqiu.com/4932531422/410645795,
_春风_,4932531422,410648833,2026-09-27 01:52,带图帖,十五的月亮儿十六圆。夜半无眠，索性溜达下楼，去看…,714,全文,0,0,,https://xueqiu.com/4932531422/410648833,2026-09-27 02:04
_春风_,4932531422,410682620,2026-09-27 22:42,普通帖,股友私聊我告知某地有五十车二育进场，我不太清楚真…,173,全文,1,0,,https://xueqiu.com/4932531422/410682620,
_春风_,4932531422,410783760,2026-09-28 16:12,带图帖,急报！出栏和屠宰出现反向运动，2育大概率开始进场…,334,全文,1,0,,https://xueqiu.com/4932531422/410783760,2026-09-28 17:00
_春风_,4932531422,410801426,2026-09-28 18:34,转发或评论,好问题，不过屠宰不能简单的只理解为需求。对于养殖…,570,全文,1,0,_春风_,https://xueqiu.com/4932531422/410801426,2026-09-28 18:36
_春风_,4932531422,410812229,2026-09-28 20:30,转发或评论,哎！好问题哎。 十个月单头是产能传导完整的估计时…,243,全文,1,0,_春风_,https://xueqiu.com/4932531422/410812229,
_春风_,4932531422,410814045,2026-09-28 20:51,带图帖,飞鹰独木难支啊，我必须出山发言。 首先强调，天邦…,330,全文,1,0,,https://xueqiu.com/4932531422/410814045,
_春风_,4932531422,410900818,2026-09-29 13:21,带图帖,你不得不说，猪价还得看大哥。明天大概要反弹了。 …,261,全文,1,0,,https://xueqiu.com/4932531422/410900818,2026-09-29 13:21
_春风_,4932531422,410915425,2026-09-29 14:47,带图帖,大家都对十倍股很感兴趣，如果不对时间做限制，那么…,331,全文,0,0,,https://xueqiu.com/4932531422/410915425,
_春风_,4932531422,410931193,2026-09-29 16:29,带图帖,今天的出栏开始缩量，屠宰继续萎缩。集团场，是不想…,350,全文,1,0,,https://xueqiu.com/4932531422/410931193,2026-09-29 16:30
_春风_,4932531422,410946252,2026-09-29 18:36,带图帖,天邦公众号今天的文章，如果所言非虚，最令我动容的…,549,全文,1,0,,https://xueqiu.com/4932531422/410946252,
_春风_,4932531422,411014343,2026-09-30 10:02,普通帖,国庆生猪价格别拉太猛，给期货空头一点退出的机会，…,121,全文,1,0,,https://xueqiu.com/4932531422/411014343,
_春风_,4932531422,411031438,2026-09-30 10:59,带图帖,在雪球猪圈混了几个月，我终于掌握了独善其身的方法…,327,全文,1,0,,https://xueqiu.com/4932531422/411031438,
_春风_,4932531422,411041092,2026-09-30 11:40,带图帖,大家今天不要因为震荡而丢掉筹码，再次提醒，猪价拉…,774,全文,1,1,,https://xueqiu.com/4932531422/411041092,
_春风_,4932531422,411113695,2026-09-30 21:40,带图帖,今晚亲叔叔来了电话。寒暄过后，他告诉我，他前妻的…,1220,全文,0,0,,https://xueqiu.com/4932531422/411113695,2026-10-01 02:02
_春风_,4932531422,411153847,2026-10-01 17:05,专栏,鸡、猪竟是对手盘，肉鸡价格何时走高？,1014,全文,1,0,,https://xueqiu.com/4932531422/411153847,2026-10-01 17:09
_春风_,4932531422,411286598,2026-10-04 14:56,专栏,26国庆随笔：消费或将迎来牛市周期,1436,全文,1,0,,https://xueqiu.com/4932531422/411286598,2026-10-04 20:53
_春风_,4932531422,411317412,2026-10-05 14:05,带图帖,有几位球友对我昨天提到的刚需年消费总是在一定区间…,1178,全文,1,1,,https://xueqiu.com/4932531422/411317412,2026-10-05 14:06
_春风_,4932531422,411439131,2026-10-07 21:53,普通帖,临时有事，停更一周。 原专栏发文计划顺延。,21,全文,0,0,,https://xueqiu.com/4932531422/411439131,
_春风_,4932531422,411663371,2026-10-09 11:52,带图帖,最近比较忙，实在没法持续输出，午饭前抽点时间，给…,492,全文,1,0,,https://xueqiu.com/4932531422/411663371,
豆区,5091513072,404038609,2026-08-07 01:40,带图帖,大多数人忽视了牧原的主观预期，牧原是秦英林的公司…,439,全文,1,1,,https://xueqiu.com/5091513072/404038609,
豆区,5091513072,404144104,2026-08-07 14:59,带图帖,猪周期现货的转强时点，最乐观估计是27年年初开始…,527,全文,1,1,,https://xueqiu.com/5091513072/404144104,
豆区,5091513072,404249624,2026-08-08 15:15,原帖（经转发获取）,预判猪肉价格走势正确不代表你能通过期货赚钱，很多…,601,全文,1,1,,https://xueqiu.com/5091513072/404249624,
豆区,5091513072,404249894,2026-08-08 15:21,转发或评论,顺带提一句，2705高点14.5左右（对应牧原年…,164,全文,1,0,豆区,https://xueqiu.com/5091513072/404249894,
豆区,5091513072,404251565,2026-08-08 15:56,转发或评论,牧原只拿一轮猪周期利润的百分之20，历史上一轮差…,187,全文,1,0,豆区,https://xueqiu.com/5091513072/404251565,
豆区,5091513072,404253169,2026-08-08 16:23,原帖（经转发获取）,我认为大多数人持仓牧原，不要关注成本，像牧原这种…,468,全文,1,0,,https://xueqiu.com/5091513072/404253169,
豆区,5091513072,404255199,2026-08-08 17:01,转发或评论,周期股上差不多，但是猪的预期落地比碳酸锂更好更直…,209,全文,1,0,豆区,https://xueqiu.com/5091513072/404255199,
豆区,5091513072,404275079,2026-08-09 03:44,带图帖,讲讲牧原未来的最乐观预期，普通预期（我的预期）和…,1274,全文,1,1,,https://xueqiu.com/5091513072/404275079,
豆区,5091513072,404279899,2026-08-09 09:06,转发或评论,那只能请你稍微看一眼生猪连续的历史了，看看有哪个…,313,全文,1,0,豆区,https://xueqiu.com/5091513072/404279899,
豆区,5091513072,404282606,2026-08-09 10:00,转发或评论,感谢您，看到您我会非常的开心，如同回到家一样，这…,109,全文,1,0,豆区,https://xueqiu.com/5091513072/404282606,
豆区,5091513072,404283396,2026-08-09 10:15,转发或评论,哪年猪周期转强都是全行业盈利，猪周期转强，是全产…,160,全文,1,0,豆区,https://xueqiu.com/5091513072/404283396,
豆区,5091513072,404284982,2026-08-09 10:43,转发或评论,不论是复盘一下历史上猪价高位的时候的行业均成本，…,172,全文,1,0,豆区,https://xueqiu.com/5091513072/404284982,
豆区,5091513072,404285254,2026-08-09 10:48,转发或评论,不要拿现在的成本计算未来的猪价，这会让你会觉得历…,240,全文,1,0,豆区,https://xueqiu.com/5091513072/404285254,
豆区,5091513072,404289342,2026-08-09 12:02,转发或评论,产能出清的预期来自于趋势，不要后知后觉的看数据，…,402,全文,1,0,豆区,https://xueqiu.com/5091513072/404289342,
豆区,5091513072,404290940,2026-08-09 12:40,转发或评论,他是串子（）其实是我粉丝，不用太紧张哈哈，虽然我…,99,全文,1,0,豆区,https://xueqiu.com/5091513072/404290940,
豆区,5091513072,404294030,2026-08-09 13:51,原帖（经转发获取）,@用户 所以你赚不到钱，毕竟只会说“NC粉”,41,全文,1,0,,https://xueqiu.com/5091513072/404294030,
豆区,5091513072,404295126,2026-08-09 14:20,转发或评论,这里还有SpaceX的股吧吗,77,全文,1,0,豆区,https://xueqiu.com/5091513072/404295126,
豆区,5091513072,404295217,2026-08-09 14:22,转发或评论,我无疑是惊恐的,46,全文,1,0,豆区,https://xueqiu.com/5091513072/404295217,
豆区,5091513072,404296410,2026-08-09 14:50,带图帖,完了，原来我是托，我的粉丝都是小号，这波是产业链…,428,全文,1,0,,https://xueqiu.com/5091513072/404296410,
豆区,5091513072,404296816,2026-08-09 15:00,转发或评论,说不定是我妈的功劳,96,全文,1,0,豆区,https://xueqiu.com/5091513072/404296816,
豆区,5091513072,404299967,2026-08-09 16:04,转发或评论,这涉及我的选股逻辑，我倾向于看预期差更大的地方，…,148,全文,1,0,豆区,https://xueqiu.com/5091513072/404299967,
豆区,5091513072,404300356,2026-08-09 16:11,普通帖,我推荐关注我的家人们谨慎串，不要在雪球串，会被我…,59,全文,0,0,,https://xueqiu.com/5091513072/404300356,
豆区,5091513072,404314248,2026-08-09 21:02,转发或评论,可你第一句话就错了，能繁影响的是十个月后的出栏，…,75,全文,1,0,其他用户,https://xueqiu.com/5091513072/404314248,
豆区,5091513072,404415056,2026-08-10 15:24,转发或评论,无所谓，以前嘲讽还则罢了，毕竟猪周期拐点还不明确…,147,全文,1,0,其他用户,https://xueqiu.com/5091513072/404415056,
豆区,5091513072,404415253,2026-08-10 15:25,转发或评论,看不懂逻辑可以不发言，看看自己账户得了,116,全文,1,0,其他用户,https://xueqiu.com/5091513072/404415253,
豆区,5091513072,404422836,2026-08-10 16:18,原帖（经转发获取）,今日盈利35w，持仓仍然是全仓牧原AH。 [图]…,44,全文,1,0,,https://xueqiu.com/5091513072/404422836,
豆区,5091513072,404469093,2026-08-10 23:02,转发或评论,正常在哪，有任何历史行情能支持你的正常判断吗？说…,182,全文,1,0,豆区,https://xueqiu.com/5091513072/404469093,
豆区,5091513072,404469407,2026-08-10 23:06,转发或评论,你预计现在国家疯狂出清产能的时候，还会同时补贴散…,259,全文,1,0,豆区,https://xueqiu.com/5091513072/404469407,
豆区,5091513072,404676664,2026-08-12 10:33,普通帖,并非不是区，是区，现货倒是挺强，期货区了，期货给…,101,全文,1,0,,https://xueqiu.com/5091513072/404676664,
豆区,5091513072,404803274,2026-08-13 07:24,转发或评论,买入原因是当时从科技炒作中退了出来，寻找盈亏同源…,56,全文,1,0,其他用户,https://xueqiu.com/5091513072/404803274,
豆区,5091513072,405232917,2026-08-16 21:59,带图帖,晚上在外面走路，今天没直播，顺手讲讲未来猪周期走…,891,全文,1,1,,https://xueqiu.com/5091513072/405232917,
豆区,5091513072,405236058,2026-08-16 23:01,转发或评论,看利润，次次都一样的是估值，不是K线,195,全文,1,0,豆区,https://xueqiu.com/5091513072/405236058,
豆区,5091513072,405236097,2026-08-16 23:02,转发或评论,你本质上就是想说这次不一样，生猪是个独立品种,338,全文,1,0,豆区,https://xueqiu.com/5091513072/405236097,
豆区,5091513072,405236158,2026-08-16 23:03,转发或评论,你拿光伏举例，就是不了解光伏的需求完全由政策决定…,136,全文,1,0,豆区,https://xueqiu.com/5091513072/405236158,
豆区,5091513072,405236190,2026-08-16 23:04,转发或评论,你反问我会不会的时候，要先看看历史上会不会。,338,全文,1,0,豆区,https://xueqiu.com/5091513072/405236190,
豆区,5091513072,405236299,2026-08-16 23:06,转发或评论,我倒想反问你，凭什么亏钱的时候要跌到收储线以下半…,387,全文,1,0,豆区,https://xueqiu.com/5091513072/405236299,
豆区,5091513072,405236316,2026-08-16 23:06,转发或评论,你觉得是正确的废话，是因为你听不懂什么是有价值的…,342,全文,1,0,豆区,https://xueqiu.com/5091513072/405236316,
豆区,5091513072,405236374,2026-08-16 23:07,转发或评论,你根本没看数据，你只是被市场的悲观预期影响，看不…,134,全文,1,0,豆区,https://xueqiu.com/5091513072/405236374,
豆区,5091513072,405236412,2026-08-16 23:08,转发或评论,自己复盘以往猪周期,145,全文,1,0,豆区,https://xueqiu.com/5091513072/405236412,
豆区,5091513072,405236836,2026-08-16 23:18,转发或评论,首先亏损看的是时间，产能出清看得更是时间，202…,217,全文,1,0,豆区,https://xueqiu.com/5091513072/405236836,
豆区,5091513072,405236981,2026-08-16 23:21,转发或评论,你先解决一下你自己矛盾的地方再提出新的问题，我没…,271,全文,1,0,豆区,https://xueqiu.com/5091513072/405236981,
豆区,5091513072,405237044,2026-08-16 23:22,转发或评论,我没兴趣听无脑散户的认知，影响我判断客观的预期差…,70,全文,1,0,豆区,https://xueqiu.com/5091513072/405237044,
豆区,5091513072,405237154,2026-08-16 23:25,转发或评论,要23-24你说他是猪周期，前两天生猪反弹算不算…,207,全文,1,0,豆区,https://xueqiu.com/5091513072/405237154,
豆区,5091513072,405237398,2026-08-16 23:32,转发或评论,四年一次猪周期，这次长是因为2022年太赚钱了，…,371,全文,1,0,豆区,https://xueqiu.com/5091513072/405237398,
豆区,5091513072,405237414,2026-08-16 23:33,转发或评论,2020，打错了,246,全文,1,0,豆区,https://xueqiu.com/5091513072/405237414,
豆区,5091513072,405237724,2026-08-16 23:42,普通帖,现在牧原40，讲主升逻辑会遭到嘲讽和反对，还有人…,204,全文,1,0,,https://xueqiu.com/5091513072/405237724,
豆区,5091513072,405257347,2026-08-17 09:43,转发或评论,意淫这一块，以前不保护？,102,全文,1,0,豆区,https://xueqiu.com/5091513072/405257347,
豆区,5091513072,405423739,2026-08-18 10:09,普通帖,这两天市场主要倾向于弹性，牧原温氏这种大确定性走…,77,全文,1,0,,https://xueqiu.com/5091513072/405423739,
豆区,5091513072,405437143,2026-08-18 10:53,转发或评论,哥们，弹性看的是头均市值，龙头就是牧原,80,全文,1,0,豆区,https://xueqiu.com/5091513072/405437143,
豆区,5091513072,405442288,2026-08-18 11:11,转发或评论,都是预期差～,54,全文,0,0,_春风_,https://xueqiu.com/5091513072/405442288,
豆区,5091513072,405469829,2026-08-18 14:08,转发或评论,我一般要不就投绝对的弹性，要不就投绝对的确定性，…,134,全文,1,0,豆区,https://xueqiu.com/5091513072/405469829,
豆区,5091513072,405744286,2026-08-19 22:59,转发或评论,我觉得你的判断全靠感觉,147,全文,1,0,豆区,https://xueqiu.com/5091513072/405744286,
豆区,5091513072,405807151,2026-08-20 10:34,带图帖,关于弹性龙头，只按头均市值看绝对的便宜程度的话，…,312,全文,1,0,,https://xueqiu.com/5091513072/405807151,
豆区,5091513072,405809785,2026-08-20 10:41,转发或评论,市值30亿出栏200w头，中粮和天邦26预期出栏…,132,全文,1,0,豆区,https://xueqiu.com/5091513072/405809785,
豆区,5091513072,405813994,2026-08-20 10:54,转发或评论,好在哪，70亿预计出栏240？你好的数据呢？,76,全文,1,0,豆区,https://xueqiu.com/5091513072/405813994,
豆区,5091513072,405814394,2026-08-20 10:55,转发或评论,不看，我不太喜欢中间带,81,全文,1,0,豆区,https://xueqiu.com/5091513072/405814394,
豆区,5091513072,405819023,2026-08-20 11:11,转发或评论,别的业务属于白送给你的,58,全文,1,0,豆区,https://xueqiu.com/5091513072/405819023,
豆区,5091513072,405825054,2026-08-20 11:34,转发或评论,这确实是个问题，但是没办法，要决策完全正确只能牧…,104,全文,1,0,豆区,https://xueqiu.com/5091513072/405825054,
豆区,5091513072,405839018,2026-08-20 13:08,转发或评论,头均市值还是高,58,全文,1,0,豆区,https://xueqiu.com/5091513072/405839018,
豆区,5091513072,406046093,2026-08-21 14:11,带图帖,参加牧原中报交流会后的一点感悟： 我看到很多投行…,1023,全文,1,1,,https://xueqiu.com/5091513072/406046093,
豆区,5091513072,406049074,2026-08-21 14:26,转发或评论,交流会上高管回答我，生产性生物资产的扩张来自于，…,94,全文,1,0,豆区,https://xueqiu.com/5091513072/406049074,
豆区,5091513072,406049284,2026-08-21 14:26,转发或评论,以后这种感悟在，雪球发发得了，B站全是乐子人说我…,38,全文,1,0,豆区,https://xueqiu.com/5091513072/406049284,
豆区,5091513072,406053319,2026-08-21 14:45,转发或评论,错了，是显著高于养殖成本在九个月后,70,全文,1,0,豆区,https://xueqiu.com/5091513072/406053319,
豆区,5091513072,406053747,2026-08-21 14:47,转发或评论,毕竟扩产你得赚钱呀，所以预判刚走强肯定不行，预判…,133,全文,1,0,豆区,https://xueqiu.com/5091513072/406053747,
豆区,5091513072,406249908,2026-08-24 00:28,转发或评论,你告诉啥呢，数据在哪，牧原十二年后复权三十倍叫增…,178,全文,1,0,豆区,https://xueqiu.com/5091513072/406249908,
豆区,5091513072,406249924,2026-08-24 00:28,转发或评论,离谱什么呢，猪周期走弱行业成本自动会跟着降低，猪…,397,全文,1,0,豆区,https://xueqiu.com/5091513072/406249924,
豆区,5091513072,406369449,2026-08-24 17:30,转发或评论,现在全国平均成本都是14.5-15.5，你怎么越…,144,全文,1,0,豆区,https://xueqiu.com/5091513072/406369449,
豆区,5091513072,406369648,2026-08-24 17:32,转发或评论,牧原上市12年周期底部三十倍，年化33，这不怎么…,128,全文,1,0,豆区,https://xueqiu.com/5091513072/406369648,
豆区,5091513072,406369786,2026-08-24 17:33,转发或评论,周期底部贵的话，我客观理性的评价你别评价了,132,全文,1,0,豆区,https://xueqiu.com/5091513072/406369786,
豆区,5091513072,407145678,2026-08-28 18:48,转发或评论,今天远期期货走强了很多，你看不懂预期而已,50,全文,0,0,其他用户,https://xueqiu.com/5091513072/407145678,
豆区,5091513072,407147524,2026-08-28 18:58,转发或评论,ava，其实方向比研究思路重要，找到有预期差的方…,39,全文,1,0,其他用户,https://xueqiu.com/5091513072/407147524,
豆区,5091513072,407149425,2026-08-28 19:07,转发或评论,那你怎么去讨论的估值贵呢。 首先所有的猪肉股在周…,411,全文,1,1,其他用户,https://xueqiu.com/5091513072/407149425,
豆区,5091513072,407271924,2026-08-30 08:53,带图帖,这是我6月8号在B站做的机会提醒，现在不到三个月…,318,全文,1,0,,https://xueqiu.com/5091513072/407271924,
豆区,5091513072,407375341,2026-08-31 11:14,带图帖,持有牧原即将来到真正的考验时点，随着牧原的走强，…,314,全文,1,0,,https://xueqiu.com/5091513072/407375341,
豆区,5091513072,408019373,2026-09-04 10:07,普通帖,哈哈哈哈 拼尽全力抽出余钱参与一下猪肉行情，买了…,86,全文,1,0,,https://xueqiu.com/5091513072/408019373,2026-09-04 10:08
豆区,5091513072,408089946,2026-09-04 15:13,普通帖,猪股收盘盈利54w [图],30,全文,1,0,,https://xueqiu.com/5091513072/408089946,
豆区,5091513072,408125971,2026-09-04 19:45,转发或评论,？，这是今日盈亏，我36成本…,58,全文,1,0,豆区,https://xueqiu.com/5091513072/408125971,
豆区,5091513072,408319413,2026-09-07 13:40,普通帖,卖了天邦，之后加了不少东瑞。 [图][图][图],58,全文,1,0,,https://xueqiu.com/5091513072/408319413,
豆区,5091513072,408425088,2026-09-08 10:24,普通帖,又加了不少东瑞 [图],28,全文,1,0,,https://xueqiu.com/5091513072/408425088,
豆区,5091513072,408742229,2026-09-10 10:45,转发或评论,天邦东瑞都是周五早盘直播做的,66,全文,1,0,其他用户,https://xueqiu.com/5091513072/408742229,
豆区,5091513072,408903926,2026-09-11 10:34,普通帖,总体来说走的不错，毕竟大盘和板块都这样了，还可以…,60,全文,1,0,,https://xueqiu.com/5091513072/408903926,
豆区,5091513072,408939414,2026-09-11 13:27,转发或评论,大多数持续关注猪周期的人会同时和我做出一个判断,94,全文,1,0,豆区,https://xueqiu.com/5091513072/408939414,
豆区,5091513072,408964098,2026-09-11 15:28,带图帖,静静等待市场做猪价转强预期 猪价什么时候转强并不…,518,全文,1,1,,https://xueqiu.com/5091513072/408964098,
豆区,5091513072,408980106,2026-09-11 17:22,转发或评论,翻译的并不对，实际拐点不一定来没来，短线未必炒不…,115,全文,1,0,豆区,https://xueqiu.com/5091513072/408980106,
豆区,5091513072,409137311,2026-09-14 09:53,转发或评论,那确实不如你的赛力斯,59,全文,1,0,豆区,https://xueqiu.com/5091513072/409137311,
豆区,5091513072,409160449,2026-09-14 11:27,转发或评论,你呀，以前不知道，应该也在唱空，就在我这都从37…,92,全文,1,0,豆区,https://xueqiu.com/5091513072/409160449,
豆区,5091513072,409175668,2026-09-14 13:38,普通帖,你原神瑞神这两天基本都是生猪养殖板块第一第二，不…,60,全文,1,0,,https://xueqiu.com/5091513072/409175668,
豆区,5091513072,409335583,2026-09-15 14:53,普通帖,是这乱世害了你们啊，真没招了,48,全文,1,0,,https://xueqiu.com/5091513072/409335583,
豆区,5091513072,409390616,2026-09-15 22:12,普通帖,我目前的东瑞持仓 [图],29,全文,1,0,,https://xueqiu.com/5091513072/409390616,
豆区,5091513072,409458556,2026-09-16 11:01,转发或评论,讲这些的本质黑子罢了，没什么好解释的,148,全文,1,0,其他用户,https://xueqiu.com/5091513072/409458556,
豆区,5091513072,409639881,2026-09-17 14:23,普通帖,靠着买猪和切换，本月盈利突破七位数了。 [图],57,全文,1,0,,https://xueqiu.com/5091513072/409639881,
豆区,5091513072,409645063,2026-09-17 14:51,转发或评论,@豆区 我东瑞12.3说的，但因为建仓时间，我成…,124,全文,1,0,豆区,https://xueqiu.com/5091513072/409645063,
豆区,5091513072,409684708,2026-09-17 20:33,带图帖,养猪VS买猪企 我看有人看猪周期要走强想养猪啊，…,891,全文,1,1,,https://xueqiu.com/5091513072/409684708,
豆区,5091513072,409685176,2026-09-17 20:38,转发或评论,这里对比的是生猪养殖，兼容其他概念那就不能这么算…,117,全文,1,0,豆区,https://xueqiu.com/5091513072/409685176,
豆区,5091513072,409686574,2026-09-17 20:52,转发或评论,新希望负债率70，但是也还行吧我感觉总体来说没啥…,98,全文,1,0,豆区,https://xueqiu.com/5091513072/409686574,
豆区,5091513072,409697109,2026-09-17 22:20,转发或评论,说得好像别的上市公司没有人脉和资本资源一样,96,全文,1,0,豆区,https://xueqiu.com/5091513072/409697109,
豆区,5091513072,409697162,2026-09-17 22:21,转发或评论,销售均价倒第一，我回头再看吧,69,全文,1,0,豆区,https://xueqiu.com/5091513072/409697162,
豆区,5091513072,409810676,2026-09-18 15:28,转发或评论,神农不可能第二，弹性太弱,81,全文,1,0,豆区,https://xueqiu.com/5091513072/409810676,
豆区,5091513072,409977381,2026-09-21 08:35,转发或评论,你得分清产能的参股和控股,184,全文,1,0,豆区,https://xueqiu.com/5091513072/409977381,
豆区,5091513072,409997665,2026-09-21 10:07,普通帖,我说东瑞股份是生猪养殖龙头，有没有懂的。,37,全文,1,0,,https://xueqiu.com/5091513072/409997665,
豆区,5091513072,410039332,2026-09-21 14:03,普通帖,前两天还有人看什么避雷针之类的技术面，我只能说在…,81,全文,1,0,,https://xueqiu.com/5091513072/410039332,
豆区,5091513072,410092644,2026-09-21 21:19,带图帖,天邦重整又寄了，大概率要成为猪肉板块养分了，以往…,249,全文,1,0,,https://xueqiu.com/5091513072/410092644,
豆区,5091513072,410116076,2026-09-22 05:30,转发或评论,负债率90和负债率50一样，你这发言有点抽象了某…,125,全文,1,0,其他用户,https://xueqiu.com/5091513072/410116076,
豆区,5091513072,410225110,2026-09-22 17:48,转发或评论,还在把我理解成互联网战法，我觉得你还是没看懂市场…,185,全文,1,0,其他用户,https://xueqiu.com/5091513072/410225110,
豆区,5091513072,410225174,2026-09-22 17:49,转发或评论,？，我不看别人推荐，你也不用老给我推荐天康，这玩…,120,全文,1,0,其他用户,https://xueqiu.com/5091513072/410225174,
豆区,5091513072,410300076,2026-09-23 10:11,转发或评论,呵呵，钱赚不到，引战踩一捧一你倒是有一手,98,全文,1,0,其他用户,https://xueqiu.com/5091513072/410300076,
豆区,5091513072,410318293,2026-09-23 11:19,转发或评论,买着销售均价倒第一的股，硬说自己基本面，不知道是…,194,全文,1,0,其他用户,https://xueqiu.com/5091513072/410318293,
豆区,5091513072,410320135,2026-09-23 11:27,转发或评论,要不他是唐比，要不他在装唐，结论完毕。,74,全文,1,0,其他用户,https://xueqiu.com/5091513072/410320135,
豆区,5091513072,410604610,2026-09-25 22:08,普通帖,我将成长为一个温润如玉的君子，以后不打逆风局少对…,26,全文,0,0,,https://xueqiu.com/5091513072/410604610,
豆区,5091513072,410605996,2026-09-25 22:22,转发或评论,我今天本来像怼某用户来着，他老是搞特别明显的读财…,49,全文,0,0,豆区,https://xueqiu.com/5091513072/410605996,
豆区,5091513072,410706684,2026-09-28 09:54,普通帖,养猪是犯罪吗，这现货价，这豆粕涨价，这生猪期货，…,48,全文,1,0,,https://xueqiu.com/5091513072/410706684,
豆区,5091513072,410735427,2026-09-28 11:18,普通帖,东瑞是龙头，原因我分析过了，不再讲了。,36,全文,1,0,,https://xueqiu.com/5091513072/410735427,
豆区,5091513072,410754441,2026-09-28 13:26,普通帖,弹性龙头和确定性龙头，日常板块第一第二，市场还是…,63,全文,1,0,,https://xueqiu.com/5091513072/410754441,
豆区,5091513072,411009209,2026-09-30 09:47,普通帖,对利好很敏感啊瑞瑞,26,全文,1,0,,https://xueqiu.com/5091513072/411009209,
豆区,5091513072,411015533,2026-09-30 10:06,普通帖,错了，不开香槟了，回落了，正所谓人要做温润如玉的…,64,全文,1,0,,https://xueqiu.com/5091513072/411015533,
豆区,5091513072,411015927,2026-09-30 10:07,转发或评论,不不不刀佬无疑说的是有道理的，万一人家确实有个庄…,57,全文,1,0,其他用户,https://xueqiu.com/5091513072/411015927,
豆区,5091513072,411018808,2026-09-30 10:16,普通帖,我现在觉得没有必要吵架，不看好东瑞也正常，东瑞这…,147,全文,1,0,,https://xueqiu.com/5091513072/411018808,
豆区,5091513072,411021525,2026-09-30 10:25,转发或评论,我错了，我真觉得刀哥是高手，有自己的逻辑，可能他…,112,全文,1,0,豆区,https://xueqiu.com/5091513072/411021525,
豆区,5091513072,411021813,2026-09-30 10:26,转发或评论,我想和你缓和一下，毕竟你也十四万粉，没必要针锋相…,39,全文,1,0,其他用户,https://xueqiu.com/5091513072/411021813,
豆区,5091513072,411022182,2026-09-30 10:27,转发或评论,我可能菜一点，但近三个月也浮盈了五十多个点，赚了…,47,全文,1,0,其他用户,https://xueqiu.com/5091513072/411022182,
豆区,5091513072,411023248,2026-09-30 10:30,转发或评论,短期的收益证明不了什么，各做各的呗，何必天天引战…,132,全文,1,0,其他用户,https://xueqiu.com/5091513072/411023248,
豆区,5091513072,411025257,2026-09-30 10:36,转发或评论,我也没和笨韭有啥争执啊，不就是娱乐竞争一下吗,62,全文,1,0,其他用户,https://xueqiu.com/5091513072/411025257,
豆区,5091513072,411026060,2026-09-30 10:39,转发或评论,猪肉股垃圾在哪，未来东瑞再不济一年赚十亿也没问题…,174,全文,1,0,其他用户,https://xueqiu.com/5091513072/411026060,
豆区,5091513072,411026216,2026-09-30 10:39,转发或评论,不知道，我没太细研究,47,全文,1,0,豆区,https://xueqiu.com/5091513072/411026216,
豆区,5091513072,411026731,2026-09-30 10:41,转发或评论,我回头多试试，但我觉得你还是挺多老粉丝的，至少你…,30,全文,1,0,其他用户,https://xueqiu.com/5091513072/411026731,
豆区,5091513072,411027751,2026-09-30 10:44,转发或评论,我这几天每天都在B站发了，短期不及预期完全可以走…,167,全文,1,0,其他用户,https://xueqiu.com/5091513072/411027751,
豆区,5091513072,411028367,2026-09-30 10:46,转发或评论,我只是希望给别人一些面子和台阶，天天一点开雪球就…,109,全文,1,0,豆区,https://xueqiu.com/5091513072/411028367,
豆区,5091513072,411029479,2026-09-30 10:51,转发或评论,崔哥～呜呜呜,91,全文,1,0,豆区,https://xueqiu.com/5091513072/411029479,
豆区,5091513072,411032976,2026-09-30 11:05,转发或评论,那谁拉升的呢，我挺感谢他给我接盘，挺好。 客观来…,54,全文,1,0,其他用户,https://xueqiu.com/5091513072/411032976,
豆区,5091513072,411033100,2026-09-30 11:05,转发或评论,游资炒作只能影响短期，长期就回归基本面了，没必要…,35,全文,1,0,其他用户,https://xueqiu.com/5091513072/411033100,
豆区,5091513072,411033627,2026-09-30 11:08,转发或评论,为什么赖我？我这两天都是唱空，我说获利该走走，昨…,341,全文,1,0,其他用户,https://xueqiu.com/5091513072/411033627,
豆区,5091513072,411033827,2026-09-30 11:08,转发或评论,我不理解凭什么阴谋论我，我明明讲的是价值逻辑，也…,279,全文,1,0,其他用户,https://xueqiu.com/5091513072/411033827,
豆区,5091513072,411035394,2026-09-30 11:14,转发或评论,猪肉板块和其中股票又有什么关系，猪周期来了都各自…,52,全文,1,0,其他用户,https://xueqiu.com/5091513072/411035394,
豆区,5091513072,411129823,2026-10-01 04:52,带图帖,本来还想着某用户也算个大V，我趁着回落装装糖给他…,214,全文,1,0,,https://xueqiu.com/5091513072/411129823,2026-10-01 04:53
豆区,5091513072,411569789,2026-10-08 19:52,普通帖,是我眼神不好还是什么情况，为什么这么多人说钢联出…,120,全文,1,0,,https://xueqiu.com/5091513072/411569789,
