date,topic,statement_excerpt,url,category,note
2019-03-28,后备母猪,后备母猪的数量也正在发生变化，2018年底大概是30-40万头这个量级，现在和之后应该是有所增长的。,https://static.cninfo.com.cn/finalpage/2019-03-28/1205952902.DOCX,事实,调研日2019-03-27
2019-08-29,留种与出栏,近几个月因生猪场区改造的完成、生产的稳定以及种猪调运恢复到畅通的状态，公司逐步增加后备母猪的留种量，对当期商品猪出栏有一定的影响。,https://static.cninfo.com.cn/finalpage/2019-08-29/1206730982.DOCX,事实,
2019-08-29,出栏计划执行,"公司目前出栏量与年初计划出栏1,300万头的目标有一定差距，是否有出栏压力？公司2019年计划出栏生猪1,300万头至1,500万头，对公司年初的出栏计划正在努力达成。",https://static.cninfo.com.cn/finalpage/2019-08-29/1206731033.docx,计划,"2019年实际1,025.33万头"
2019-10-14,留种与出栏,随着种猪调运逐步恢复正常，公司正在加快前期部分闲置母猪场的投产，并为2020年的扩产大量留种，对当期的出栏量造成一定影响。,https://static.cninfo.com.cn/finalpage/2019-10-14/1206981630.DOCX,事实,调研日2019-10-13
2020-02-19,PSY,公司后备母猪的选留标准一直未发生变化，公司的PSY保持在24左右。,https://static.cninfo.com.cn/finalpage/2020-02-19/1207314565.docx,事实,
2020-02-27,能繁母猪目标,截至2019年12月底，公司能繁母猪存栏为128.32万头。根据公司的配种计划，预计2020年底，公司能繁母猪存栏量可以提高一倍。,https://static.cninfo.com.cn/finalpage/2020-02-27/1207329355.DOCX,目标,2020年末实际262.4万头
2020-02-27,出栏计划口径,2020年1750-2000万头的出栏目标是已经刨除留种量之后的出栏目标，因为2020年是猪价较高的一年，公司在制定出栏目标时充分考虑留种计划，把满足选留条件的母猪都留下,https://static.cninfo.com.cn/finalpage/2020-02-27/1207329355.DOCX,计划,
2020-05-27,留种节奏,公司每个月都在进行母猪留种，但是由于近期工程建设速度与预期相比较慢，所以近期母猪留种数相比前几个月有所减少，且开始少量销售二元种猪。,https://static.cninfo.com.cn/finalpage/2020-05-27/1207866425.docx,事实,
2020-07-08,2019年生物资产增长,生产性生物资产2019年末余额为38.35亿元，较2018年末余额增加23.74亿元，增长比例为162.45%，其中因为生产性生物资产存栏头数增加导致生产性生物资产余额增加为13.38亿元,https://static.cninfo.com.cn/finalpage/2020-07-08/1208012845.PDF,事实,同文：在2019年实施大规模留种计划
2020-07-08,2019年留种,公司抓住机遇，快速发展，不断扩大生产规模，在2019年实施大规模留种计划。,https://static.cninfo.com.cn/finalpage/2020-07-08/1208012845.PDF,事实,
2022-03-23,2018H2留种放缓,2018年非洲猪瘟疫情后，猪价大幅下跌，加之禁运政策使得能繁母猪无法自由调运，故公司2018年下半年整体上放缓了能繁母猪留种的扩张，致使公司2019年度生猪出栏量增幅较小，产能利用率相对较低。,https://static.cninfo.com.cn/finalpage/2022-03-23/1212647088.PDF,事实,非公开发行反馈回复；同段亦见2021-08-12可转债募集说明书
2021-07-22,2021Q2母猪调减,结合前段时间猪价，公司对二季度生产安排做出一些调整，因此，二季度能繁母猪比一季度有所下降，但未来总体还是增加的趋势，关键要看今年下半年的市场行情。,https://static.cninfo.com.cn/finalpage/2021-07-22/1210545396.PDF,事实,
2021-08-27,2021Q2母猪调减,"公司二季度末能繁母猪数量较一季度末有所下降，主要原因是公司加大了对能繁母猪群的优化筛选力度。2021年6月末公司能繁母猪数量已能够支撑超过5,000万头的生猪出栏",https://static.cninfo.com.cn/finalpage/2021-08-27/1210892661.PDF,事实,
2021-12-16,后备母猪,2021年11月末公司能繁母猪存栏在277万头左右，较之前月份有所提升。公司后备能繁母猪的数量基本维持在110万头-130万头左右。,https://static.cninfo.com.cn/finalpage/2021-12-16/1211935192.PDF,事实,
2022-02-19,PSY/MSY,公司目前PSY在24左右，MSY在20左右。,https://static.cninfo.com.cn/finalpage/2022-02-19/1212403864.PDF,事实,
2023-05-17,MSY,公司当前MSY在25左右。,https://static.cninfo.com.cn/finalpage/2023-05-17/1216842589.PDF,事实,
2022-03-23,淘汰更新节奏,公司严格管理能繁母猪淘汰标准，近期能繁母猪整体淘汰轮换节奏较2019、2020年有所加快,https://static.cninfo.com.cn/finalpage/2022-03-23/1212652731.PDF,事实,
2022-03-23,生物资产会计,公司的生产性生物资产无法转化为消耗性生物资产，当成熟或未成熟种猪不符合育种条件时，公司直接将其出售，其账面余额结转计入当期损益。,https://static.cninfo.com.cn/finalpage/2022-03-23/1212647088.PDF,事实,非公开发行反馈回复
2022-05-12,能繁母猪计划,公司二季度是否有削减能繁母猪的计划您好，公司能繁母猪数量稳定，目前没有大幅减少能繁母猪的计划。,https://static.cninfo.com.cn/finalpage/2022-05-12/1213341650.PDF,计划,2022Q2末实际降至247.3万头(-27.9万)
2022-06-17,2022Q2母猪调减,能繁母猪下降的主要原因是公司为提升生产效率，降低养殖成本，提升了能繁母猪的淘汰标准，优先淘汰了部分产仔数较低的能繁母猪；同时公司对健康基础差的母猪场进行能繁母猪的替换更新,https://static.cninfo.com.cn/finalpage/2022-06-17/1213743169.PDF,事实,
2022-07-08,母猪波动与猪价,自2021年二季度以来，公司生猪养殖处于稳定生产阶段，能繁母猪数量呈现小幅区间波动，主要基于公司自身经营需求，不代表公司对未来猪价走势的判断,https://static.cninfo.com.cn/finalpage/2022-07-08/1213999885.PDF,事实,
2022-06-01,扩张规划,基于此，公司2019年以来制定了积极扩张生猪养殖规模的发展规划和能繁母猪增长规划，公司生猪出栏量自2020年以来呈现持续快速增长的状态。,https://reportdocs.static.szse.cn/UpFiles/fxklwxhj/LSD002714171799103046HF.pdf,事实,2021年报问询回复(公告2022-091)
2022-06-01,资本开支收缩,同时自2021年下半年以来，公司在保证现金流安全的情况下合理规划资本开支，加强投资性现金流的管理力度。,https://reportdocs.static.szse.cn/UpFiles/fxklwxhj/LSD002714171799103046HF.pdf,事实,
2023-06-03,建设放缓,5月末公司能繁母猪数量约298万头，5月份公司配种数量超过70万窝，公司养殖场建设速度较过去几年速度放缓。,https://static.cninfo.com.cn/finalpage/2023-06-03/1216985031.PDF,事实,
2023-11-10,后备会计,公司根据生产经营规划从育肥猪中严格选育后备猪，在被选育时点，相关资产会从“消耗性生物资产”转至“生产性生物资产－未成熟种猪”中。后备猪完成第一次配种后成为能繁母猪,https://static.cninfo.com.cn/finalpage/2023-11-10/1218297515.PDF,事实,
2024-04-28,生物资产增加原因(2024Q1),公司报表上生产性生物资产增加较多的主要原因一是后备母猪数量有所增加，同时延长了后备母猪在群时间，以进一步提升其健康水平；二是加快了对母猪的更新力度，待淘母猪的增加也体现在生产性生物资产账面价值的增加中。,https://static.cninfo.com.cn/finalpage/2024-04-28/1219890070.PDF,事实,2024Q1末PBA 106.37亿 vs 年初93.15亿
2024-06-06,能繁母猪规划,近期公司适当提升能繁母猪数量，提高母猪舍利用效率。,https://static.cninfo.com.cn/finalpage/2024-06-06/1220287405.PDF,事实,
2024-08-30,后备规模,近期公司能繁母猪数量保持稳定，依据生产节奏及需求动态调整后备母猪规模。,https://static.cninfo.com.cn/finalpage/2024-08-30/1221062452.PDF,事实,
2024-10-30,产能,"截至2024年9月末，生猪养殖产能为8,086万头/年，能繁母猪存栏为331.6万头，与二季度末相比基本保持稳定。",https://static.cninfo.com.cn/finalpage/2024-10-30/1221563328.PDF,事实,
2024-12-21,母猪与产能扩张,今年以来，公司的能繁母猪数量、配种量、产能规模相比去年均有提升,https://static.cninfo.com.cn/finalpage/2024-12-21/1222095318.PDF,事实,
2025-02-14,完全成本,从1-2月的15.8元/kg下降至12月的13元/kg，达成此前制定的成本下降目标。,https://static.cninfo.com.cn/finalpage/2025-02-14/1222545176.PDF,事实,
2025-02-14,完全成本,公司2025年1月的生猪养殖完全成本在13.1元/kg左右,https://static.cninfo.com.cn/finalpage/2025-02-14/1222545176.PDF,事实,
2025-02-14,断奶仔猪/PSY,随着公司PSY、活仔数等指标的提升，同等规模的母猪舍相比之前能生产更多数量的仔猪，公司加大仔猪销售能进一步提升母猪舍的利用效率，并且近期公司的断奶仔猪成本在260-270元/头,https://static.cninfo.com.cn/finalpage/2025-02-14/1222545176.PDF,事实,
2025-03-20,产能与能繁,"截至2024年末，公司生猪养殖产能约8,100万头/年，能繁母猪存栏为351.2万头。",https://static.cninfo.com.cn/finalpage/2025-03-20/1222850621.PDF,事实,
2025-03-20,完全成本,全年平均成本在14元/kg左右，2025年2月份进一步下降至12.9元/kg。,https://static.cninfo.com.cn/finalpage/2025-03-20/1222850621.PDF,事实,
2025-03-20,资本开支,公司预计2025年资本开支金额为90亿元，其中猪舍升级改造为30亿元，郑州产业园及育种平台建设为40-50亿元。,https://static.cninfo.com.cn/finalpage/2025-03-20/1222850621.PDF,计划,2025年实际购建长期资产现金95.29亿元(年报现金流量表)
2025-03-20,成本目标,2025年公司的成本目标是全年平均12元/kg,https://static.cninfo.com.cn/finalpage/2025-03-20/1222850621.PDF,目标,
2025-04-09,能繁母猪披露口径,您好，公司会在每季度末的销售简报中披露当期能繁母猪数量。截至2025年3月末，公司能繁母猪存栏为348.5万头。,https://static.cninfo.com.cn/finalpage/2025-04-09/1223034651.PDF,事实,回答“1月、2月、3月的能繁母猪数量分别是多少”
2025-04-09,PSY/MSY,目前的PSY、MSY分别是多少？您好，当前PSY在28左右，谢谢！,https://static.cninfo.com.cn/finalpage/2025-04-09/1223034651.PDF,事实,MSY未回答
2025-04-25,生产指标,2025年一季度，公司全程成活率在82%左右，肥猪日增重在810g左右，PSY在28左右，育肥料肉比在2.8左右。,https://static.cninfo.com.cn/finalpage/2025-04-25/1223291088.PDF,事实,
2025-04-25,完全成本,年初至今，公司生猪养殖完全成本逐月下降，3月已降至12.5元/kg。,https://static.cninfo.com.cn/finalpage/2025-04-25/1223291088.PDF,事实,
2025-05-17,完全成本,2025年4月，公司生猪养殖完全成本已经达到12.4元/kg。,https://static.cninfo.com.cn/finalpage/2025-05-17/1223573719.PDF,事实,
2025-05-17,资本开支,公司今年资本开支规模在90亿左右，未来新增资本开支将进一步控制在较低水平,https://static.cninfo.com.cn/finalpage/2025-05-17/1223573719.PDF,计划,
2025-05-30,产能战略,2018-2020年，公司进入高速发展阶段，在规模趋于稳定后，2021年公司及时做出战略性调整，从高速发展向高质量发展转变，资本开支逐步下降，国内新建产能控制在较小规模。,https://static.cninfo.com.cn/finalpage/2025-05-30/1223723554.PDF,事实,
2025-05-30,H股募资用途,本次港股上市的募集资金用途：一是将用于拓展全球商业版图，包括加强全球采购的供应链建设、加强海外市场布局与覆盖以及海外并购等战略举措的推进；二是将用于研发投入,https://static.cninfo.com.cn/finalpage/2025-05-30/1223723554.PDF,计划,
2025-06-07,完全成本,年初至今，公司生猪养殖成本逐月下降，5月份已降至12.2元/kg左右,https://static.cninfo.com.cn/finalpage/2025-06-07/1223814774.PDF,事实,
2025-06-07,资本开支,2024年公司首次出现年度资本开支小于资产折旧，这是公司进入新发展阶段的关键转折点,https://static.cninfo.com.cn/finalpage/2025-06-07/1223814774.PDF,事实,
2025-08-21,能繁母猪,截至2025年6月末，公司能繁母猪存栏为343.1万头。,https://static.cninfo.com.cn/finalpage/2025-08-21/1224527179.PDF,事实,
2025-08-21,完全成本,生猪养殖完全成本逐月下降，7月已降至11.8元/kg左右。,https://static.cninfo.com.cn/finalpage/2025-08-21/1224527179.PDF,事实,
2025-08-21,产能调控-调减能繁,第一，调减能繁母猪存栏规模，有序淘汰低产低效母猪，预计年底将降到330万头。对于明年的能繁母猪数量规划，在当下产能调控方案的指引下，公司短期内不考虑新增母猪；,https://static.cninfo.com.cn/finalpage/2025-08-21/1224527179.PDF,目标,2025年末实际323.2万头
2025-08-21,产能调控-出栏体重,在对生猪出栏体重的管理上，公司近期持续降低均重，预计本月底将降至120kg；,https://static.cninfo.com.cn/finalpage/2025-08-21/1224527179.PDF,目标,
2025-08-21,产能调控-二次育肥,此前公司已全面停止向二次育肥客户销售育肥猪，并积极配合相关部门，构建管控体系，从源头进行把控，确保所有育肥猪都能流向屠宰厂。,https://static.cninfo.com.cn/finalpage/2025-08-21/1224527179.PDF,事实,
2025-08-21,H股募资用途,募集资金主要用于拓展全球商业版图及研发投入，不会用于国内新增产能建设。,https://static.cninfo.com.cn/finalpage/2025-08-21/1224527179.PDF,计划,
2025-08-21,成本目标,从1月的13.1元/kg逐月下降至7月11.8元/kg，其中成本下降均来源于生产成绩改善与单位期间费用下降。公司今年制定的成本目标是全年平均12元/kg，年底计划降至11元/kg,https://static.cninfo.com.cn/finalpage/2025-08-21/1224527179.PDF,目标,
2025-08-21,完全成本(半年报),2025年6月生猪养殖完全成本低于12.1元/kg。,https://static.cninfo.com.cn/finalpage/2025-08-21/1224525611.PDF,事实,2025年半年度报告
2025-10-10,仔猪计划上调,"2025年1-9月公司共销售仔猪1,157.1万头。根据公司生产、销售部门的最新预计，2025年仔猪出栏量预计区间由“800万头-1,200万头”调整为“1,200万头-1,450万头”。",https://static.cninfo.com.cn/finalpage/2025-10-10/1224703355.PDF,计划,
2025-10-31,产能调控-能繁,公司积极响应国家产能调控的号召，三季度末已将能繁母猪存栏降至330.5万头。,https://static.cninfo.com.cn/finalpage/2025-10-31/1224779307.PDF,事实,
2025-10-31,完全成本,9月已降至11.6元/kg，较1月下降1.5元/kg，成本下降均来源于生产成绩改善与期间费用摊销下降。,https://static.cninfo.com.cn/finalpage/2025-10-31/1224779307.PDF,事实,
2025-10-31,生产指标,今年9月，公司断奶到上市成活率达到93%，全程成活率在87%左右，PSY在29左右，肥猪日增重在880g左右，育肥阶段料肉比在2.64左右。,https://static.cninfo.com.cn/finalpage/2025-10-31/1224779307.PDF,事实,
2025-10-31,后备进群标准,一是猪群健康水平的改善，通过提高后备猪进群标准，改善能繁母猪健康状况，并在蓝耳病、PED等核心疾病防控方面取得显著进展,https://static.cninfo.com.cn/finalpage/2025-10-31/1224779307.PDF,事实,
2025-10-31,国内资本开支,在国内，公司已完成大规模的产能建设，越来越多的场线进入到满产运营状态，未来国内部分的资本开支将呈现下降趋势。,https://static.cninfo.com.cn/finalpage/2025-10-31/1224779307.PDF,计划,
2025-11-28,完全成本,公司2025年10月的生猪养殖完全成本在11.3元/kg左右，环比下降接近0.3元/kg,https://static.cninfo.com.cn/finalpage/2025-11-28/1224832556.PDF,事实,
2025-11-28,断奶仔猪成本,公司的断奶仔猪成本从年初的270元/头左右降至近期的230-240元/头。,https://static.cninfo.com.cn/finalpage/2025-11-28/1224832556.PDF,事实,
2026-03-28,完全成本,全年平均成本降至12元/kg左右，同比降幅达2元/kg。,https://static.cninfo.com.cn/finalpage/2026-03-28/1225049287.PDF,事实,
2026-03-28,出栏计划,"2026年，公司结合行业发展情况、市场情况及自身经营情况，预计全年销售商品猪7,500万头-8,100万头。",https://static.cninfo.com.cn/finalpage/2026-03-28/1225049287.PDF,计划,
2026-03-28,成本目标,公司2026年成本目标为全年平均成本降至11.5元/kg以下。,https://static.cninfo.com.cn/finalpage/2026-03-28/1225049287.PDF,目标,
2026-03-28,资本开支,公司今年资本开支预计在100亿左右。相比去年，公司在屠宰端的资本开支规划有所提升。,https://static.cninfo.com.cn/finalpage/2026-03-28/1225049287.PDF,计划,
2026-03-28,生产指标,2026年1-2月，公司生猪全程成活率在83%-84%，断奶到上市成活率在89%以上，PSY在28左右，肥猪日增重在860g左右，全程料肉比在2.7左右。,https://static.cninfo.com.cn/finalpage/2026-03-28/1225049287.PDF,事实,
2026-03-28,H股募资用途,公司在香港上市募集资金的60%将用于海外业务的拓展,https://static.cninfo.com.cn/finalpage/2026-03-28/1225049287.PDF,计划,
2026-04-16,产能调控回应,截至2026年3月末，公司能繁母猪存栏为312.9万头。去年以来，公司已积极响应国家生猪产能调控政策，从减能繁、降体重、限二育等方面进行落实,https://static.cninfo.com.cn/finalpage/2026-04-16/1225109223.PDF,事实,回答“国家要求降到3650万头，公司的指标是多少”时未给出公司目标
2026-04-16,出栏体重,您好，公司2025年度商品猪销售均重在126公斤左右。,https://static.cninfo.com.cn/finalpage/2026-04-16/1225109223.PDF,事实,
2026-04-16,资本开支构成,公司2025年资本开支主要包括固定资产的维护性支出、过往工程款的支付以及部分场区新增投资等。公司2026年资本开支预计在100亿元左右,https://static.cninfo.com.cn/finalpage/2026-04-16/1225109223.PDF,事实,
2026-04-16,国内养殖资本开支,在国内，养殖方面，公司已完成大规模的产能建设，未来国内养殖部分的资本开支将呈现下降趋势。,https://static.cninfo.com.cn/finalpage/2026-04-16/1225109223.PDF,计划,
2026-04-16,现金成本结构,折旧摊销等非现金成本占比在10%左右,https://static.cninfo.com.cn/finalpage/2026-04-16/1225109223.PDF,事实,
2026-04-22,完全成本,2026年1-2月公司的生猪养殖完全成本约为12元/kg，3月份已降至11.6元/kg。,https://static.cninfo.com.cn/finalpage/2026-04-22/1225143167.PDF,事实,
2026-04-22,资本开支,在资本开支上，公司在一季度对过往工程款进行了集中支付，后续将根据市场行情与经营需求审慎规划资本开支水平，预计全年会控制在100亿元以下。,https://static.cninfo.com.cn/finalpage/2026-04-22/1225143167.PDF,计划,2026H1购建长期资产现金65.21亿元
2026-04-30,PSY,PSY从2024年的26.7提升到2025年的28.3，目前在28以上。,https://static.cninfo.com.cn/finalpage/2026-04-30/1225269383.PDF,事实,
2026-04-30,出栏策略,公司坚持连续生产、均衡出栏的策略，不把精力放在研判未来趋势上,https://static.cninfo.com.cn/finalpage/2026-04-30/1225269383.PDF,计划,
2026-05-14,固定资产与维护性资本开支,"截至2025年末，公司固定资产账面原值为1,650亿元，净值为1,006亿元。长期来看，如果不考虑新增项目，在公司当前的资产规模下，每年用于固定资产维修改造、设备更新等相对刚性的资本开支，预计在60-70亿元左右",https://static.cninfo.com.cn/finalpage/2026-05-14/1225305558.PDF,事实,
2026-05-14,产能调控回应,在如今产能调控背景下，公司将持续积极响应、落实政府号召，把握发展机遇，主动调整公司未来发展方向。,https://static.cninfo.com.cn/finalpage/2026-05-14/1225305558.PDF,计划,
2026-05-14,屠宰复工,当前公司部分屠宰厂开始复工建设，未来会根据市场情况及时投产。,https://static.cninfo.com.cn/finalpage/2026-05-14/1225305558.PDF,事实,
2026-06-24,国内资本开支,在国内，公司已完成大规模的生猪产能建设，屠宰肉食业务所需新增资本开支相对较小，未来国内部分的资本开支将呈现下降趋势。,https://static.cninfo.com.cn/finalpage/2026-06-24/1225384641.PDF,计划,董事长已变更为曹治年
2026-08-21,完全成本(半年报),2026年上半年，公司生产成绩持续改善，生猪养殖成本同比下降，2026年6月生猪养殖完全成本在11.7元/kg左右。,https://static.cninfo.com.cn/finalpage/2026-08-21/1225485220.PDF,事实,2026年半年度报告
2026-08-21,成本目标(半年报),努力实现今年制定的全年平均11.5元/kg的成本目标。,https://static.cninfo.com.cn/finalpage/2026-08-21/1225485220.PDF,目标,2026年半年度报告
2026-08-21,完全成本,公司2026年7月的生猪养殖完全成本已降至11.5元/kg左右。,https://static.cninfo.com.cn/finalpage/2026-08-21/1225488086.PDF,事实,交流会2026-08-20；线索称“8月约11.5”有误，应为7月
2026-08-21,产能调控-能繁目标,公司积极响应国家生猪产能调控的号召，计划在9月底将能繁母猪降至300万头以下，距离去年的阶段性高点下降60万头左右。,https://static.cninfo.com.cn/finalpage/2026-08-21/1225488086.PDF,目标,“去年阶段性高点”≈360万头，季末披露值中未出现(2025年季末最高348.5)
2026-08-21,落后产能优化,在响应产能调控政策的过程中，公司对内部的落后产能及时进行优化，为高成本场线重新制定生产规划,https://static.cninfo.com.cn/finalpage/2026-08-21/1225488086.PDF,计划,
2026-08-21,生物资产增加原因(2026Q2),五、公司二季度末生产性生物资产增加的原因？近期公司进行生产工艺创新，从乳猪段开始挑选后备，进入后备猪群进行健康管理，替换淘汰现有母猪，实现疾病净化，提升母猪的健康水平和性能，体现在财务上，公司的生产性生物资产有一定增加。,https://static.cninfo.com.cn/finalpage/2026-08-21/1225488086.PDF,事实,
2026-08-21,后备猪管理,同时，公司会做好后备猪管理，后备猪是未来生产的基础，从选育、驯化到进入繁殖场，每一个环节的健康水平都直接影响后续生产成绩，因此后备猪管理是当前生产上的核心工作。,https://static.cninfo.com.cn/finalpage/2026-08-21/1225488086.PDF,计划,
2026-08-21,上半年经营,"2026年上半年，公司销售商品猪3,861.5万头，各项生产指标稳步提升，生猪养殖成本同比下降。",https://static.cninfo.com.cn/finalpage/2026-08-21/1225488086.PDF,事实,
2026-03-28,政策背景,7月23日，农业农村部召开推动生猪产业高质量发展座谈会，强调要严格落实产能调控举措，合理淘汰能繁母猪，适当调减能繁母猪存栏，减少二次育肥，控制肥猪出栏体重，严控新增产能。,https://static.cninfo.com.cn/finalpage/2026-03-28/1225042507.PDF,事实,2025年年度报告行业部分
2026-08-21,政策背景,"其中，能繁母猪存栏3,780万头，同比减少263万头，下降6.5%，降幅比一季度扩大3.2个百分点，目前为正常保有量3,750万头的100.8%，基础产能合理调减。",https://static.cninfo.com.cn/finalpage/2026-08-21/1225485220.PDF,事实,2026年半年度报告行业部分
2026-01-29,郑州育种平台,"we had a supreme breeding platform under construction in Zhengzhou, with approximately 100 thousand reproductive sows, which is expected to commence full operations in mid-2026.",https://www1.hkexnews.hk/listedco/listconews/sehk/2026/0129/2026012900023.pdf,计划,H股招股书
2026-01-29,郑州育种平台投资,"construction of our supreme breeding platform with reproductive sows of over 100 thousand in Zhengzhou, the total consideration for which is expected to be around RMB2 billion",https://www1.hkexnews.hk/listedco/listconews/sehk/2026/0129/2026012900023.pdf,计划,H股招股书关连交易上限部分
2026-01-29,2025Q3生物资产下降原因,"to RMB7,741.8 million as of September 30, 2025, primarily due to a decrease in the number and unit cost of immature breeding hogs and reproductive sows.",https://www1.hkexnews.hk/listedco/listconews/sehk/2026/0129/2026012900023.pdf,事实,H股招股书
2026-01-29,在建工程增加原因,"increased by 59.9% from RMB2,018.2 million as of December 31, 2024 to RMB3,227.1 million as of September 30, 2025, primarily due to the construction of a new industrial park in Zhengzhou.",https://www1.hkexnews.hk/listedco/listconews/sehk/2026/0129/2026012900023.pdf,事实,H股招股书
2026-01-29,产能,"Production capacity (thousand heads) (1) 74,300 79,990 81,010 80,863 82,645",https://www1.hkexnews.hk/listedco/listconews/sehk/2026/0129/2026012900023.pdf,事实,列为2022/2023/2024/2024年1-9月/2025年1-9月
2026-08-21,育种中心在建工程,"育种 中心 生猪 养殖 项目 4,685, 932,40 1.07 967,46 0,169. 95 1,433, 392,27 3.39 1,668, 034,63 6.45 732,81 7,806. 89 77.20 % 77.20 %",https://static.cninfo.com.cn/finalpage/2026-08-21/1225485220.PDF,事实,预算46.86亿；期初9.67亿、本期增加14.33亿、转固16.68亿、期末7.33亿、进度77.20%(PDF断行原样)
2026-08-20,H股募资使用,"Total 100.0 10,481.7 3,218.6 7,263.1",https://www1.hkexnews.hk/listedco/listconews/sehk/2026/0820/2026082000922.pdf,事实,截至2026-06-30已用32.19亿元人民币(海外扩张9.55亿、研发12.16亿、营运资金10.48亿)
