target_year,low,high,unit,scope,disclosed_date,source,url,excerpt,actual,actual_url,actual_excerpt,note
2018,1100,1300,万头,生猪(商品猪+仔猪+种猪),2018-02-10,年度报告,https://static.cninfo.com.cn/finalpage/2018-02-10/1204411631.PDF,"2018年，公司计划出栏生猪1,100万头至1,300万头。",1101.1,https://static.cninfo.com.cn/finalpage/2019-01-08/1205713772.PDF,2018年，公司共销售生猪1101.1万头，其中商品猪1010.9万头，仔猪86.4万头，种猪3.8万头。,实际落在区间下沿；线索“2019计划1100—1300万”实为2018年计划
2019,1300,1500,万头,生猪,2019-03-27,年度报告,https://static.cninfo.com.cn/finalpage/2019-03-27/1205942697.PDF,"2019年，公司计划出栏生猪1,300万头至1,500万头。",1025.33,https://static.cninfo.com.cn/finalpage/2020-01-07/1207229272.PDF,"2019年，公司共销售生猪1,025.33万头，其中商品猪867.91万头，仔猪154.71万头，种猪2.71万头。",实际低于下限274.7万头；2019-08调研称“正在努力达成”，未见正式下调公告
2020,1750,2000,万头,生猪(已扣除留种量),2020-02-27,年度报告,https://static.cninfo.com.cn/finalpage/2020-02-27/1207325910.PDF,"2020年，公司计划出栏生猪1,750万头至2,000万头。",1811.5,https://static.cninfo.com.cn/finalpage/2021-01-04/1209037125.PDF,"2020年，公司共销售生猪1,811.5万头，其中商品猪1,152.4万头，仔猪594.8万头，种猪64.3万头。",2020-02-26调研会已引用该目标(记录2020-02-27发布)；称目标“已经刨除留种量”
2021,3600,4500,万头,生猪,2021-04-30,年度报告,https://static.cninfo.com.cn/finalpage/2021-04-30/1209868216.PDF,"2021年，公司预计出栏生猪3,600万头至4,500万头。",4026.3,https://static.cninfo.com.cn/finalpage/2022-01-06/1212103396.PDF,"2021年，公司共销售生猪4,026.3万头，其中商品猪3,688.7万头，仔猪309.5万头，种猪28.1万头。",2020-12-25调研称“预计在2020年年报中披露”
2022,5000,5600,万头,生猪,2022-04-30,年度报告,https://static.cninfo.com.cn/finalpage/2022-04-30/1213254727.PDF,"2022年，公司预计出栏生猪5,000万头至5,600万头。",6120.1,https://static.cninfo.com.cn/finalpage/2023-01-06/1215532856.PDF,"2022年，公司共销售生猪6,120.1万头，其中商品猪5,529.6万头，仔猪555.8万头，种猪34.6万头。",实际超上限520.1万头；2022-01-08调研称将在2021年年报披露
2023,6500,7100,万头,生猪,2023-04-28,年度报告,https://static.cninfo.com.cn/finalpage/2023-04-28/1216647248.PDF,"2023年，公司预计出栏生猪6,500万头至7,100万头。",6381.6,https://static.cninfo.com.cn/finalpage/2024-01-06/1218817267.PDF,"2023年，公司共销售生猪6,381.6万头，其中商品猪6,226.7万头，仔猪136.7万头，种猪18.1万头。",实际低于下限118.4万头
2024,6600,7200,万头,生猪,2024-04-27,年度报告,https://static.cninfo.com.cn/finalpage/2024-04-27/1219861302.PDF,"2024年，公司预计出栏生猪6,600万头至7,200万头。",7160.2,https://static.cninfo.com.cn/finalpage/2025-01-07/1222245533.PDF,"2024年，公司共销售生猪7,160.2万头，其中商品猪6,547.7万头，仔猪565.9万头，种猪46.5万头。",2024-01-31调研称增长“预计在10%左右”
2025,7200,7800,万头,商品猪,2025-03-20,年度报告,https://static.cninfo.com.cn/finalpage/2025-03-20/1222845025.PDF,"2025年，公司预计出栏商品猪7,200万头-7,800万头，仔猪800万头-1,200万头。",7798.1,https://static.cninfo.com.cn/finalpage/2026-03-28/1225042507.PDF,"商品猪 销售量 万头 7,798.1 6,547.7 19.10%",实际贴近上限；口径首次改为商品猪+仔猪分列
2025,800,1200,万头,仔猪(初版),2025-03-20,年度报告,https://static.cninfo.com.cn/finalpage/2025-03-20/1222845025.PDF,"2025年，公司预计出栏商品猪7,200万头-7,800万头，仔猪800万头-1,200万头。",,https://static.cninfo.com.cn/finalpage/2025-10-10/1224703355.PDF,"2025年1-9月公司共销售仔猪1,157.1万头。","1-9月已售1,157.1万头；全年仔猪实际数未在年报披露"
2025,1200,1450,万头,仔猪(上调版),2025-10-10,销售简报,https://static.cninfo.com.cn/finalpage/2025-10-10/1224703355.PDF,"2025年仔猪出栏量预计区间由“800万头-1,200万头”调整为“1,200万头-1,450万头”。",,https://static.cninfo.com.cn/finalpage/2025-10-10/1224703355.PDF,"2025年1-9月公司共销售仔猪1,157.1万头。",全年实际数缺失
2026,7500,8100,万头,商品猪,2026-03-28,年度报告,https://static.cninfo.com.cn/finalpage/2026-03-28/1225042507.PDF,"2026年，公司预计销售商品猪7,500万头-8,100万头。",,https://static.cninfo.com.cn/finalpage/2026-09-08/1225551030.PDF,"2026 年 8 月 703.0 5,230.7 92.54 682.96 10.30","截至8月累计5,230.7万头(年度未完)；能繁母猪调减后未下调出栏指引"
