code,name,mcap_yi,ev_yi,debt_ratio,cash_to_st_debt,cost_latest_kg,V_base,earnings_yield,mcap_per_head,ev_per_head,market,ret,ret_ytd,dd_from_2024_high
002714,牧原股份,2343.14222673336,2925.69772309166,0.5417927091336053,0.2911469658903574,11.5,7500.0,0.2441588215856787,3124.18963564448,3900.9302974555467,A,0.23235807529427044,-0.16255307256113127,-0.25953187200104044
300498,温氏股份,989.4392876535,1238.9200735079,0.5893886571098836,0.2514057247661059,12.0,3500.0,0.2525750691619073,2826.969393295714,3539.7716385940003,A,0.1895081282417237,-0.08388739946380697,-0.24804700393900048
000876,新希望,335.9368362291,835.3961512493,0.7069959529398036,0.3875415620979348,12.0,1450.0,0.2593599123143131,2316.805767097241,5761.352767236553,A,0.10788893102140729,-0.22754066445142795,-0.33795962509012256
002100,天康生物,104.032165443,144.02042051499998,0.5555799350648871,0.8308201155365625,11.8,365.0,0.1832224474970144,2850.196313506849,3945.7649456164377,A,0.23093712327897964,0.036013328776486775,-0.09078639047708303
001201,东瑞股份,39.595622553599995,59.31465708859999,0.528788199209849,0.2900388625256002,13.8,160.0,0.2932871490008301,2474.7264096,3707.1660680375,A,0.44042553191489353,0.05124223602484457,-0.3920071845532106
000048,京基智农,94.48213005,108.1605489112,0.6364526747435829,0.4570408500362171,13.3,210.0,0.1518306663844783,4499.14905,5150.502329104761,A,-0.16477744107450065,0.009760758477976417,-0.21868400736870908
605296,神农集团,158.58380711959998,167.7108648588,0.4074820055444171,0.6820116311247609,12.0,370.0,0.1523134932382006,4286.04884107027,4532.726077264864,A,0.21217547000895265,0.02965779467680596,-0.3151239251390997
603477,巨星农牧,71.909648525,102.4189789089,0.6940291664004904,0.3446760167287573,12.4,430.0,0.3714745508058405,1672.3174075581394,2381.8367188116276,A,0.06305637982195833,-0.19358469330332018,-0.6203973509933776
002567,唐人神,51.8764604266,91.954104939,0.7110267788902627,0.849628602080164,11.9,360.0,0.4738095421782792,1441.0127896277777,2554.28069275,A,0.0983281670816607,-0.13970705301703545,-0.45314239449448435
002385,大北农,132.8724276585,235.5162056302,0.6989389353960025,0.3144625687480571,11.9,400.0,0.1866118339339931,3321.8106914624996,5887.9051407550005,A,0.09952153110047846,-0.1820972549717489,-0.40065528876717693
002840,华统股份,63.4513616863,94.0157807807,0.6701832778398242,0.4969975581352765,,230.0,,2758.754855926087,4087.6426426391304,A,0.09614625063476834,-0.17440822744464746,-0.666403365673564
600975,新五丰,63.607782566,131.0127556552,0.8417155133960998,0.5027170588806102,,320.0,,1987.7432051874998,4094.148614225,A,0.17829277200438254,-0.1246793606945541,-0.5210144145116882
603363,傲农生物,75.9235187628,94.9709618529,0.6207935035632431,0.4888691548822679,,150.0,0.1481194944151831,5061.56791752,6331.397456860001,A,0.05166931637519867,-0.3747637051039697,-0.5246706586826347
002124,天邦食品,43.327709723999995,90.173138914,0.9121522710236224,0.0442863426283547,12.65,450.0,0.6918278908881207,962.8379938666666,2003.8475314222226,A,-0.035686698594160404,-0.22621433441457828,-0.38894780636635073
002548,金新农,31.884685833,58.45216492270001,0.8150359202276782,0.103668019753087,12.77,85.0,0.1905122442713461,3751.1395097647055,6876.72528502353,A,0.0662544640477587,-0.32343491054215845,-0.41652082604130203
002157,正邦科技,266.4042505632,290.10644765629996,0.534606776999969,2.43257316830013,,500.0,,5328.085011264,5802.128953125999,A,0.02901630335226235,-0.08448776035724759,-0.17891074926184702
603717,天域生物,17.466803648,26.6010172414,0.8098732986057827,0.4912752247692137,,,,,,A,-0.0034642032332562467,-0.22808586762075123,-0.4551767676767676
02419,德康农牧,,,,,,,,,,H,0.35377592537461533,-0.23271183104136783,-0.48407836018455486
01610,中粮家佳康,,,,,,,,,,H,0.08597883597883582,-0.2225378787878789,-0.37376048817696417
