contract,delivery_month,list_date,last_date,n_days,first_open,first_high,first_close,first_settle,max_close,max_close_date,max_settle,max_settle_date,max_high,max_high_date,max_close_ex1,max_close_ex1_date,max_high_ex1,max_high_ex1_date,min_close,min_close_date,last_close,last_settle,first_day_vol,first_day_oi,peak_oi,peak_oi_date
LH2109,2021-09,2021-01-08,2021-09-10,166,29500.0,30680.0,26805.0,28290.0,29380.0,2021-02-22,29100.0,2021-03-01,30680.0,2021-01-08,29380.0,2021-02-22,29805.0,2021-02-24,12760.0,2021-09-10,12760.0,13265.0,91045.0,14988.0,41775.0,2021-06-21
LH2111,2021-11,2021-01-08,2021-11-23,207,26500.0,27800.0,24935.0,25915.0,28075.0,2021-03-01,27960.0,2021-03-01,28435.0,2021-02-24,28075.0,2021-03-01,28435.0,2021-02-24,11480.0,2021-09-30,16900.0,16825.0,5196.0,1953.0,8854.0,2021-09-01
LH2201,2022-01,2021-01-08,2022-01-25,251,26200.0,27990.0,24140.0,25855.0,28130.0,2021-03-01,28005.0,2021-03-02,28400.0,2021-03-02,28130.0,2021-03-01,28400.0,2021-03-02,13200.0,2022-01-24,13500.0,13805.0,3018.0,1130.0,61174.0,2021-09-24
LH2203,2022-03,2021-03-29,2022-03-28,243,22290.0,24260.0,23770.0,23760.0,24000.0,2021-04-01,23935.0,2021-03-30,24260.0,2021-03-29,24000.0,2021-04-01,24180.0,2021-03-30,11385.0,2022-03-01,11520.0,11580.0,52.0,45.0,64502.0,2022-01-10
LH2205,2022-05,2021-05-27,2022-05-26,241,19510.0,19885.0,18955.0,18990.0,18955.0,2021-05-27,18990.0,2021-05-27,19885.0,2021-05-27,18900.0,2021-06-08,19110.0,2021-05-28,12525.0,2022-04-11,16000.0,15430.0,521.0,437.0,70963.0,2022-02-21
LH2207,2022-07,2021-07-28,2022-07-13,232,18165.0,18165.0,17720.0,17625.0,22500.0,2022-07-06,21895.0,2022-07-05,22500.0,2022-07-06,22500.0,2022-07-06,22500.0,2022-07-06,14415.0,2022-04-15,20510.0,20645.0,90.0,76.0,11713.0,2022-04-29
LH2209,2022-09,2021-09-28,2022-09-21,239,16015.0,17290.0,16795.0,16705.0,23500.0,2022-09-21,23500.0,2022-09-21,23500.0,2022-09-21,23500.0,2022-09-21,23500.0,2022-09-21,16200.0,2022-03-17,23500.0,23500.0,1352.0,851.0,57985.0,2022-05-13
LH2211,2022-11,2021-11-26,2022-11-23,241,18200.0,18200.0,17900.0,18005.0,26950.0,2022-10-18,26660.0,2022-10-18,26985.0,2022-10-19,26950.0,2022-10-18,26985.0,2022-10-19,16505.0,2022-01-28,22900.0,22970.0,93.0,77.0,19350.0,2022-08-22
LH2301,2023-01,2022-01-26,2023-01-10,231,17710.0,17710.0,17395.0,17400.0,24045.0,2022-10-18,23940.0,2022-10-12,24300.0,2022-10-14,24045.0,2022-10-18,24300.0,2022-10-14,13230.0,2023-01-06,14190.0,13920.0,997.0,755.0,50547.0,2022-11-09
LH2303,2023-03,2022-03-29,2023-03-15,232,18100.0,18690.0,18595.0,18510.0,21100.0,2022-10-18,20935.0,2022-10-18,21180.0,2022-10-19,21100.0,2022-10-18,21180.0,2022-10-19,13500.0,2023-03-13,13800.0,13800.0,2434.0,1909.0,57190.0,2023-01-11
LH2305,2023-05,2022-05-27,2023-05-23,240,19050.0,19325.0,18705.0,18780.0,20190.0,2022-08-29,20125.0,2022-08-29,20355.0,2022-08-29,20190.0,2022-08-29,20355.0,2022-08-29,14170.0,2023-05-04,14600.0,14510.0,1032.0,887.0,53903.0,2023-03-13
LH2307,2023-07,2022-07-27,2023-07-24,235,18810.0,18995.0,18995.0,18865.0,19830.0,2022-08-29,19805.0,2022-08-29,20000.0,2022-08-29,19830.0,2022-08-29,20000.0,2022-08-29,13515.0,2023-06-30,13880.0,13880.0,138.0,91.0,47050.0,2023-05-22
LH2309,2023-09,2022-09-28,2023-09-21,236,18410.0,18500.0,18470.0,18460.0,18855.0,2022-10-21,18875.0,2022-10-21,18950.0,2022-10-10,18855.0,2022-10-21,18950.0,2022-10-10,14925.0,2023-07-13,16500.0,16500.0,125.0,105.0,76343.0,2023-07-13
LH2311,2023-11,2022-11-28,2023-11-16,234,17700.0,17790.0,17750.0,17740.0,19005.0,2023-04-07,19055.0,2023-04-07,19145.0,2023-04-07,19005.0,2023-04-07,19145.0,2023-04-07,13980.0,2023-11-16,13980.0,13980.0,70.0,63.0,74085.0,2023-09-08
LH2401,2024-01,2023-01-20,2024-01-04,232,18895.0,18895.0,18755.0,18750.0,19450.0,2023-02-01,19495.0,2023-02-01,19590.0,2023-02-01,19450.0,2023-02-01,19590.0,2023-02-01,12715.0,2024-01-04,12715.0,13195.0,12.0,10.0,97130.0,2023-11-08
LH2403,2024-03,2023-03-29,2024-03-25,232,17995.0,18000.0,17160.0,17320.0,17415.0,2023-04-04,17435.0,2023-04-03,18000.0,2023-03-29,17415.0,2023-04-04,17560.0,2023-04-03,13120.0,2024-02-26,15790.0,15125.0,481.0,362.0,120451.0,2023-12-28
LH2405,2024-05,2023-05-29,2024-05-15,232,16725.0,16725.0,16425.0,16495.0,16610.0,2023-07-03,16600.0,2023-06-21,16725.0,2023-05-29,16610.0,2023-07-03,16630.0,2023-07-03,14250.0,2023-12-05,14900.0,14900.0,183.0,117.0,84572.0,2024-03-06
LH2407,2024-07,2023-07-27,2024-07-26,241,16520.0,16850.0,16850.0,16685.0,20310.0,2024-07-25,19995.0,2024-07-25,20545.0,2024-07-24,20310.0,2024-07-25,20545.0,2024-07-24,15270.0,2024-02-07,20310.0,19155.0,424.0,324.0,34267.0,2024-04-11
LH2409,2024-09,2023-09-26,2024-09-25,241,17110.0,17490.0,17125.0,17150.0,20245.0,2024-09-06,20290.0,2024-09-06,20500.0,2024-09-06,20245.0,2024-09-06,20500.0,2024-09-06,16005.0,2024-02-07,18600.0,0.0,147.0,105.0,83738.0,2024-06-20
LH2411,2024-11,2023-11-28,2024-11-26,240,17645.0,17800.0,17600.0,17670.0,18790.0,2024-05-22,18815.0,2024-08-15,19010.0,2024-08-15,18790.0,2024-05-22,19010.0,2024-08-15,16065.0,2024-02-07,16300.0,16545.0,602.0,406.0,81985.0,2024-08-12
LH2501,2025-01,2024-01-29,2025-01-22,238,16940.0,16940.0,16885.0,16875.0,18590.0,2024-05-22,18555.0,2024-05-22,18720.0,2024-06-03,18590.0,2024-05-22,18720.0,2024-06-03,13230.0,2025-01-22,13230.0,13575.0,212.0,195.0,76707.0,2024-11-05
LH2503,2025-03,2024-03-27,2025-03-26,240,16380.0,16895.0,16530.0,16450.0,16850.0,2024-04-09,16800.0,2024-04-10,16925.0,2024-04-09,16850.0,2024-04-09,16925.0,2024-04-09,12560.0,2024-12-19,13995.0,13595.0,2257.0,1048.0,83994.0,2024-12-26
LH2505,2025-05,2024-05-29,2025-05-27,239,15980.0,16685.0,16655.0,16500.0,16735.0,2024-06-03,16760.0,2024-06-03,17005.0,2024-06-03,16735.0,2024-06-03,17005.0,2024-06-03,12790.0,2025-01-09,14380.0,14285.0,553.0,368.0,89994.0,2025-03-11
LH2507,2025-07,2024-07-29,2025-07-28,234,15755.0,15800.0,15705.0,15715.0,15735.0,2024-08-22,15740.0,2024-07-30,15800.0,2024-07-29,15735.0,2024-08-22,15770.0,2024-07-30,13070.0,2025-06-09,14010.0,14000.0,128.0,75.0,35655.0,2025-04-14
LH2509,2025-09,2024-09-26,2025-09-25,238,15805.0,15995.0,15800.0,15880.0,16045.0,2024-10-15,16000.0,2024-10-15,16055.0,2024-10-15,16045.0,2024-10-15,16055.0,2024-10-15,12600.0,2025-09-22,12600.0,13065.0,256.0,141.0,83925.0,2025-07-02
LH2511,2025-11,2024-11-27,2025-11-07,230,15300.0,15300.0,14955.0,14945.0,14985.0,2024-11-28,14945.0,2024-11-27,15300.0,2024-11-27,14985.0,2024-11-28,14985.0,2024-11-28,11050.0,2025-10-17,12200.0,12200.0,175.0,132.0,98989.0,2025-09-18
LH2601,2026-01,2025-01-23,2026-01-27,245,13800.0,13915.0,13910.0,13815.0,14640.0,2025-07-23,14750.0,2025-07-23,15070.0,2025-07-23,14640.0,2025-07-23,15070.0,2025-07-23,11150.0,2025-12-19,12690.0,12065.0,475.0,318.0,146297.0,2025-11-04
LH2603,2026-03,2025-03-27,2026-03-26,237,13250.0,13330.0,13240.0,13260.0,13765.0,2025-07-25,13815.0,2025-07-25,13960.0,2025-07-23,13765.0,2025-07-25,13960.0,2025-07-23,9000.0,2026-03-24,9000.0,9905.0,680.0,572.0,172346.0,2025-12-30
LH2605,2026-05,2025-05-28,2026-05-26,240,12795.0,12855.0,12770.0,12775.0,14210.0,2025-07-24,14305.0,2025-07-25,14470.0,2025-07-25,14210.0,2025-07-24,14470.0,2025-07-25,9055.0,2026-04-13,9700.0,9665.0,578.0,445.0,219402.0,2026-03-26
LH2607,2026-07,2025-07-29,2026-07-22,237,14550.0,14550.0,14525.0,14495.0,14600.0,2025-07-30,14625.0,2025-07-30,14680.0,2025-07-30,14600.0,2025-07-30,14680.0,2025-07-30,9795.0,2026-06-25,10000.0,10000.0,1122.0,928.0,210176.0,2026-04-22
LH2609,2026-09,2025-09-26,2026-09-24,237,14200.0,14380.0,14095.0,14220.0,14095.0,2025-09-26,14220.0,2025-09-26,14380.0,2025-09-26,14030.0,2025-09-30,14060.0,2025-09-30,10230.0,2026-09-22,10230.0,10300.0,4802.0,3503.0,219983.0,2026-07-02
LH2611,2026-11,2025-11-26,2026-10-08,208,13970.0,14005.0,13930.0,13945.0,13930.0,2025-11-26,13945.0,2025-11-26,14005.0,2025-11-26,13890.0,2026-01-06,13990.0,2026-01-07,10295.0,2026-09-28,10515.0,10435.0,4709.0,3292.0,238918.0,2026-09-10
LH2701,2027-01,2026-01-28,2026-10-08,165,13440.0,13440.0,13300.0,13285.0,13840.0,2026-03-16,13845.0,2026-03-12,13915.0,2026-03-12,13840.0,2026-03-16,13915.0,2026-03-12,11105.0,2026-10-08,11105.0,11100.0,1200.0,989.0,141149.0,2026-10-08
LH2703,2027-03,2026-03-27,2026-10-08,129,12905.0,13270.0,13195.0,13145.0,13495.0,2026-06-29,13485.0,2026-06-29,13580.0,2026-06-29,13495.0,2026-06-29,13580.0,2026-06-29,10985.0,2026-10-08,10985.0,10985.0,4894.0,3481.0,119391.0,2026-09-28
LH2705,2027-05,2026-05-27,2026-10-08,90,13540.0,13645.0,13555.0,13590.0,14365.0,2026-06-26,14365.0,2026-06-26,14445.0,2026-06-29,14365.0,2026-06-26,14445.0,2026-06-29,12105.0,2026-10-08,12105.0,12100.0,4567.0,3528.0,49899.0,2026-09-11
LH2707,2027-07,2026-07-29,2026-10-08,46,13900.0,14250.0,14165.0,14045.0,14165.0,2026-07-29,14045.0,2026-07-29,14250.0,2026-07-29,14055.0,2026-07-30,14160.0,2026-07-30,12960.0,2026-10-08,12960.0,12990.0,9122.0,5622.0,33504.0,2026-09-28
LH2709,2027-09,2026-09-28,2026-10-08,4,13680.0,13840.0,13600.0,13720.0,13795.0,2026-09-30,13745.0,2026-09-30,13840.0,2026-09-28,13795.0,2026-09-30,13815.0,2026-10-08,13600.0,2026-09-28,13600.0,13620.0,7173.0,5349.0,11082.0,2026-10-08
