month,title,url,release_date,inprov_share_pct,slaughter_wan,farm_price,hk_farm_price,excerpt
2021-04,2021年4月广东省生猪产销形势分析,https://dara.gd.gov.cn/sjfb/cxxsfx/content/post_3282617.html,2021-05-14,,,26.3,,
2021-05,2021年5月广东省生猪产销形势分析,https://dara.gd.gov.cn/sjfb/cxxsfx/content/post_3326008.html,2021-06-15,,,20.2,,
2021-06,2021年6月广东省生猪产销形势分析,https://dara.gd.gov.cn/sjfb/cxxsfx/content/post_3438660.html,2021-07-15,,,17.6,20.1,
2021-07,2021年7月广东省生猪产销形势分析,https://dara.gd.gov.cn/sjfb/cxxsfx/content/post_3491895.html,2021-08-19,,,17.1,18.2,
2021-08,2021年8月广东省生猪产销形势分析,https://dara.gd.gov.cn/sjfb/cxxsfx/content/post_3532078.html,2021-09-17,,,16.8,21.5,
2021-09,2021年9月广东省生猪产销形势分析,https://dara.gd.gov.cn/sjfb/cxxsfx/content/post_3579792.html,2021-10-19,,,14.7,17.9,
2021-10,2021年10月广东省生猪产销形势分析,https://dara.gd.gov.cn/sjfb/cxxsfx/content/post_3670877.html,2021-11-24,,,13.0,14.8,
2021-11,2021年11月广东省生猪产销形势分析,https://dara.gd.gov.cn/sjfb/cxxsfx/content/post_3739730.html,2021-12-29,,,,19.7,
2021-12,2021年12月广东省生猪产销形势分析,https://dara.gd.gov.cn/sjfb/cxxsfx/content/post_3802636.html,2022-01-29,,,,19.9,
2022-01,2022年1月广东省生猪产销形势分析,https://dara.gd.gov.cn/sjfb/cxxsfx/content/post_3817148.html,2022-02-21,85.4,,15.9,17.9,比下降10.1%；肉猪屠宰量环比下降4.6%，白条肉批发量环比下降3.5%。预计1月全省肉猪屠宰量为382.5万头，其中省内肉猪供应占比为85.4%，环比下降18.4万
2022-02,2022年2月广东省生猪产销形势分析,https://dara.gd.gov.cn/sjfb/cxxsfx/content/post_3885297.html,2022-03-17,82.0,,14.5,16.1,环比下降25.5%，白条肉批发量环比下降52.2%。预估2月全省肉猪屠宰量为294.1万头，环比下降100.6万头，其中省内肉猪供应占比为82.0%。冻猪肉成交量下降。
2022-03,2022年3月广东省生猪产销形势分析,https://dara.gd.gov.cn/sjfb/cxxsfx/content/post_3923431.html,2022-04-22,82.5,,14.0,15.3,宰量环比增长53.8%，白条肉批发量环比增长64.5%。3月全省肉猪屠宰量为406.1万头，环比增长142.1万头，其中省内肉猪供应占比为82.5%。冻猪肉成交量下降。
2022-04,2022年4月广东省生猪产销形势分析,https://dara.gd.gov.cn/sjfb/cxxsfx/content/post_3944770.html,2022-05-30,81.6,,,15.9,量环比下降0.9%，白条肉批发量环比增长5.5%。4月全省规模屠宰场肉猪屠宰量为402.3万头，环比减少3.8万头，其中省内肉猪供应占比为81.6%。冻猪肉成交量下降。
2022-05,2022年5月广东省生猪产销形势分析,https://dara.gd.gov.cn/sjfb/cxxsfx/content/post_3961458.html,2022-06-30,92.1,,,18.1,环比下降7.4%，白条肉批发量环比下降6.0%。5月全省规模屠宰厂肉猪屠宰量为372.5万头，环比下降29.8万头，其中省内肉猪供应占比为92.1%。白条肉批发量环比下
2022-06,2022年6月广东省生猪产销形势分析,https://dara.gd.gov.cn/sjfb/cxxsfx/content/post_3990559.html,2022-07-30,92.5,,,,，屠宰场肉猪入场量环比下降7.8%，肉猪屠宰量环比下降7.8%。全省规模以上生猪定点屠宰企业屠宰量为357.9万头，其中省内肉猪供应占比为92.5%。三、市场行情：肉猪
2022-07,2022年7月广东省生猪产销形势分析,https://dara.gd.gov.cn/sjfb/cxxsfx/content/post_4004332.html,2022-08-31,,,,,
2022-08,2022年8月广东省生猪产销形势分析,https://dara.gd.gov.cn/sjfb/cxxsfx/content/post_4022933.html,2022-09-30,,333.0,,,
2022-09,2022年9月广东省生猪产销形势分析,https://dara.gd.gov.cn/sjfb/cxxsfx/content/post_4067394.html,2022-09-30,90.6,323.0,,,猪入场量增长4%，肉猪屠宰量环比增长2%。全省规模以上生猪定点屠宰企业（年屠宰量2万头以上）肉猪屠宰量约323万头，其中省内肉猪供应占比为90.6%。白条肉批发量整体增
2022-10,2022年10月广东省生猪产销形势分析,https://dara.gd.gov.cn/sjfb/cxxsfx/content/post_4075122.html,2022-10-31,,316.0,,,
2022-11,2022年11月广东省生猪产销形势分析,https://dara.gd.gov.cn/sjfb/cxxsfx/content/post_4075142.html,2022-11-30,,309.0,,,
2022-12,2022年12月广东省生猪产销形势分析,https://dara.gd.gov.cn/sjfb/cxxsfx/content/post_4085118.html,2022-12-31,,,,,
2023-01,2023年1月广东省生猪产销形势分析,https://dara.gd.gov.cn/sjfb/cxxsfx/content/post_4097062.html,2023-02-01,,,,,
2023-02,2023年2月广东省生猪产销形势分析,https://dara.gd.gov.cn/sjfb/cxxsfx/content/post_4148697.html,2023-03-20,,,,,
2023-04,2023年4月广东省生猪产销形势分析,https://dara.gd.gov.cn/sjfb/cxxsfx/content/post_4187495.html,2023-05-26,,,,,
2023-05,2023年5月广东省生猪产销形势分析,https://dara.gd.gov.cn/sjfb/cxxsfx/content/post_4209741.html,2023-06-28,,,,,
2023-06,2023年6月广东省生猪产销形势分析,https://dara.gd.gov.cn/sjfb/cxxsfx/content/post_4229178.html,2023-07-28,,,,,
2023-07,2023年7月广东省生猪产销形势分析,https://dara.gd.gov.cn/sjfb/cxxsfx/content/post_4250851.html,2023-08-28,,,,,
2023-08,2023年8月广东省生猪产销形势分析,https://dara.gd.gov.cn/sjfb/cxxsfx/content/post_4262860.html,2023-09-28,,,,,
2023-09,2023年9月广东省生猪产销形势分析,https://dara.gd.gov.cn/sjfb/cxxsfx/content/post_4275005.html,2023-10-28,,,17.2,,
2023-10,2023年10月广东省生猪产销形势分析,https://dara.gd.gov.cn/sjfb/cxxsfx/content/post_4294508.html,2023-11-28,,,16.2,,
2023-11,2023年11月广东省生猪产销形势分析,https://dara.gd.gov.cn/sjfb/cxxsfx/content/post_4325592.html,2023-12-28,,,15.4,,
2023-12,2023年12月广东省生猪产销形势分析,https://dara.gd.gov.cn/sjfb/cxxsfx/content/post_4360281.html,2024-01-28,,,15.3,,
2024-07,2024年7月广东省生猪产销形势分析,https://dara.gd.gov.cn/sjfb/cxxsfx/content/post_4503306.html,2024-09-15,,,,,
2024-08,2024年8月广东省生猪产销形势分析,https://dara.gd.gov.cn/sjfb/cxxsfx/content/post_4521820.html,2024-10-15,,,,,
2024-09,2024年9月广东省生猪产销形势分析,https://dara.gd.gov.cn/sjfb/cxxsfx/content/post_4522213.html,2024-11-15,,,,,
2024-12,2024年12月广东省主要农产品产销形势分析,https://dara.gd.gov.cn/sjfb/cxxsfx/content/post_4660031.html,2025-01-23,,,17.38,,
2025-01,2025年1月广东省主要农产品产销形势分析,https://dara.gd.gov.cn/sjfb/cxxsfx/content/post_4682787.html,2025-03-18,,,16.44,,
2025-02,2025年2月广东省主要农产品产销形势分析,https://dara.gd.gov.cn/sjfb/cxxsfx/content/post_4701373.html,2025-04-02,,,16.2,,
2025-03,2025年3月广东省主要农产品产销形势分析,https://dara.gd.gov.cn/sjfb/cxxsfx/content/post_4714141.html,2025-04-30,,,15.8,,
2025-04,2025年4月份广东省主要农产品产销形势分析,https://dara.gd.gov.cn/sjfb/cxxsfx/content/post_4743420.html,2025-05-30,,,15.8,,
2025-05,2025年5月份广东省主要农产品产销形势分析,https://dara.gd.gov.cn/sjfb/cxxsfx/content/post_4741496.html,2025-07-08,,,15.54,,
2025-06,2025年6月份广东省主要农产品产销形势分析,https://dara.gd.gov.cn/sjfb/cxxsfx/content/post_4750830.html,2025-07-29,,,15.55,,
2025-07,2025年7月份广东省主要农产品产销形势分析,https://dara.gd.gov.cn/sjfb/cxxsfx/content/post_4764166.html,2025-08-21,,,15.99,,
2025-08,2025年8月份广东省主要农产品产销形势分析,https://dara.gd.gov.cn/sjfb/cxxsfx/content/post_4775560.html,2025-09-19,,,,,
2025-09,2025年9月份广东省主要农产品产销形势分析,https://dara.gd.gov.cn/sjfb/cxxsfx/content/post_4788233.html,2025-10-23,,,,,
2025-10,2025年10月份广东省主要农产品产销形势分析,https://dara.gd.gov.cn/sjfb/cxxsfx/content/post_4805687.html,2025-11-28,,,,,
2025-11,2025年11月份广东省主要农产品产销形势分析,https://dara.gd.gov.cn/sjfb/cxxsfx/content/post_4832117.html,2025-12-19,,,12.61,,
2025-12,2025年12月份广东省主要农产品产销形势分析,https://dara.gd.gov.cn/sjfb/cxxsfx/content/post_4846151.html,2026-01-19,,,12.45,,
2026-01,2026年1月份广东省主要农产品产销形势分析,https://dara.gd.gov.cn/sjfb/cxxsfx/content/post_4866014.html,2026-02-17,,,13.07,,
2026-02,2026年2月份广东省主要农产品产销形势分析,https://dara.gd.gov.cn/sjfb/cxxsfx/content/post_4870858.html,2026-03-17,,,,,
2026-03,2026年3月份广东省主要农产品产销形势分析,https://dara.gd.gov.cn/sjfb/cxxsfx/content/post_4887741.html,2026-04-16,,,11.24,,
2026-04,2026年4月广东省主要农产品产销形势分析情况,https://dara.gd.gov.cn/sjfb/cxxsfx/content/post_4897568.html,2026-05-15,,,10.09,,
2026-05,2026年5月广东省主要农产品产销形势分析情况,https://dara.gd.gov.cn/sjfb/cxxsfx/content/post_4913792.html,2026-06-14,,,10.11,,
2026-06,2026年6月广东省主要农产品产销形势分析情况,https://dara.gd.gov.cn/sjfb/cxxsfx/content/post_4923900.html,2026-07-13,,,10.6,,
2026-07,2026年7月广东省主要农产品产销形势分析情况,https://dara.gd.gov.cn/sjfb/cxxsfx/content/post_4941243.html,2026-08-12,,,,,
2026-08,2026年8月份广东省主要农产品产销形势分析,https://dara.gd.gov.cn/sjfb/cxxsfx/content/post_4954251.html,2026-09-10,,,12.59,,
