report_type,period_label,period_start,period_end,hog_purchase_price,hog_purchase_mom_pct,hog_purchase_yoy_pct,carcass_price,carcass_mom_pct,carcass_yoy_pct,farm_hog_price,farm_hog_price_mom_pct,farm_hog_price_yoy_pct,farm_piglet_price,farm_piglet_price_mom_pct,farm_piglet_price_yoy_pct,hog_stock_mom_pct,hog_stock_yoy_pct,sow_stock_mom_pct,sow_stock_yoy_pct,slaughter_heads,slaughter_mom_pct,pre_slaughter_weight_kg,n_enterprises,release_date,url,title
屠宰企业价格专报(双周),2020-12-26~2021-01-08,2020-12-26,2021-01-08,38.1,5.77,-2.28,45.94,5.34,-2.34,,,,,,,,,,,,,,199.0,2021-01-12,https://dara.gd.gov.cn/sjfb/szrpjg/content/post_4585107.html,广东省屠宰生猪肉品价格专报（2020年12月26－2021年1月8日）：生猪及猪肉价格情况
屠宰企业价格专报(双周),2021-01-09~2021-01-22,2021-01-09,2021-01-22,38.92,2.15,-7.09,46.96,2.22,-7.74,,,,,,,,,,,,,,199.0,2021-01-26,https://dara.gd.gov.cn/sjfb/szrpjg/content/post_4585109.html,广东省屠宰生猪肉品价格专报（2021年1月9－22日）：生猪及猪肉价格情况
屠宰企业价格专报(双周),2021-01-23~2021-02-05,2021-01-23,2021-02-05,37.2,-4.42,-15.13,45.4,-3.32,-13.79,,,,,,,,,,,,,,199.0,2021-02-08,https://dara.gd.gov.cn/sjfb/szrpjg/content/post_4585111.html,广东省屠宰生猪肉品价格专报（2021年1月23－2月5日）：生猪及猪肉价格情况
屠宰企业价格专报(双周),2021-02-06~2021-02-19,2021-02-06,2021-02-19,35.46,-4.68,-20.39,43.58,-4.01,-18.83,,,,,,,,,,,,,,199.0,2021-02-23,https://dara.gd.gov.cn/sjfb/szrpjg/content/post_4585112.html,广东省屠宰生猪肉品价格专报（2021年2月6－19日）：生猪及猪肉价格情况
屠宰企业价格专报(双周),2021-02-20~2021-03-05,2021-02-20,2021-03-05,32.71,-7.76,-22.29,40.34,-7.43,-20.93,,,,,,,,,,,,,,199.0,2021-03-12,https://dara.gd.gov.cn/sjfb/szrpjg/content/post_4585113.html,广东省屠宰生猪肉品价格专报（2021年2月20－3月5日）：生猪及猪肉价格情况
屠宰企业价格专报(双周),2021-03-06~2021-03-19,2021-03-06,2021-03-19,31.71,-3.06,-22.07,39.15,-2.95,-20.36,,,,,,,,,,,,,,198.0,2021-03-26,https://dara.gd.gov.cn/sjfb/szrpjg/content/post_4585115.html,广东省屠宰生猪肉品价格专报（2021年3月6－19日）：生猪及猪肉价格情况
屠宰企业价格专报(双周),2021-03-20~2021-04-02,2021-03-20,2021-04-02,29.59,-6.69,-23.7,36.72,-6.21,-21.72,,,,,,,,,,,,,,199.0,2021-04-07,https://dara.gd.gov.cn/sjfb/szrpjg/content/post_4585116.html,广东省屠宰生猪肉品价格专报（2021年3月20－4月2日）：生猪及猪肉价格情况
屠宰企业价格专报(双周),2021-04-03~2021-04-16,2021-04-03,2021-04-16,26.17,-11.56,-30.91,32.87,-10.48,-28.15,,,,,,,,,,,,,,199.0,2021-04-26,https://dara.gd.gov.cn/sjfb/szrpjg/content/post_4585118.html,广东省屠宰生猪肉品价格专报（2021年4月3－16日）：生猪及猪肉价格情况
屠宰企业价格专报(双周),2021-04-17~2021-04-30,2021-04-17,2021-04-30,25.24,-3.55,-31.24,31.7,-3.56,-28.64,,,,,,,,,,,,,,199.0,2021-05-13,https://dara.gd.gov.cn/sjfb/szrpjg/content/post_4585120.html,广东省屠宰生猪肉品价格专报（2021年4月17－30日）：生猪及猪肉价格情况
屠宰企业价格专报(双周),2021-05-01~2021-05-14,2021-05-01,2021-05-14,22.94,-9.11,-33.55,29.07,-8.3,-30.8,,,,,,,,,,,,,,199.0,2021-05-15,https://dara.gd.gov.cn/sjfb/szrpjg/content/post_4585122.html,广东省屠宰生猪肉品价格专报（2021年5月1－14日）：生猪及猪肉价格情况
屠宰企业价格专报(双周),2021-05-15~2021-05-28,2021-05-15,2021-05-28,20.76,-9.5,-36.18,26.62,-8.43,-33.07,,,,,,,,,,,,,,199.0,2021-05-29,https://dara.gd.gov.cn/sjfb/szrpjg/content/post_4585121.html,广东省屠宰生猪肉品价格专报（2021年5月15－28日）：生猪及猪肉价格情况
屠宰企业价格专报(双周),2021-05-29~2021-06-11,2021-05-29,2021-06-11,19.13,-7.85,-44.87,24.78,-6.91,-40.87,,,,,,,,,,,,,,199.0,2021-06-17,https://dara.gd.gov.cn/sjfb/szrpjg/content/post_4585124.html,广东省屠宰生猪肉品价格专报（2021年5月29－6月11日）：生猪及猪肉价格情况
屠宰企业价格专报(双周),2021-06-12~2021-06-25,2021-06-12,2021-06-25,16.93,-11.5,-54.56,22.29,-10.05,-50.02,,,,,,,,,,,,,,199.0,2021-06-30,https://dara.gd.gov.cn/sjfb/szrpjg/content/post_4585125.html,广东省屠宰生猪肉品价格专报（2021年6月12－25日）：生猪及猪肉价格情况
屠宰企业价格专报(双周),2021-06-26~2021-07-09,2021-06-26,2021-07-09,18.38,8.56,-53.87,23.74,6.51,-49.98,,,,,,,,,,,,,,199.0,2021-07-16,https://dara.gd.gov.cn/sjfb/szrpjg/content/post_4585127.html,广东省屠宰生猪肉品价格专报（2021年6月26－7月9日）：生猪及猪肉价格情况
屠宰企业价格专报(双周),2021-07-10~2021-07-23,2021-07-10,2021-07-23,18.11,-1.47,-55.66,23.54,-0.84,-51.64,,,,,,,,,,,,,,199.0,2021-08-02,https://dara.gd.gov.cn/sjfb/szrpjg/content/post_4585128.html,广东省屠宰生猪肉品价格专报（2021年7月10－23日）：生猪及猪肉价格情况
屠宰企业价格专报(双周),2021-07-24~2021-08-06,2021-07-24,2021-08-06,18.08,-0.17,-55.84,23.44,-0.42,-51.92,,,,,,,,,,,,,,199.0,2021-08-11,https://dara.gd.gov.cn/sjfb/szrpjg/content/post_4585130.html,广东省屠宰生猪肉品价格专报（2021年7月24－8月6日）：生猪及猪肉价格情况
屠宰企业价格专报(双周),2021-08-07~2021-08-20,2021-08-07,2021-08-20,17.89,-1.05,-56.12,23.26,-0.77,-52.16,,,,,,,,,,,,,,199.0,2021-08-25,https://dara.gd.gov.cn/sjfb/szrpjg/content/post_4585131.html,广东省屠宰生猪肉品价格专报（2021年8月7－8月20日）：生猪及猪肉价格情况
屠宰企业价格专报(双周),2021-08-21~2021-09-03,2021-08-21,2021-09-03,17.02,-4.86,-58.05,22.33,-4.0,-53.84,,,,,,,,,,,,,,199.0,2021-09-19,https://dara.gd.gov.cn/sjfb/szrpjg/content/post_4585133.html,广东省屠宰生猪肉品价格专报（2021年8月21－9月3日）：生猪及猪肉价格情况
屠宰企业价格专报(双周),2021-09-04~2021-09-17,2021-09-04,2021-09-17,15.87,-6.76,-59.89,22.11,-5.46,-55.43,,,,,,,,,,,,,,199.0,2021-09-23,https://dara.gd.gov.cn/sjfb/szrpjg/content/post_4585134.html,广东省屠宰生猪肉品价格专报（2021年9月4－17日）：生猪及猪肉价格情况
屠宰企业价格专报(双周),2021-09-18~2021-10-01,2021-09-18,2021-10-01,14.66,-7.62,-60.8,19.7,-6.68,-56.39,,,,,,,,,,,,,,199.0,2021-10-19,https://dara.gd.gov.cn/sjfb/szrpjg/content/post_4585136.html,广东省屠宰生猪肉品价格专报（2021年9月18－10月1日）
屠宰企业价格专报(双周),2021-10-02~2021-10-15,2021-10-02,2021-10-15,13.74,-6.28,-60.83,18.62,-5.48,-56.23,,,,,,,,,,,,,,199.0,2021-10-22,https://dara.gd.gov.cn/sjfb/szrpjg/content/post_4585137.html,广东省屠宰生猪肉品价格专报（2021年10月2－15日）：生猪及猪肉价格情况
屠宰企业价格专报(双周),2021-10-16~2021-10-29,2021-10-16,2021-10-29,16.28,18.49,-50.26,21.14,13.53,-47.2,,,,,,,,,,,,,,199.0,2021-11-04,https://dara.gd.gov.cn/sjfb/szrpjg/content/post_4585138.html,广东省屠宰生猪肉品价格专报（2021年10月16－29日）：生猪及猪肉价格情况
屠宰企业价格专报(双周),2021-10-30~2021-11-12,2021-10-30,2021-11-12,18.11,11.24,-44.21,23.16,9.56,-41.63,,,,,,,,,,,,,,199.0,2021-11-24,https://dara.gd.gov.cn/sjfb/szrpjg/content/post_4585140.html,广东省屠宰生猪肉品价格专报（2021年10月30－11月12日）：生猪及猪肉价格情况
屠宰企业价格专报(双周),2021-11-13~2021-11-26,2021-11-13,2021-11-26,19.96,10.22,-38.49,25.36,9.5,-35.88,,,,,,,,,,,,,,199.0,2021-12-03,https://dara.gd.gov.cn/sjfb/szrpjg/content/post_4585141.html,广东省屠宰生猪肉品价格专报（2021年11月13－26日）：生猪及猪肉价格情况
屠宰企业价格专报(双周),2021-11-27~2021-12-10,2021-11-27,2021-12-10,20.3,1.7,-42.17,25.88,2.05,-39.06,,,,,,,,,,,,,,199.0,2021-12-14,https://dara.gd.gov.cn/sjfb/szrpjg/content/post_4585142.html,广东省屠宰生猪肉品价格专报（2021年11月27－12月10日）：生猪及猪肉价格情况
屠宰企业价格专报(双周),2021-12-11~2021-12-24,2021-12-11,2021-12-24,19.0,-6.4,-47.25,24.51,-5.29,-43.8,,,,,,,,,,,,,,199.0,2021-12-31,https://dara.gd.gov.cn/sjfb/szrpjg/content/post_4585144.html,广东省屠宰生猪肉品价格专报（2021年12月11－24日）：生猪及猪肉价格情况
屠宰生猪及肉品价格(月),2020-12,2020-12-01,,35.56,9.58,,43.04,8.63,,,,,,,,,,,,2666665.0,5.35,123.43,455.0,2021-01-12,https://dara.gd.gov.cn/sjfb/szrpjg/content/post_4585108.html,12月份广东省屠宰生猪及肉品供应情况（屠宰生猪及肉品价格2020年12月报）
屠宰生猪及肉品价格(月),2021-01,2021-01-01,,38.42,8.04,,46.4,7.81,,,,,,,,,,,,2531812.0,-5.06,122.98,345.0,2021-02-08,https://dara.gd.gov.cn/sjfb/szrpjg/content/post_4585110.html,1月份广东省屠宰生猪及肉品供应情况（屠宰生猪及肉品价格2021年1月报）
屠宰生猪及肉品价格(月),2021-02,2021-02-01,,34.98,-8.95,,43.03,-7.26,,,,,,,,,,,,1977949.0,-21.88,122.87,339.0,2021-03-12,https://dara.gd.gov.cn/sjfb/szrpjg/content/post_4585114.html,2月份广东省屠宰生猪及肉品供应情况（屠宰生猪及肉品价格2021年2月报）
屠宰生猪及肉品价格(月),2021-03,2021-03-01,,31.58,-9.72,,38.99,-9.39,,,,,,,,,,,,2489969.0,25.89,124.2,339.0,2021-04-12,https://dara.gd.gov.cn/sjfb/szrpjg/content/post_4585117.html,3月份广东省屠宰生猪及肉品供应情况（屠宰生猪及肉品价格2021年3月报）
屠宰生猪及肉品价格(月),2021-04,2021-04-01,,26.36,-16.53,,33.04,-15.26,,,,,,,,,,,,2667902.0,7.15,124.41,329.0,2021-05-13,https://dara.gd.gov.cn/sjfb/szrpjg/content/post_4585119.html,4月份广东省屠宰生猪及肉品供应情况（屠宰生猪及肉品价格2021年4月报）
屠宰生猪及肉品价格(月),2021-05,2021-05-01,,21.85,-17.11,,27.84,-15.74,,,,,,,,,,,,3058430.0,14.64,125.01,329.0,2021-06-10,https://dara.gd.gov.cn/sjfb/szrpjg/content/post_4585123.html,5月份广东省屠宰生猪及肉品供应情况（屠宰生猪及肉品价格2021年5月报）
屠宰生猪及肉品价格(月),2021-06,2021-06-01,,18.03,-17.48,,23.53,-15.48,,,,,,,,,,,,3355188.0,9.7,124.37,329.0,2021-07-12,https://dara.gd.gov.cn/sjfb/szrpjg/content/post_4585126.html,6月份我省屠宰生猪及肉品供应情况（屠宰生猪及肉品价格2021年6月报）
屠宰生猪及肉品价格(月),2021-07,2021-07-01,,18.19,0.89,,23.59,0.25,,,,,,,,,,,,3502120.0,4.38,124.42,329.0,2021-08-11,https://dara.gd.gov.cn/sjfb/szrpjg/content/post_4585129.html,7月份我省屠宰生猪及肉品供应情况（屠宰生猪及肉品价格2021年7月报）
屠宰生猪及肉品价格(月),2021-08,2021-08-01,,17.79,-2.2,,23.14,-1.91,,,,,,,,,,,,3589405.0,2.49,125.02,328.0,2021-09-18,https://dara.gd.gov.cn/sjfb/szrpjg/content/post_4585132.html,8月份我省屠宰生猪及肉品供应情况（屠宰生猪及肉品价格2021年8月报）
屠宰生猪及肉品价格(月),2021-09,2021-09-01,,15.57,-12.48,,20.74,-10.37,,,,,,,,,,,,3661605.0,2.01,124.94,321.0,2021-10-19,https://dara.gd.gov.cn/sjfb/szrpjg/content/post_4585135.html,9月份我省屠宰生猪及肉品供应情况（屠宰生猪及肉品价格2021年9月报）
屠宰生猪及肉品价格(月),2021-10,2021-10-01,,15.01,-3.6,,19.88,-4.15,,,,,,,,,,,,3897675.0,6.45,124.92,321.0,2021-11-12,https://dara.gd.gov.cn/sjfb/szrpjg/content/post_4585139.html,10月份我省屠宰生猪及肉品供应情况（屠宰生猪及肉品价格2021年10月报）
屠宰生猪及肉品价格(月),2021-11,2021-11-01,,19.04,26.85,,24.26,22.03,,,,,,,,,,,,3946232.0,1.25,124.29,321.0,2021-12-14,https://dara.gd.gov.cn/sjfb/szrpjg/content/post_4585143.html,11月份我省屠宰生猪及肉品供应情况（屠宰生猪及肉品价格2021年11月报）
屠宰生猪及肉品价格(月),2021-12,2021-12-01,,19.38,1.79,,24.9,2.64,,,,,,,,,,,,4009465.0,1.6,124.2,321.0,2022-01-17,https://dara.gd.gov.cn/sjfb/szrpjg/content/post_4585145.html,12月份我省屠宰生猪及肉品供应情况（屠宰生猪及肉品价格2021年12月报）
屠宰生猪及肉品价格(月),2022-01,2022-01-01,,16.68,-13.93,,21.99,-11.69,,,,,,,,,,,,3947297.0,-1.55,124.74,321.0,2022-02-11,https://dara.gd.gov.cn/sjfb/szrpjg/content/post_4585146.html,1月份我省屠宰生猪及肉品供应情况（屠宰生猪及肉品价格2022年1月报）
屠宰生猪及肉品价格(月),2022-02,2022-02-01,,15.35,-7.97,,20.48,-6.87,,,,,,,,,,,,2639875.0,-33.12,124.15,321.0,2022-03-14,https://dara.gd.gov.cn/sjfb/szrpjg/content/post_4585147.html,2月份我省屠宰生猪及肉品供应情况（屠宰生猪及肉品价格2022年2月报）
屠宰生猪及肉品价格(月),2022-03,2022-03-01,,14.31,-6.78,,19.22,-6.15,,,,,,,,,,,,4060841.0,53.83,124.94,316.0,2022-04-18,https://dara.gd.gov.cn/sjfb/szrpjg/content/post_4585151.html,3月份我省屠宰生猪及肉品供应情况（屠宰生猪及肉品价格2022年3月报）
屠宰生猪及肉品价格(月),2022-04,2022-04-01,,15.31,6.99,,20.08,4.47,,,,,,,,,,,,4023066.0,-0.93,124.57,316.0,2022-05-13,https://dara.gd.gov.cn/sjfb/szrpjg/content/post_4585153.html,2022年4月份广东省屠宰生猪及肉品供应情况
屠宰生猪及肉品价格(月),2022-05,2022-05-01,,17.88,16.79,,22.86,13.84,,,,,,,,,,,,3725169.0,-7.4,124.8,316.0,2022-06-10,https://dara.gd.gov.cn/sjfb/szrpjg/content/post_4585154.html,2022年5月份广东省屠宰生猪及肉品供应情况
屠宰生猪及肉品价格(月),2022-06,2022-06-01,,18.5,3.47,,23.56,3.06,,,,,,,,,,,,3579011.0,-3.92,124.29,319.0,2022-07-11,https://dara.gd.gov.cn/sjfb/szrpjg/content/post_4585156.html,2022年6月份广东省屠宰生猪及肉品供应情况
屠宰生猪及肉品价格(月),2022-07,2022-07-01,,23.58,27.46,,29.37,24.66,,,,,,,,,,,,3389268.0,-5.3,123.47,318.0,2022-08-09,https://dara.gd.gov.cn/sjfb/szrpjg/content/post_4585158.html,2022年7月份广东省屠宰生猪及肉品供应情况
屠宰生猪及肉品价格(月),2022-08,2022-08-01,,24.14,2.37,,30.09,2.45,,,,,,,,,,,,3327358.0,-1.83,123.78,318.0,2022-09-09,https://dara.gd.gov.cn/sjfb/szrpjg/content/post_4585160.html,2022年8月份广东省屠宰生猪及肉品供应情况
屠宰生猪及肉品价格(月),2022-09,2022-09-01,,25.41,5.26,,31.48,4.62,,,,,,,,,,,,3226459.0,-3.03,124.24,319.0,2022-10-09,https://dara.gd.gov.cn/sjfb/szrpjg/content/post_4585162.html,2022年9月份广东省屠宰生猪及肉品供应情况
屠宰生猪及肉品价格(月),2022-10,2022-10-01,,28.59,12.51,,35.14,11.63,,,,,,,,,,,,3164267.0,-1.93,124.42,324.0,2022-11-17,https://dara.gd.gov.cn/sjfb/szrpjg/content/post_4585165.html,2022年10月广东省屠宰生猪及肉品供应情况
屠宰生猪及肉品价格(月),2022-11,2022-11-01,,26.63,-6.86,,33.13,-5.72,,,,,,,,,,,,3093965.0,-2.22,125.07,324.0,2022-12-20,https://dara.gd.gov.cn/sjfb/szrpjg/content/post_4585167.html,2022年11月广东省屠宰生猪及肉品供应情况
屠宰生猪及肉品价格(月),2022-12,2022-12-01,,21.76,-18.29,,27.71,-16.36,,,,,,,,,,,,,,125.99,325.0,2023-01-13,https://dara.gd.gov.cn/sjfb/szrpjg/content/post_4585169.html,2022年12月广东省屠宰生猪及肉品供应情况
屠宰生猪及肉品价格(月),2023-01,2023-01-01,,16.99,-21.92,,22.42,-19.09,,,,,,,,,,,,,,126.32,324.0,2023-02-13,https://dara.gd.gov.cn/sjfb/szrpjg/content/post_4585170.html,2023年1月广东省屠宰生猪及肉品供应情况
屠宰生猪及肉品价格(月),2023-02,2023-02-01,,16.13,-5.06,,21.22,-5.35,,,,,,,,,,,,3049195.0,-0.13,125.66,323.0,2023-03-14,https://dara.gd.gov.cn/sjfb/szrpjg/content/post_4585172.html,2023年2月广东省屠宰生猪及肉品供应情况
屠宰生猪及肉品价格(月),2023-03,2023-03-01,,16.59,2.85,,21.61,1.84,,,,,,,,,,,,3809925.0,24.95,125.94,324.0,2023-04-14,https://dara.gd.gov.cn/sjfb/szrpjg/content/post_4585175.html,2023年3月广东省屠宰生猪及肉品供应情况
屠宰生猪及肉品价格(月),2023-04,2023-04-01,,15.91,-4.1,,20.9,-3.29,,,,,,,,,,,,3835728.0,0.68,125.94,324.0,2023-05-09,https://dara.gd.gov.cn/sjfb/szrpjg/content/post_4585176.html,2023年4月广东省屠宰生猪及肉品供应情况
屠宰生猪及肉品价格(月),2023-05,2023-05-01,,15.68,-1.45,,20.61,-1.39,,,,,,,,,,,,4007399.0,4.48,,304.0,2023-06-12,https://dara.gd.gov.cn/sjfb/szrpjg/content/post_4585178.html,2023年5月广东省屠宰生猪及肉品供应情况
屠宰生猪及肉品价格(月),2023-06,2023-06-01,,15.66,-0.13,,20.58,-0.15,,,,,,,,,,,,3999269.0,-0.2,125.94,306.0,2023-07-14,https://dara.gd.gov.cn/sjfb/szrpjg/content/post_4585181.html,2023年6月广东省屠宰生猪及肉品供应情况
屠宰生猪及肉品价格(月),2023-07,2023-07-01,,15.94,1.79,,20.77,0.92,,,,,,,,,,,,4071150.0,1.8,125.36,306.0,2023-08-31,https://dara.gd.gov.cn/sjfb/szrpjg/content/post_4585183.html,2023年7月广东省屠宰生猪及肉品价格情况
屠宰生猪及肉品价格(月),2023-08,2023-08-01,,18.56,16.44,,23.59,13.58,,,,,,,,,,,,3887764.0,-4.5,125.92,306.0,2023-09-19,https://dara.gd.gov.cn/sjfb/szrpjg/content/post_4585185.html,2023年8月广东省屠宰生猪及肉品价格情况
屠宰生猪及肉品价格(月),2023-09,2023-09-01,,18.26,-1.62,,23.28,-1.31,,,,,,,,,,,,3856234.0,-0.81,126.45,306.0,2023-10-18,https://dara.gd.gov.cn/sjfb/szrpjg/content/post_4585187.html,2023年9月广东省屠宰生猪及肉品价格情况
屠宰生猪及肉品价格(月),2023-10,2023-10-01,,17.02,-6.79,,21.93,-5.8,,,,,,,,,,,,3932056.0,1.97,126.82,306.0,2023-11-15,https://dara.gd.gov.cn/sjfb/szrpjg/content/post_4585188.html,2023年10月广东省屠宰生猪及肉品价格情况
屠宰生猪及肉品价格(月),2023-11,2023-11-01,,16.58,-2.59,,21.48,-2.05,,,,,,,,,,,,4149308.0,5.53,127.44,304.0,2023-12-14,https://dara.gd.gov.cn/sjfb/szrpjg/content/post_4585191.html,2023年11月广东省屠宰生猪及肉品价格情况
屠宰生猪及肉品价格(月),2023-12,2023-12-01,,16.08,-3.02,,20.96,-2.42,,,,,,,,,,,,4480903.0,7.99,127.94,306.0,2024-01-15,https://dara.gd.gov.cn/sjfb/szrpjg/content/post_4585193.html,2023年12月广东省屠宰生猪及肉品价格情况
屠宰生猪及肉品价格(月),2024-01,2024-01-01,,15.29,-4.91,,20.04,-4.39,,,,,,,,,,,,4299481.0,-4.05,127.93,304.0,2024-02-22,https://dara.gd.gov.cn/sjfb/szrpjg/content/post_4585195.html,2024年1月广东省屠宰生猪及肉品价格情况
屠宰生猪及肉品价格(月),2024-02,2024-02-01,,15.79,3.27,,20.57,2.64,,,,,,,,,,,,2958907.0,-31.18,127.37,304.0,2024-03-15,https://dara.gd.gov.cn/sjfb/szrpjg/content/post_4585197.html,2024年2月广东省屠宰生猪及肉品价格情况
屠宰生猪及肉品价格(月),2024-03,2024-03-01,,16.03,1.52,,20.81,1.17,,,,,,,,,,,,3981697.0,34.57,126.91,304.0,2024-04-08,https://dara.gd.gov.cn/sjfb/szrpjg/content/post_4585198.html,2024年3月广东省屠宰生猪及肉品价格情况
屠宰生猪及肉品价格(月),2024-04,2024-04-01,,16.53,3.12,,21.34,2.55,,,,,,,,,,,,3852894.0,-3.23,127.19,304.0,2024-05-10,https://dara.gd.gov.cn/sjfb/szrpjg/content/post_4585200.html,2024年4月广东省屠宰生猪及肉品价格情况
屠宰生猪及肉品价格(月),2024-05,2024-05-01,,16.76,1.39,,21.55,0.98,,,,,,,,,,,,4067556.0,5.57,127.4,300.0,2024-06-19,https://dara.gd.gov.cn/sjfb/szrpjg/content/post_4585203.html,2024年5月广东省屠宰生猪及肉品价格情况
屠宰生猪及肉品价格(月),2024-06,2024-06-01,,18.98,13.25,,23.93,11.04,,,,,,,,,,,,3785834.0,-6.93,127.14,300.0,2024-07-17,https://dara.gd.gov.cn/sjfb/szrpjg/content/post_4585205.html,2024年6月广东省屠宰生猪及肉品价格情况
屠宰生猪及肉品价格(月),2024-07,2024-07-01,,20.12,6.01,,25.15,5.1,,,,,,,,,,,,,,126.59,302.0,2024-09-18,https://dara.gd.gov.cn/sjfb/szrpjg/content/post_4495817.html,2024年7月广东省屠宰生猪及肉品价格情况
屠宰生猪及肉品价格(月),2024-08,2024-08-01,,21.97,9.19,,27.21,8.19,,,,,,,,,,,,3576183.0,-4.77,126.74,302.0,2024-09-20,https://dara.gd.gov.cn/sjfb/szrpjg/content/post_4585207.html,2024年8月广东省屠宰生猪及肉品价格情况
屠宰生猪及肉品价格(月),2024-09,2024-09-01,,20.7,-5.78,,25.84,-5.03,,,,,,,,,,,,3614349.0,1.07,126.95,304.0,2024-10-18,https://dara.gd.gov.cn/sjfb/szrpjg/content/post_4585209.html,2024年9月广东省屠宰生猪及肉品价格月报
屠宰生猪及肉品价格(月),2024-10,2024-10-01,,19.44,-6.09,,24.54,-5.03,,,,,,,,,,,,3775123.0,4.45,126.95,303.0,2024-12-06,https://dara.gd.gov.cn/sjfb/szrpjg/content/post_4616106.html,2024年10月广东省屠宰生猪及肉品价格情况
屠宰生猪及肉品价格(月),2024-11,2024-11-01,,18.86,-2.98,,23.88,-2.69,,,,,,,,,,,,3841597.0,1.76,127.47,303.0,2024-12-13,https://dara.gd.gov.cn/sjfb/szrpjg/content/post_4644532.html,2024年11月份广东省屠宰生猪及肉品价格情况
屠宰生猪及肉品价格(月),2024-12,2024-12-01,,17.98,-4.67,,22.96,-3.85,,,,,,,,,,,,4393266.0,14.36,127.7,303.0,2025-01-21,https://dara.gd.gov.cn/sjfb/szrpjg/content/post_4658086.html,2024年12月份广东省屠宰生猪及肉品价格情况
屠宰生猪及肉品价格(月),2025-01,2025-01-01,,17.68,-1.67,,22.67,-1.26,,,,,,,,,,,,3909189.0,-11.02,127.5,303.0,2025-02-25,https://dara.gd.gov.cn/sjfb/szrpjg/content/post_4672733.html,2025年1月份广东省屠宰生猪及肉品价格情况
屠宰生猪及肉品价格(月),2025-02,2025-02-01,,17.02,-3.73,,21.97,-3.09,,,,,,,,,,,,3032926.0,-22.42,125.69,304.0,2025-03-18,https://dara.gd.gov.cn/sjfb/szrpjg/content/post_4682783.html,2025年2月广东省屠宰生猪及肉品价格情况
屠宰生猪及肉品价格(月),2025-03,2025-03-01,,16.77,-1.47,,21.67,-1.37,,,,,,,,,,,,4122111.0,35.91,125.51,304.0,2025-04-17,https://dara.gd.gov.cn/sjfb/szrpjg/content/post_4698322.html,2025年3月广东省屠宰生猪及肉品价格情况
屠宰生猪及肉品价格(月),2025-04,2025-04-01,,16.62,-0.89,,21.5,-0.78,,,,,,,,,,,,4086230.0,-0.87,125.69,303.0,2025-06-16,https://dara.gd.gov.cn/sjfb/szrpjg/content/post_4725164.html,2025年4月广东省屠宰生猪及肉品价格情况
屠宰生猪及肉品价格(月),2025-05,2025-05-01,,16.49,-0.78,,21.29,-0.98,,,,,,,,,,,,4348297.0,6.41,125.97,303.0,2025-06-17,https://dara.gd.gov.cn/sjfb/szrpjg/content/post_4726012.html,2025年5月广东省屠宰生猪及肉品价格情况
屠宰生猪及肉品价格(月),2025-06,2025-06-01,,16.42,-0.42,,21.22,-0.33,,,,,,,,,,,,4078825.0,-6.2,125.24,302.0,2025-08-06,https://dara.gd.gov.cn/sjfb/szrpjg/content/post_4755304.html,2025年6月份广东省屠宰生猪及肉品价格情况
屠宰生猪及肉品价格(月),2025-07,2025-07-01,,17.06,3.9,,21.89,3.16,,,,,,,,,,,,4167164.0,2.17,125.47,303.0,2025-08-15,https://dara.gd.gov.cn/sjfb/szrpjg/content/post_4759279.html,2025年7月广东省屠宰生猪及肉品价格情况
屠宰生猪及肉品价格(月),2025-08,2025-08-01,,16.72,-1.99,,21.22,-3.06,,,,,,,,,,,,4271737.0,2.51,125.4,304.0,2025-09-16,https://dara.gd.gov.cn/sjfb/szrpjg/content/post_4773894.html,2025年8月广东省屠宰生猪及肉品价格情况
屠宰生猪及肉品价格(月),2025-09,2025-09-01,,15.94,-4.67,,20.46,-3.58,,,,,,,,,,,,4191183.0,-1.89,125.66,303.0,2025-10-16,https://dara.gd.gov.cn/sjfb/szrpjg/content/post_4785039.html,2025年9月份广东省屠宰生猪及肉品价格情况
屠宰生猪及肉品价格(月),2025-10,2025-10-01,,14.01,-12.11,,18.33,-10.41,,,,,,,,,,,,4434579.0,5.81,125.73,306.0,2025-11-14,https://dara.gd.gov.cn/sjfb/szrpjg/content/post_4800255.html,2025年10月份广东省屠宰生猪及肉品价格情况
屠宰生猪及肉品价格(月),2025-11,2025-11-01,,14.2,1.36,,18.46,0.71,,,,,,,,,,,,4552253.0,2.65,126.01,305.0,2025-12-12,https://dara.gd.gov.cn/sjfb/szrpjg/content/post_4828659.html,2025年11月份广东省屠宰生猪及肉品价格情况
屠宰生猪及肉品价格(月),2025-12,2025-12-01,,13.93,-1.9,,18.11,-1.9,,,,,,,,,,,,4860623.0,6.77,126.57,305.0,2026-01-19,https://dara.gd.gov.cn/sjfb/szrpjg/content/post_4845139.html,2025年12月份广东省屠宰生猪及肉品价格情况
屠宰生猪及肉品价格(月),2026-01,2026-01-01,,14.46,3.8,,18.61,2.76,,,,,,,,,,,,4751329.0,-2.25,126.78,244.0,2026-02-13,https://dara.gd.gov.cn/sjfb/szrpjg/content/post_4857535.html,2026年1月份广东省屠宰生猪及肉品价格情况
屠宰生猪及肉品价格(月),2026-02,2026-02-01,,14.08,-2.63,,18.21,-2.15,,,,,,,,,,,,3337332.0,-29.76,126.38,244.0,2026-03-13,https://dara.gd.gov.cn/sjfb/szrpjg/content/post_4870711.html,2026年2月份广东省屠宰生猪及肉品价格情况
屠宰生猪及肉品价格(月),2026-03,2026-03-01,,12.77,-9.3,,16.86,-7.41,,,,,,,,,,,,4395952.0,31.72,125.61,243.0,2026-04-12,https://dara.gd.gov.cn/sjfb/szrpjg/content/post_4883713.html,2026年3月广东省屠宰生猪及肉品价格情况
屠宰生猪及肉品价格(月),2026-04,2026-04-01,,11.7,-8.38,,15.68,-7.0,,,,,,,,,,,,4559921.0,3.73,126.2,239.0,2026-05-12,https://dara.gd.gov.cn/sjfb/szrpjg/content/post_4895896.html,2026年4月广东省屠宰生猪及肉品价格情况
屠宰生猪及肉品价格(月),2026-05,2026-05-01,,11.92,1.88,,15.79,0.7,,,,,,,,,,,,4767966.0,4.56,126.18,239.0,2026-06-11,https://dara.gd.gov.cn/sjfb/szrpjg/content/post_4914390.html,2026年5月广东省屠宰生猪及肉品价格情况
屠宰生猪及肉品价格(月),2026-06,2026-06-01,,12.13,1.76,,15.97,1.14,,,,,,,,,,,,4672395.0,-2.0,125.75,243.0,2026-07-11,https://dara.gd.gov.cn/sjfb/szrpjg/content/post_4923940.html,2026年6月广东省屠宰生猪及肉品价格情况
屠宰生猪及肉品价格(月),2026-07,2026-07-01,,13.41,10.55,,17.22,7.83,,,,,,,,,,,,4636809.0,-0.76,125.62,234.0,2026-08-10,https://dara.gd.gov.cn/sjfb/szrpjg/content/post_4943532.html,2026年7月广东省屠宰生猪及肉品价格情况
屠宰生猪及肉品价格(月),2026-08,2026-08-01,,13.37,-0.3,,17.12,-0.58,,,,,,,,,,,,4676413.0,0.85,125.3,236.0,2026-09-15,https://dara.gd.gov.cn/sjfb/szrpjg/content/post_4955784.html,2026年8月广东省屠宰生猪及肉品价格情况
生猪产能监测(月),2022-01,2022-01-01,,,,,,,,16.39,-12.45,-55.99,28.89,-1.23,-68.99,-1.3,28.21,2.2,4.11,,,,,2022-03-29,https://dara.gd.gov.cn/sjfb/szrpjg/content/post_4585148.html,2022年1月广东省生猪产能监测情况
生猪产能监测(月),2022-02,2022-02-01,,,,,,,,14.84,-9.46,-56.95,26.97,-6.65,-70.38,,,1.78,3.31,,,,,2022-03-29,https://dara.gd.gov.cn/sjfb/szrpjg/content/post_4585149.html,2022年2月广东省生猪产能监测情况
生猪产能监测(月),2022-03,2022-03-01,,,,,,,,13.46,-9.3,-56.54,24.4,-9.53,-73.62,-1.63,18.95,-1.65,-1.44,,,,,2022-04-11,https://dara.gd.gov.cn/sjfb/szrpjg/content/post_4585150.html,2022年3月广东省生猪产能监测情况
生猪产能监测(月),2022-04,2022-04-01,,,,,,,,14.43,7.21,-44.9,25.98,6.48,-69.02,-0.45,15.39,-0.43,-2.9,,,,,2022-05-11,https://dara.gd.gov.cn/sjfb/szrpjg/content/post_4585152.html,2022年4月广东省生猪产能监测情况
生猪产能监测(月),2022-05,2022-05-01,,,,,,,,17.62,22.11,-22.07,33.66,29.56,-51.68,,,1.21,-1.13,,,,,2022-06-14,https://dara.gd.gov.cn/sjfb/szrpjg/content/post_4585155.html,2022年5月广东省生猪产能监测情况
生猪产能监测(月),2022-06,2022-06-01,,,,,,,,18.7,6.13,1.52,38.74,15.09,-26.8,4.37,17.58,3.87,3.9,,,,,2022-07-15,https://dara.gd.gov.cn/sjfb/szrpjg/content/post_4585157.html,2022年6月广东省生猪产能监测情况
生猪产能监测(月),2022-07,2022-07-01,,,,,,,,24.06,28.66,36.63,48.74,25.81,18.39,3.2,20.17,1.46,7.22,,,,,2022-08-11,https://dara.gd.gov.cn/sjfb/szrpjg/content/post_4585159.html,2022年7月广东省生猪产能监测情况
生猪产能监测(月),2022-08,2022-08-01,,,,,,,,23.73,-1.37,36.46,49.14,0.82,30.38,4.07,22.05,3.03,10.48,,,,,2022-09-09,https://dara.gd.gov.cn/sjfb/szrpjg/content/post_4585161.html,2022年8月广东省生猪产能监测情况
生猪产能监测(月),2022-09,2022-09-01,,,,,,,,24.99,5.31,66.49,50.38,2.52,59.33,4.31,25.11,2.6,12.99,,,,,2022-10-17,https://dara.gd.gov.cn/sjfb/szrpjg/content/post_4585163.html,2022年9月广东省生猪产能监测情况
生猪产能监测(月),2022-10,2022-10-01,,,,,,,,27.84,11.4,99.43,51.56,2.34,121.19,1.5,31.06,1.96,20.3,,,,,2022-11-11,https://dara.gd.gov.cn/sjfb/szrpjg/content/post_4585164.html,2022年10月广东省生猪产能监测情况
生猪产能监测(月),2022-11,2022-11-01,,,,,,,,26.24,-5.75,45.62,49.52,-3.96,98.08,1.57,27.61,1.38,21.08,,,,,2022-12-15,https://dara.gd.gov.cn/sjfb/szrpjg/content/post_4585166.html,2022年11月广东省生猪产能监测情况
生猪产能监测(月),2022-12,2022-12-01,,,,,,,,21.36,-18.6,14.1,44.35,-10.44,51.62,0.04,19.95,2.04,22.49,,,,,2023-01-10,https://dara.gd.gov.cn/sjfb/szrpjg/content/post_4585168.html,2022年12月广东省生猪产能监测情况
生猪产能监测(月),2023-01,2023-01-01,,,,,,,,16.52,-22.66,0.79,35.9,-19.05,24.26,-0.34,20.92,0.33,20.13,,,,,2023-02-14,https://dara.gd.gov.cn/sjfb/szrpjg/content/post_4585171.html,2023年1月广东省生猪产能监测情况
生猪产能监测(月),2023-02,2023-02-01,,,,,,,,15.8,-4.36,6.47,33.53,-6.6,24.32,-0.54,20.02,-0.24,17.65,,,,,2023-03-14,https://dara.gd.gov.cn/sjfb/szrpjg/content/post_4585173.html,2023年2月广东省生猪产能监测情况
生猪产能监测(月),2023-03,2023-03-01,,,,,,,,16.16,2.28,20.06,38.22,13.99,56.64,1.26,24.07,0.05,20.26,,,,,2023-04-13,https://dara.gd.gov.cn/sjfb/szrpjg/content/post_4585174.html,2023年3月广东省生猪产能监测情况
生猪产能监测(月),2023-04,2023-04-01,,,,,,,,15.44,-4.46,7.0,37.69,-1.39,45.07,0.83,27.62,1.95,25.17,,,,,2023-05-16,https://dara.gd.gov.cn/sjfb/szrpjg/content/post_4585177.html,2023年4月广东省生猪产能监测情况
生猪产能监测(月),2023-05,2023-05-01,,,,,,,,15.15,-1.88,-14.02,37.64,-0.13,11.82,1.59,25.47,2.2,24.04,,,,,2023-06-13,https://dara.gd.gov.cn/sjfb/szrpjg/content/post_4585179.html,2023年5月广东省生猪产能监测情况
生猪产能监测(月),2023-06,2023-06-01,,,,,,,,15.18,0.2,-18.82,37.5,-0.37,-3.2,1.37,21.3,0.45,19.1,,,,,2023-07-11,https://dara.gd.gov.cn/sjfb/szrpjg/content/post_4585180.html,2023年6月广东省生猪产能监测情况
生猪产能监测(月),2023-07,2023-07-01,,,,,,,,15.56,2.5,-35.33,35.53,-5.25,-27.1,1.1,19.05,-0.93,16.44,,,,,2023-08-14,https://dara.gd.gov.cn/sjfb/szrpjg/content/post_4585182.html,2023年7月广东省生猪产能监测情况
生猪产能监测(月),2023-08,2023-08-01,,,,,,,,18.33,17.8,-22.76,36.27,2.08,-26.19,1.52,16.1,0.31,13.32,,,,,2023-09-15,https://dara.gd.gov.cn/sjfb/szrpjg/content/post_4585184.html,2023年8月广东省生猪产能监测情况
生猪产能监测(月),2023-09,2023-09-01,,,,,,,,17.7,-3.44,-29.17,34.63,4.52,-31.26,1.49,15.72,0.35,13.73,,,,,2023-10-11,https://dara.gd.gov.cn/sjfb/szrpjg/content/post_4585186.html,2023年9月广东省生猪产能监测情况
生猪产能监测(月),2023-10,2023-10-01,,,,,,,,16.56,-6.44,-40.52,30.63,-13.23,-41.72,0.22,13.09,-0.31,9.9,,,,,2023-11-16,https://dara.gd.gov.cn/sjfb/szrpjg/content/post_4585189.html,2023年10月广东省生猪产能监测情况
生猪产能监测(月),2023-11,2023-11-01,,,,,,,,16.05,-3.08,-38.83,25.91,-13.78,-47.68,-0.5,10.39,-0.57,7.49,,,,,2023-12-11,https://dara.gd.gov.cn/sjfb/szrpjg/content/post_4585190.html,2023年11月广东省生猪产能监测情况
生猪产能监测(月),2023-12,2023-12-01,,,,,,,,15.58,-2.93,-27.06,24.94,-3.74,-43.77,-0.46,8.78,0.02,4.56,,,,,2024-01-12,https://dara.gd.gov.cn/sjfb/szrpjg/content/post_4585192.html,2023年12月广东省生猪产能监测情况
生猪产能监测(月),2024-01,2024-01-01,,,,,,,,14.81,-4.94,-10.35,23.6,-5.37,-34.26,-1.95,6.39,-1.72,2.11,,,,,2024-02-08,https://dara.gd.gov.cn/sjfb/szrpjg/content/post_4585194.html,2024年1月广东省生猪产能监测情况
生猪产能监测(月),2024-02,2024-02-01,,,,,,,,15.44,4.25,-2.28,28.91,22.5,-13.78,-0.4,6.69,-0.06,2.62,,,,,2024-03-11,https://dara.gd.gov.cn/sjfb/szrpjg/content/post_4585196.html,2024年2月广东省生猪产能监测情况
生猪产能监测(月),2024-03,2024-03-01,,,,,,,,15.85,2.66,-1.92,34.06,17.81,-10.88,0.83,6.0,-0.65,1.42,,,,,2024-04-16,https://dara.gd.gov.cn/sjfb/szrpjg/content/post_4585199.html,2024年3月广东省生猪产能监测情况
生猪产能监测(月),2024-04,2024-04-01,,,,,,,,16.33,3.03,5.76,37.73,10.78,0.11,0.45,6.27,3.46,3.21,,,,,2024-05-13,https://dara.gd.gov.cn/sjfb/szrpjg/content/post_4585201.html,2024年4月广东省生猪产能监测情况
生猪产能监测(月),2024-05,2024-05-01,,,,,,,,16.49,0.98,8.84,39.39,4.4,4.65,-0.04,5.06,1.46,3.71,,,,,2024-06-11,https://dara.gd.gov.cn/sjfb/szrpjg/content/post_4585202.html,2024年5月广东省生猪产能监测情况
生猪产能监测(月),2024-06,2024-06-01,,,,,,,,18.98,15.1,25.03,39.39,12.64,18.32,2.06,4.57,1.09,2.63,,,,,2024-07-16,https://dara.gd.gov.cn/sjfb/szrpjg/content/post_4585204.html,2024年6月广东省生猪产能监测情况
生猪产能监测(月),2024-07,2024-07-01,,,,,,,,19.98,5.27,28.41,48.61,9.56,36.81,2.97,6.35,0.78,4.36,,,,,2024-09-18,https://dara.gd.gov.cn/sjfb/szrpjg/content/post_4495816.html,2024年7月广东省生猪产能监测情况
生猪产能监测(月),2024-08,2024-08-01,,,,,,,,21.69,8.56,18.33,48.52,-0.19,33.77,4.01,8.85,0.69,4.74,,,,,2024-09-20,https://dara.gd.gov.cn/sjfb/szrpjg/content/post_4585206.html,2024年8月广东省生猪产能监测情况
生猪产能监测(月),2024-09,2024-09-01,,,,,,,,20.34,-6.22,14.92,43.82,-9.69,26.54,2.13,9.58,0.63,5.11,,,,,2024-10-16,https://dara.gd.gov.cn/sjfb/szrpjg/content/post_4585208.html,2024年9月广东省生猪产能监测情况
生猪产能监测(月),2024-11,2024-11-01,,,,,,,,18.34,-3.58,14.27,35.26,-7.19,36.09,2.47,14.99,1.15,7.02,,,,,2024-12-24,https://dara.gd.gov.cn/sjfb/szrpjg/content/post_4644533.html,2024年11月广东省生猪产能监测情况
生猪产能监测(月),2024-12,2024-12-01,,,,,,,,17.56,-4.25,12.71,34.53,-2.07,38.45,1.95,17.72,2.93,10.2,,,,,2025-01-21,https://dara.gd.gov.cn/sjfb/szrpjg/content/post_4658076.html,2024年12月广东省生猪产能监测情况
生猪产能监测(月),2025-01,2025-01-01,,,,,,,,17.06,-2.85,15.19,34.97,1.27,48.18,-1.26,18.99,1.23,13.71,,,,,2025-02-21,https://dara.gd.gov.cn/sjfb/szrpjg/content/post_4671204.html,2025年1月广东省生猪产能监测情况
生猪产能监测(月),2025-02,2025-02-01,,,,,,,,16.58,-2.81,7.38,39.5,12.95,36.63,2.04,21.79,0.39,14.21,,,,,2025-03-14,https://dara.gd.gov.cn/sjfb/szrpjg/content/post_4680964.html,2025年2月广东省生猪产能监测情况
生猪产能监测(月),2025-03,2025-03-01,,,,,,,,16.24,-2.05,2.46,40.08,1.47,17.67,,,1.01,16.31,,,,,2025-04-28,https://dara.gd.gov.cn/sjfb/szrpjg/content/post_4703544.html,2025年3月广东省生猪产能监测情况
生猪产能监测(月),2025-04,2025-04-01,,,,,,,,16.14,-0.62,-1.16,41.82,4.34,10.84,0.08,20.48,0.59,12.77,,,,,2025-05-28,https://dara.gd.gov.cn/sjfb/szrpjg/content/post_4750585.html,2025年4月广东省生猪产能监测情况
生猪产能监测(月),2025-05,2025-05-01,,,,,,,,15.89,-1.55,-3.64,41.18,-1.53,4.54,0.12,20.74,1.0,12.1,,,,,2025-06-28,https://dara.gd.gov.cn/sjfb/szrpjg/content/post_4750593.html,2025年5月广东省生猪产能监测情况
生猪产能监测(月),2025-06,2025-06-01,,,,,,,,15.82,-0.44,-16.65,38.86,-5.63,-12.42,1.93,20.63,2.09,13.34,,,,,2025-07-23,https://dara.gd.gov.cn/sjfb/szrpjg/content/post_4748534.html,2025年6月广东省生猪产能监测情况
生猪产能监测(月),2025-07,2025-07-01,,,,,,,,16.54,4.55,-17.22,39.47,1.57,-18.8,2.4,19.81,-0.02,12.28,,,,,2025-08-20,https://dara.gd.gov.cn/sjfb/szrpjg/content/post_4761534.html,2025年7月广东省生猪产能监测情况
