cycle,name,peak_date,peak_mc,peak_year_np,pe_on_peak_year_np,np2019,np2020,np2021,np2022,np2024
ASF,牧原,2021-02-19,4770.6,274.51,17.4,61.14,274.51,69.04,,
2022,牧原,2022-07-11,3466.8,132.66,26.1,,,,132.66,
2024,牧原,2024-05-20,2697.2,178.81,15.1,,,,,178.81
ASF,温氏,2019-03-12,2407.9,139.67,17.2,139.67,74.26,-134.04,,
2022,温氏,2022-07-11,1666.6,52.89,31.5,,,,52.89,
2024,温氏,2024-05-27,1486.1,92.8,16.0,,,,,92.8
ASF,正邦,2020-08-07,659.5,57.44,11.5,16.47,57.44,-188.19,,
2022,正邦,2022-01-10,347.0,-133.86,,,,,-133.86,
2024,正邦,2024-06-13,322.8,2.16,149.2,,,,,2.16
ASF,天邦,2019-04-24,257.4,32.45,7.9,1.0,32.45,-44.62,,
2022,天邦,2022-04-18,171.8,4.89,35.1,,,,4.89,
2024,天邦,2024-01-02,81.5,14.59,5.6,,,,,14.59
ASF,新希望,2020-09-02,1739.5,50.42,34.5,50.42,49.44,-95.91,,
2022,新希望,2022-01-10,829.4,-14.6,,,,,-14.6,
2024,新希望,2025-04-08,499.7,4.74,105.5,,,,,4.74
ASF,唐人神,2019-04-24,149.1,9.5,15.7,2.02,9.5,-11.47,,
2022,唐人神,2022-03-29,133.5,1.35,98.8,,,,1.35,
2024,唐人神,2024-01-02,108.9,3.55,30.6,,,,,3.55
ASF,天康,2020-07-14,203.4,17.2,11.8,6.44,17.2,-7.03,,
2022,天康,2022-02-10,172.6,2.81,61.5,,,,2.81,
2024,天康,2024-01-02,121.0,6.05,20.0,,,,,6.05
ASF,大北农,2020-08-19,524.0,19.56,26.8,5.13,19.56,-4.4,,
2022,大北农,2022-01-04,453.1,0.51,887.0,,,,0.51,
2024,大北农,2024-01-02,244.4,3.46,70.7,,,,,3.46
ASF,傲农,2020-08-24,136.8,5.73,23.9,0.29,5.73,-15.2,,
2022,傲农,2022-07-11,210.3,-10.38,,,,,-10.38,
2024,傲农,2025-05-16,105.2,5.79,18.2,,,,,5.79
ASF,金新农,2021-01-07,72.1,1.41,51.3,1.41,1.32,-9.92,,
2022,金新农,2023-06-30,61.7,0.2,310.7,,,,0.2,
2024,金新农,2024-01-02,45.2,0.3,149.9,,,,,0.3
ASF,京基,2020-09-17,174.4,11.01,15.8,11.01,8.67,3.89,,
2022,京基,2022-04-18,135.6,7.73,17.5,,,,7.73,
2024,京基,2024-12-04,100.8,7.14,14.1,,,,,7.14
ASF,新五丰,2019-04-22,102.8,2.83,36.4,0.63,2.83,-2.96,,
2022,新五丰,2023-04-06,141.0,-0.78,,,,,-0.78,
2024,新五丰,2024-01-16,141.3,0.39,359.3,,,,,0.39
ASF,神农,2021-05-28,228.1,11.38,20.0,4.69,11.38,2.45,,
2022,神农,2022-01-10,168.0,2.56,65.8,,,,2.56,
2024,神农,2024-05-20,236.2,6.87,34.4,,,,,6.87
ASF,巨星,2021-04-08,86.1,2.59,33.2,0.4,1.28,2.59,,
2022,巨星,2023-04-06,182.5,1.58,115.4,,,,1.58,
2024,巨星,2024-01-02,190.3,5.19,36.7,,,,,5.19
ASF,东瑞,2021-04-28,86.7,6.81,12.7,2.62,6.81,2.12,,
2022,东瑞,2022-07-11,101.9,0.43,237.5,,,,0.43,
2024,东瑞,2024-05-20,66.4,-0.66,,,,,,-0.66
ASF,华统,2021-12-31,78.8,1.35,58.4,1.32,1.35,-1.92,,
2022,华统,2022-10-13,146.6,0.88,167.1,,,,0.88,
2024,华统,2024-05-14,149.0,0.73,204.0,,,,,0.73
