code,name,window,start,end,ret,csi300,excess
002714,牧原股份,2018H1,2017-12-29,2018-06-29,-0.15613020143584033,-0.12897279730081745,-0.027157404135022878
002714,牧原股份,2018H2,2018-06-29,2018-12-28,0.175766085735525,-0.14250437199870114,0.31827045773422613
002714,牧原股份,2019H1,2018-12-28,2019-06-28,1.012939936775553,0.2706857323169416,0.7422542044586113
002714,牧原股份,2019H2,2019-06-28,2019-12-31,0.5033817032058128,0.07083613246584175,0.432545570739971
002714,牧原股份,2020H1,2019-12-31,2020-06-30,0.5700516734682508,0.016447866268936462,0.5536038071993143
002714,牧原股份,2020H2,2020-06-30,2020-12-31,-0.05911732091372812,0.2515225890738624,-0.3106399099875905
002714,牧原股份,2021H1,2020-12-31,2021-06-30,0.12193192806236253,0.002446611107806307,0.11948531695455622
002714,牧原股份,2021H2,2021-06-30,2021-12-31,-0.11936627576360559,-0.05430088590439586,-0.06506538985920973
002714,牧原股份,2022H1,2021-12-31,2022-06-30,0.03921090440619013,-0.09217123413833372,0.13138213854452385
002714,牧原股份,2022H2,2022-06-30,2022-12-30,-0.11399725534009819,-0.13676223687349642,0.022764981533398232
300498,温氏股份,2018H1,2017-12-29,2018-06-29,-0.05831245233685578,-0.12897279730081745,0.07066034496396167
300498,温氏股份,2018H2,2018-06-29,2018-12-28,0.17324656543745465,-0.14250437199870114,0.3157509374361558
300498,温氏股份,2019H1,2018-12-28,2019-06-28,0.36137063971403927,0.2706857323169416,0.09068490739709767
300498,温氏股份,2019H2,2019-06-28,2019-12-31,-0.051100970592495965,0.07083613246584175,-0.12193710305833771
300498,温氏股份,2020H1,2019-12-31,2020-06-30,-0.17697797793977332,0.016447866268936462,-0.19342584420870979
300498,温氏股份,2020H2,2020-06-30,2020-12-31,-0.13100537933593026,0.2515225890738624,-0.38252796840979264
300498,温氏股份,2021H1,2020-12-31,2021-06-30,-0.1779710763648007,0.002446611107806307,-0.180417687472607
300498,温氏股份,2021H2,2021-06-30,2021-12-31,0.2854777979745522,-0.05430088590439586,0.33977868387894805
300498,温氏股份,2022H1,2021-12-31,2022-06-30,0.08857914804433986,-0.09217123413833372,0.18075038218267359
300498,温氏股份,2022H2,2022-06-30,2022-12-30,-0.06253624365011246,-0.13676223687349642,0.07422599322338397
002157,正邦科技,2018H1,2017-12-29,2018-06-29,-0.28155477031802123,-0.12897279730081745,-0.15258197301720378
002157,正邦科技,2018H2,2018-06-29,2018-12-28,0.304544560299036,-0.14250437199870114,0.4470489322977371
002157,正邦科技,2019H1,2018-12-28,2019-06-28,2.0612275674860503,0.2706857323169416,1.7905418351691087
002157,正邦科技,2019H2,2019-06-28,2019-12-31,-0.02719345780580318,0.07083613246584175,-0.09802959027164493
002157,正邦科技,2020H1,2019-12-31,2020-06-30,0.08203777789031252,0.016447866268936462,0.06558991162137606
002157,正邦科技,2020H2,2020-06-30,2020-12-31,-0.02471100294847184,0.2515225890738624,-0.2762335920223342
002157,正邦科技,2021H1,2020-12-31,2021-06-30,-0.25307516355551285,0.002446611107806307,-0.25552177466331916
002157,正邦科技,2021H2,2021-06-30,2021-12-31,-0.17654806137636392,-0.05430088590439586,-0.12224717547196806
002157,正邦科技,2022H1,2021-12-31,2022-06-30,-0.3370479695200448,-0.09217123413833372,-0.24487673538171106
002157,正邦科技,2022H2,2022-06-30,2022-12-30,-0.2584390875389835,-0.13676223687349642,-0.12167685066548706
002124,天邦食品,2018H1,2017-12-29,2018-06-29,-0.19551560345267893,-0.12897279730081745,-0.06654280615186148
002124,天邦食品,2018H2,2018-06-29,2018-12-28,0.5195860580280618,-0.14250437199870114,0.6620904300267629
002124,天邦食品,2019H1,2018-12-28,2019-06-28,0.8603300605807391,0.2706857323169416,0.5896443282637975
002124,天邦食品,2019H2,2019-06-28,2019-12-31,-0.03631504480427605,0.07083613246584175,-0.1071511772701178
002124,天邦食品,2020H1,2019-12-31,2020-06-30,0.023071545094383694,0.016447866268936462,0.006623678825447232
002124,天邦食品,2020H2,2020-06-30,2020-12-31,0.1315489749430525,0.2515225890738624,-0.11997361413080987
002124,天邦食品,2021H1,2020-12-31,2021-06-30,-0.2780875691997987,0.002446611107806307,-0.280534180307605
002124,天邦食品,2021H2,2021-06-30,2021-12-31,-0.07343167600829115,-0.05430088590439586,-0.01913079010389529
002124,天邦食品,2022H1,2021-12-31,2022-06-30,0.03893341893803348,-0.09217123413833372,0.1311046530763672
002124,天邦食品,2022H2,2022-06-30,2022-12-30,-0.08164033834150863,-0.13676223687349642,0.05512189853198779
000876,新希望,2018H1,2017-12-29,2018-06-29,-0.12837473810236455,-0.12897279730081745,0.0005980591984529049
000876,新希望,2018H2,2018-06-29,2018-12-28,0.14462930531231755,-0.14250437199870114,0.2871336773110187
000876,新希望,2019H1,2018-12-28,2019-06-28,1.173080528909256,0.2706857323169416,0.9023947965923145
000876,新希望,2019H2,2019-06-28,2019-12-31,0.1376307642395398,0.07083613246584175,0.06679463177369804
000876,新希望,2020H1,2019-12-31,2020-06-30,0.4687909567496724,0.016447866268936462,0.45234309048073595
000876,新希望,2020H2,2020-06-30,2020-12-31,-0.23624511243718205,0.2515225890738624,-0.4877677015110444
000876,新希望,2021H1,2020-12-31,2021-06-30,-0.3231159502598969,0.002446611107806307,-0.32556256136770323
000876,新希望,2021H2,2021-06-30,2021-12-31,0.03334585234491749,-0.05430088590439586,0.08764673824931335
000876,新希望,2022H1,2021-12-31,2022-06-30,0.005378298122428848,-0.09217123413833372,0.09754953226076257
000876,新希望,2022H2,2022-06-30,2022-12-30,-0.14206435584544452,-0.13676223687349642,-0.0053021189719481
002477,雏鹰农牧,2018H1,2017-12-29,2018-06-29,-0.24212664330513578,-0.12897279730081745,-0.11315384600431833
002477,雏鹰农牧,2018H2,2018-06-29,2018-12-28,-0.5060815785598586,-0.14250437199870114,-0.36357720656115744
002477,雏鹰农牧,2019H1,2018-12-28,2019-06-28,-0.31482916939955885,0.2706857323169416,-0.5855149017165004
002477,雏鹰农牧,2019H2,2019-06-28,2019-12-31,-0.6516404142372292,0.07083613246584175,-0.7224765467030709
002477,雏鹰农牧,2020H1,2019-12-31,2020-06-30,,0.016447866268936462,
002477,雏鹰农牧,2020H2,2020-06-30,2020-12-31,,0.2515225890738624,
002477,雏鹰农牧,2021H1,2020-12-31,2021-06-30,,0.002446611107806307,
002477,雏鹰农牧,2021H2,2021-06-30,2021-12-31,,-0.05430088590439586,
002477,雏鹰农牧,2022H1,2021-12-31,2022-06-30,,-0.09217123413833372,
002477,雏鹰农牧,2022H2,2022-06-30,2022-12-30,,-0.13676223687349642,
002567,唐人神,2018H1,2017-12-29,2018-06-29,-0.3696644295302013,-0.12897279730081745,-0.24069163222938383
002567,唐人神,2018H2,2018-06-29,2018-12-28,0.21848381601362865,-0.14250437199870114,0.3609881880123298
002567,唐人神,2019H1,2018-12-28,2019-06-28,0.9248514505417686,0.2706857323169416,0.654165718224827
002567,唐人神,2019H2,2019-06-28,2019-12-31,-0.20354094788451071,0.07083613246584175,-0.27437708035035246
002567,唐人神,2020H1,2019-12-31,2020-06-30,0.08102870431590703,0.016447866268936462,0.06458083804697057
002567,唐人神,2020H2,2020-06-30,2020-12-31,-0.15090161341347674,0.2515225890738624,-0.4024242024873391
002567,唐人神,2021H1,2020-12-31,2021-06-30,-0.13303527074018862,0.002446611107806307,-0.13548188184799492
002567,唐人神,2021H2,2021-06-30,2021-12-31,0.11087554435021763,-0.05430088590439586,0.16517643025461348
002567,唐人神,2022H1,2021-12-31,2022-06-30,0.1206994377675763,-0.09217123413833372,0.21287067190591002
002567,唐人神,2022H2,2022-06-30,2022-12-30,-0.14808763289915783,-0.13676223687349642,-0.011325396025661405
600975,新五丰,2018H1,2017-12-29,2018-06-29,-0.2698718616522555,-0.12897279730081745,-0.14089906435143806
600975,新五丰,2018H2,2018-06-29,2018-12-28,-0.13747592209459936,-0.14250437199870114,0.005028449904101784
600975,新五丰,2019H1,2018-12-28,2019-06-28,1.9988833746898265,0.2706857323169416,1.7281976423728849
600975,新五丰,2019H2,2019-06-28,2019-12-31,-0.2605188035248852,0.07083613246584175,-0.33135493599072696
600975,新五丰,2020H1,2019-12-31,2020-06-30,0.14257207862444532,0.016447866268936462,0.12612421235550886
600975,新五丰,2020H2,2020-06-30,2020-12-31,-0.12168051316369344,0.2515225890738624,-0.3732031022375558
600975,新五丰,2021H1,2020-12-31,2021-06-30,-0.151471790678659,0.002446611107806307,-0.15391840178646532
600975,新五丰,2021H2,2021-06-30,2021-12-31,0.012461400319747629,-0.05430088590439586,0.06676228622414349
600975,新五丰,2022H1,2021-12-31,2022-06-30,0.2555699762059269,-0.09217123413833372,0.34774121034426064
600975,新五丰,2022H2,2022-06-30,2022-12-30,-0.16871392884830738,-0.13676223687349642,-0.03195169197481096
603363,傲农生物,2018H1,2017-12-29,2018-06-29,-0.0805084745762712,-0.12897279730081745,0.04846432272454626
603363,傲农生物,2018H2,2018-06-29,2018-12-28,-0.444700460829493,-0.14250437199870114,-0.30219608883079185
603363,傲农生物,2019H1,2018-12-28,2019-06-28,1.2756372258446946,0.2706857323169416,1.004951493527753
603363,傲农生物,2019H2,2019-06-28,2019-12-31,-0.17165928627246674,0.07083613246584175,-0.2424954187383085
603363,傲农生物,2020H1,2019-12-31,2020-06-30,0.47358490566037736,0.016447866268936462,0.4571370393914409
603363,傲农生物,2020H2,2020-06-30,2020-12-31,-0.3057191634656423,0.2515225890738624,-0.5572417525395047
603363,傲农生物,2021H1,2020-12-31,2021-06-30,-0.1550378066023237,0.002446611107806307,-0.15748441771013
603363,傲农生物,2021H2,2021-06-30,2021-12-31,0.22699163332120764,-0.05430088590439586,0.2812925192256035
603363,傲农生物,2022H1,2021-12-31,2022-06-30,0.44785057812036766,-0.09217123413833372,0.5400218122587014
603363,傲农生物,2022H2,2022-06-30,2022-12-30,-0.299205504136293,-0.13676223687349642,-0.16244326726279656
002548,金新农,2018H1,2017-12-29,2018-06-29,-0.21561969439728357,-0.12897279730081745,-0.08664689709646611
002548,金新农,2018H2,2018-06-29,2018-12-28,-0.16774891774891776,-0.14250437199870114,-0.025244545750216618
002548,金新农,2019H1,2018-12-28,2019-06-28,0.742522756827048,0.2706857323169416,0.47183702451010645
002548,金新农,2019H2,2019-06-28,2019-12-31,-0.26417910447761195,0.07083613246584175,-0.3350152369434537
002548,金新农,2020H1,2019-12-31,2020-06-30,0.14327862806564662,0.016447866268936462,0.12683076179671016
002548,金新农,2020H2,2020-06-30,2020-12-31,0.009220430107526711,0.2515225890738624,-0.24230215896633567
002548,金新农,2021H1,2020-12-31,2021-06-30,-0.246703779665983,0.002446611107806307,-0.2491503907737893
002548,金新农,2021H2,2021-06-30,2021-12-31,0.013648739436370905,-0.05430088590439586,0.06794962534076676
002548,金新农,2022H1,2021-12-31,2022-06-30,0.12414971918931172,-0.09217123413833372,0.21632095332764545
002548,金新农,2022H2,2022-06-30,2022-12-30,-0.09182026934773169,-0.13676223687349642,0.04494196752576474
002385,大北农,2018H1,2017-12-29,2018-06-29,-0.2897233683257604,-0.12897279730081745,-0.16075057102494295
002385,大北农,2018H2,2018-06-29,2018-12-28,-0.20502953503762356,-0.14250437199870114,-0.06252516303892242
002385,大北农,2019H1,2018-12-28,2019-06-28,0.5991860393414321,0.2706857323169416,0.3285003070244905
002385,大北农,2019H2,2019-06-28,2019-12-31,-0.04343718670471197,0.07083613246584175,-0.11427331917055372
002385,大北农,2020H1,2019-12-31,2020-06-30,0.7896200745742215,0.016447866268936462,0.773172208305285
002385,大北农,2020H2,2020-06-30,2020-12-31,0.055725741057752964,0.2515225890738624,-0.19579684801610941
002385,大北农,2021H1,2020-12-31,2021-06-30,-0.26974610625133355,0.002446611107806307,-0.27219271735913986
002385,大北农,2021H2,2021-06-30,2021-12-31,0.48488035761241144,-0.05430088590439586,0.5391812435168073
002385,大北农,2022H1,2021-12-31,2022-06-30,-0.2371662436298526,-0.09217123413833372,-0.1449950094915189
002385,大北农,2022H2,2022-06-30,2022-12-30,0.12645249487354748,-0.13676223687349642,0.2632147317470439
002100,天康生物,2018H1,2017-12-29,2018-06-29,-0.20798909028922108,-0.12897279730081745,-0.07901629298840362
002100,天康生物,2018H2,2018-06-29,2018-12-28,-0.3009627939678303,-0.14250437199870114,-0.15845842196912918
002100,天康生物,2019H1,2018-12-28,2019-06-28,0.8440822693870849,0.2706857323169416,0.5733965370701433
002100,天康生物,2019H2,2019-06-28,2019-12-31,0.5356077471059661,0.07083613246584175,0.4647716146401244
002100,天康生物,2020H1,2019-12-31,2020-06-30,0.2622518284417834,0.016447866268936462,0.24580396217284695
002100,天康生物,2020H2,2020-06-30,2020-12-31,-0.32533206231803335,0.2515225890738624,-0.5768546513918957
002100,天康生物,2021H1,2020-12-31,2021-06-30,-0.10677016836048558,0.002446611107806307,-0.10921677946829189
002100,天康生物,2021H2,2021-06-30,2021-12-31,0.17537306321587165,-0.05430088590439586,0.2296739491202675
002100,天康生物,2022H1,2021-12-31,2022-06-30,-0.08168890762570336,-0.09217123413833372,0.010482326512630369
002100,天康生物,2022H2,2022-06-30,2022-12-30,-0.12798622759777523,-0.13676223687349642,0.008776009275721197
000735,罗牛山,2018H1,2017-12-29,2018-06-29,0.6097349663293032,-0.12897279730081745,0.7387077636301207
000735,罗牛山,2018H2,2018-06-29,2018-12-28,-0.25459927585869446,-0.14250437199870114,-0.11209490385999332
000735,罗牛山,2019H1,2018-12-28,2019-06-28,0.021989563162558623,0.2706857323169416,-0.24869616915438297
000735,罗牛山,2019H2,2019-06-28,2019-12-31,0.0317929284819678,0.07083613246584175,-0.03904320398387395
000735,罗牛山,2020H1,2019-12-31,2020-06-30,0.007936754956581415,0.016447866268936462,-0.008511111312355046
000735,罗牛山,2020H2,2020-06-30,2020-12-31,-0.12320899209486169,0.2515225890738624,-0.37473158116872407
000735,罗牛山,2021H1,2020-12-31,2021-06-30,-0.12143410579699931,0.002446611107806307,-0.12388071690480562
000735,罗牛山,2021H2,2021-06-30,2021-12-31,-0.09725006012988058,-0.05430088590439586,-0.04294917422548472
000735,罗牛山,2022H1,2021-12-31,2022-06-30,-0.043960923623445725,-0.09217123413833372,0.048210310514888
000735,罗牛山,2022H2,2022-06-30,2022-12-30,0.03708778448676253,-0.13676223687349642,0.17385002136025896
000048,京基智农,2018H1,2017-12-29,2018-06-29,0.09282642768154958,-0.12897279730081745,0.22179922498236704
000048,京基智农,2018H2,2018-06-29,2018-12-28,,-0.14250437199870114,
000048,京基智农,2019H1,2018-12-28,2019-06-28,0.09019868724498847,0.2706857323169416,-0.18048704507195312
000048,京基智农,2019H2,2019-06-28,2019-12-31,0.12557257808622624,0.07083613246584175,0.05473644562038449
000048,京基智农,2020H1,2019-12-31,2020-06-30,0.13505562261914217,0.016447866268936462,0.1186077563502057
000048,京基智农,2020H2,2020-06-30,2020-12-31,-0.03582186502958096,0.2515225890738624,-0.28734445410344334
000048,京基智农,2021H1,2020-12-31,2021-06-30,0.11038823793609076,0.002446611107806307,0.10794162682828445
000048,京基智农,2021H2,2021-06-30,2021-12-31,-0.05699669868839796,-0.05430088590439586,-0.002695812784002105
000048,京基智农,2022H1,2021-12-31,2022-06-30,0.13571937703821924,-0.09217123413833372,0.22789061117655296
000048,京基智农,2022H2,2022-06-30,2022-12-30,-0.033607517953446076,-0.13676223687349642,0.10315471892005035
000702,正虹科技,2018H1,2017-12-29,2018-06-29,-0.1676168757126567,-0.12897279730081745,-0.038644078411839256
000702,正虹科技,2018H2,2018-06-29,2018-12-28,-0.03499999999999992,-0.14250437199870114,0.10750437199870122
000702,正虹科技,2019H1,2018-12-28,2019-06-28,0.11611895805238115,0.2706857323169416,-0.15456677426456045
000702,正虹科技,2019H2,2019-06-28,2019-12-31,-0.07154213036565982,0.07083613246584175,-0.14237826283150157
000702,正虹科技,2020H1,2019-12-31,2020-06-30,-0.05253424657534245,0.016447866268936462,-0.06898211284427891
000702,正虹科技,2020H2,2020-06-30,2020-12-31,0.07026675341574484,0.2515225890738624,-0.18125583565811754
000702,正虹科技,2021H1,2020-12-31,2021-06-30,-0.16919959473150958,0.002446611107806307,-0.1716462058393159
000702,正虹科技,2021H2,2021-06-30,2021-12-31,0.029024390243902465,-0.05430088590439586,0.08332527614829832
000702,正虹科技,2022H1,2021-12-31,2022-06-30,0.08485423086039345,-0.09217123413833372,0.17702546499872718
000702,正虹科技,2022H2,2022-06-30,2022-12-30,0.04843055859005174,-0.13676223687349642,0.18519279546354817
002840,华统股份,2018H1,2017-12-29,2018-06-29,0.355123541954095,-0.12897279730081745,0.48409633925491247
002840,华统股份,2018H2,2018-06-29,2018-12-28,-0.6327977490651957,-0.14250437199870114,-0.49029337706649456
002840,华统股份,2019H1,2018-12-28,2019-06-28,0.29717195140394215,0.2706857323169416,0.02648621908700055
002840,华统股份,2019H2,2019-06-28,2019-12-31,-0.04080522306855283,0.07083613246584175,-0.11164135553439458
002840,华统股份,2020H1,2019-12-31,2020-06-30,0.16044080706587804,0.016447866268936462,0.14399294079694158
002840,华统股份,2020H2,2020-06-30,2020-12-31,-0.1121779205362754,0.2515225890738624,-0.3637005096101378
002840,华统股份,2021H1,2020-12-31,2021-06-30,-0.1347673915608164,0.002446611107806307,-0.13721400266862271
002840,华统股份,2021H2,2021-06-30,2021-12-31,0.902099809108263,-0.05430088590439586,0.9564006950126589
002840,华统股份,2022H1,2021-12-31,2022-06-30,0.021218637992831413,-0.09217123413833372,0.11338987213116514
002840,华统股份,2022H2,2022-06-30,2022-12-30,-0.04267864663765264,-0.13676223687349642,0.09408359023584378
002311,海大集团,2018H1,2017-12-29,2018-06-29,-0.0836706257049964,-0.12897279730081745,0.04530217159582106
002311,海大集团,2018H2,2018-06-29,2018-12-28,0.09225199131064454,-0.14250437199870114,0.23475636330934568
002311,海大集团,2019H1,2018-12-28,2019-06-28,0.32743304163351894,0.2706857323169416,0.05674730931657734
002311,海大集团,2019H2,2019-06-28,2019-12-31,0.15671977226189893,0.07083613246584175,0.08588363979605718
002311,海大集团,2020H1,2019-12-31,2020-06-30,0.31712793057294575,0.016447866268936462,0.3006800643040093
002311,海大集团,2020H2,2020-06-30,2020-12-31,0.361142070412378,0.2515225890738624,0.10961948133851562
002311,海大集团,2021H1,2020-12-31,2021-06-30,0.23851841148279251,0.002446611107806307,0.2360718003749862
002311,海大集团,2021H2,2021-06-30,2021-12-31,-0.09545569447955349,-0.05430088590439586,-0.04115480857515763
002311,海大集团,2022H1,2021-12-31,2022-06-30,-0.17573842383593452,-0.09217123413833372,-0.0835671896976008
002311,海大集团,2022H2,2022-06-30,2022-12-30,0.029992436689878277,-0.13676223687349642,0.1667546735633747
000895,双汇发展,2018H1,2017-12-29,2018-06-29,0.029642176582680646,-0.12897279730081745,0.1586149738834981
000895,双汇发展,2018H2,2018-06-29,2018-12-28,-0.05472444992802805,-0.14250437199870114,0.08777992207067309
000895,双汇发展,2019H1,2018-12-28,2019-06-28,0.055771583956492066,0.2706857323169416,-0.21491414836044953
000895,双汇发展,2019H2,2019-06-28,2019-12-31,0.11824550558903835,0.07083613246584175,0.047409373123196596
000895,双汇发展,2020H1,2019-12-31,2020-06-30,0.4612248658359628,0.016447866268936462,0.4447769995670263
000895,双汇发展,2020H2,2020-06-30,2020-12-31,0.026039532171117097,0.2515225890738624,-0.22548305690274528
000895,双汇发展,2021H1,2020-12-31,2021-06-30,-0.22926844255999024,0.002446611107806307,-0.23171505366779654
000895,双汇发展,2021H2,2021-06-30,2021-12-31,-0.005541160055810179,-0.05430088590439586,0.04875972584858568
000895,双汇发展,2022H1,2021-12-31,2022-06-30,-0.021145674657259694,-0.09217123413833372,0.07102555948107403
000895,双汇发展,2022H2,2022-06-30,2022-12-30,-0.06290312672768605,-0.13676223687349642,0.07385911014581037
002726,龙大美食,2018H1,2017-12-29,2018-06-29,-0.3773441459706032,-0.12897279730081745,-0.24837134866978572
002726,龙大美食,2018H2,2018-06-29,2018-12-28,0.12698412698412698,-0.14250437199870114,0.2694884989828281
002726,龙大美食,2019H1,2018-12-28,2019-06-28,0.36475261827374483,0.2706857323169416,0.09406688595680324
002726,龙大美食,2019H2,2019-06-28,2019-12-31,-0.1558613389785658,0.07083613246584175,-0.22669747144440755
002726,龙大美食,2020H1,2019-12-31,2020-06-30,0.20626959247648902,0.016447866268936462,0.18982172620755255
002726,龙大美食,2020H2,2020-06-30,2020-12-31,0.500779625779626,0.2515225890738624,0.2492570367057636
002726,龙大美食,2021H1,2020-12-31,2021-06-30,-0.1911688311688311,0.002446611107806307,-0.1936154422766374
002726,龙大美食,2021H2,2021-06-30,2021-12-31,0.03211303789338471,-0.05430088590439586,0.08641392379778057
002726,龙大美食,2022H1,2021-12-31,2022-06-30,0.018460900228168375,-0.09217123413833372,0.1106321343665021
002726,龙大美食,2022H2,2022-06-30,2022-12-30,-0.13421588594704692,-0.13676223687349642,0.0025463509264495032
603609,禾丰股份,2018H1,2017-12-29,2018-06-29,0.07242136064374538,-0.12897279730081745,0.20139415794456283
603609,禾丰股份,2018H2,2018-06-29,2018-12-28,-0.17257844474761252,-0.14250437199870114,-0.030074072748911385
603609,禾丰股份,2019H1,2018-12-28,2019-06-28,0.5276174773289366,0.2706857323169416,0.256931745011995
603609,禾丰股份,2019H2,2019-06-28,2019-12-31,-0.0005396654074474316,0.07083613246584175,-0.07137579787328918
603609,禾丰股份,2020H1,2019-12-31,2020-06-30,0.26619870410367175,0.016447866268936462,0.24975083783473528
603609,禾丰股份,2020H2,2020-06-30,2020-12-31,-0.19701492537313436,0.2515225890738624,-0.44853751444699674
603609,禾丰股份,2021H1,2020-12-31,2021-06-30,-0.09399893786510882,0.002446611107806307,-0.09644554897291513
603609,禾丰股份,2021H2,2021-06-30,2021-12-31,-0.015826494724501705,-0.05430088590439586,0.03847439117989415
603609,禾丰股份,2022H1,2021-12-31,2022-06-30,-0.054198927933293506,-0.09217123413833372,0.03797230620504022
603609,禾丰股份,2022H2,2022-06-30,2022-12-30,0.2084382871536523,-0.13676223687349642,0.34520052402714874
