code,name,window,start,end,basis,ret,csi300,excess,mcap_start_yi
002714,牧原股份,A 疫情冲击,2018-08-02,2018-12-28,8月3日首例非瘟确诊前一日收盘→2018年末,0.1059059339020183,-0.10688646557657167,0.21279239947858997,540.2841869202
002714,牧原股份,B 交易产能缺口,2018-12-28,2019-04-30,12月母猪监测降幅公布(1/15)、4/17官方预计下半年猪肉涨幅超70%,1.1919915700737618,0.29978908209190713,0.8922024879818546,599.504838825
002714,牧原股份,C 现货兑现冲顶,2019-04-30,2019-11-08,现货自5月起上涨至11月初主峰(农信11/4周度标签),0.4456494567830016,0.015281571906440083,0.4303678848765615,1336.6351363019999
002714,牧原股份,D 高价利润与复产,2019-11-08,2020-08-31,现货高位反复；10月母猪止跌回升于11/22确认；2020年8月现货次高点,0.6043016187600592,0.21223455264396507,0.3920670661160941,2010.9973540244
002714,牧原股份,E 扩张兑现分化,2020-08-31,2021-02-26,母猪恢复至常年九成以上(12/18官方)；2021/1/8期货上市,0.29429663469111955,0.108080610935547,0.18621602375557256,3290.5983810659995
002714,牧原股份,F 供给恢复下跌,2021-02-26,2021-10-08,6月末全国母猪4564万头；10月上旬现货低位,-0.3123985306562864,-0.07622977237125161,-0.2361687582850348,4281.877208283
002714,牧原股份,G 二次探底,2021-10-08,2022-04-29,2022年春现货再度低迷,-0.04381269622086259,-0.1853369412203799,0.14152424499951732,2878.6739429570002
300498,温氏股份,A 疫情冲击,2018-08-02,2018-12-28,8月3日首例非瘟确诊前一日收盘→2018年末,0.14603345010735658,-0.10688646557657167,0.25291991568392824,1200.3962361993
300498,温氏股份,B 交易产能缺口,2018-12-28,2019-04-30,12月母猪监测降幅公布(1/15)、4/17官方预计下半年猪肉涨幅超70%,0.5335387649451497,0.29978908209190713,0.2337496828532426,1391.1630572686
300498,温氏股份,C 现货兑现冲顶,2019-04-30,2019-11-08,现货自5月起上涨至11月初主峰(农信11/4周度标签),-0.035413451646090444,0.015281571906440083,-0.05069502355253053,2189.5322300267003
300498,温氏股份,D 高价利润与复产,2019-11-08,2020-08-31,现货高位反复；10月母猪止跌回升于11/22确认；2020年8月现货次高点,-0.19831680693275566,0.21223455264396507,-0.41055135957672073,2065.3541327376
300498,温氏股份,E 扩张兑现分化,2020-08-31,2021-02-26,母猪恢复至常年九成以上(12/18官方)；2021/1/8期货上市,-0.22307452447770493,0.108080610935547,-0.3311551354132519,1573.0566673407998
300498,温氏股份,F 供给恢复下跌,2021-02-26,2021-10-08,6月末全国母猪4564万头；10月上旬现货低位,-0.12206346658104572,-0.07622977237125161,-0.04583369420979411,1158.058379728
300498,温氏股份,G 二次探底,2021-10-08,2022-04-29,2022年春现货再度低迷,0.1753626721931003,-0.1853369412203799,0.3606996134134802,973.7297246375999
002157,正邦科技,A 疫情冲击,2018-08-02,2018-12-28,8月3日首例非瘟确诊前一日收盘→2018年末,0.2513681826759766,-0.10688646557657167,0.35825464825254827,97.89348126600001
002157,正邦科技,B 交易产能缺口,2018-12-28,2019-04-30,12月母猪监测降幅公布(1/15)、4/17官方预计下半年猪肉涨幅超70%,3.080078419544564,0.29978908209190713,2.7802893374526567,123.7653298863
002157,正邦科技,C 现货兑现冲顶,2019-04-30,2019-11-08,现货自5月起上涨至11月初主峰(农信11/4周度标签),-0.2506006283496581,0.015281571906440083,-0.2658822002560982,527.8523436109
002157,正邦科技,D 高价利润与复产,2019-11-08,2020-08-31,现货高位反复；10月母猪止跌回升于11/22确认；2020年8月现货次高点,0.4900616522811343,0.21223455264396507,0.27782709963716923,405.7848642432
002157,正邦科技,E 扩张兑现分化,2020-08-31,2021-02-26,母猪恢复至常年九成以上(12/18官方)；2021/1/8期货上市,-0.32928403561616626,0.108080610935547,-0.43736464655171325,621.5013579985001
002157,正邦科技,F 供给恢复下跌,2021-02-26,2021-10-08,6月末全国母猪4564万头；10月上旬现货低位,-0.34495550181776313,-0.07622977237125161,-0.2687257294465115,512.2694648807999
002157,正邦科技,G 二次探底,2021-10-08,2022-04-29,2022年春现货再度低迷,-0.37880937731513453,-0.1853369412203799,-0.19347243609475462,315.8874854784
002124,天邦食品,A 疫情冲击,2018-08-02,2018-12-28,8月3日首例非瘟确诊前一日收盘→2018年末,0.4269106951234054,-0.10688646557657167,0.5337971606999771,53.6907809374
002124,天邦食品,B 交易产能缺口,2018-12-28,2019-04-30,12月母猪监测降幅公布(1/15)、4/17官方预计下半年猪肉涨幅超70%,1.8406099853770628,0.29978908209190713,1.5408209032851556,78.854710664
002124,天邦食品,C 现货兑现冲顶,2019-04-30,2019-11-08,现货自5月起上涨至11月初主峰(农信11/4周度标签),-0.2989851448742462,0.015281571906440083,-0.3142667167806863,233.66506174699998
002124,天邦食品,D 高价利润与复产,2019-11-08,2020-08-31,现货高位反复；10月母猪止跌回升于11/22确认；2020年8月现货次高点,0.4168100373463137,0.21223455264396507,0.20457548470234865,162.2319709102
002124,天邦食品,E 扩张兑现分化,2020-08-31,2021-02-26,母猪恢复至常年九成以上(12/18官方)；2021/1/8期货上市,-0.1202167989574695,0.108080610935547,-0.2282974098930165,232.04158240980004
002124,天邦食品,F 供给恢复下跌,2021-02-26,2021-10-08,6月末全国母猪4564万头；10月上旬现货低位,-0.46170117264209165,-0.07622977237125161,-0.38547140027084004,230.5559328345
002124,天邦食品,G 二次探底,2021-10-08,2022-04-29,2022年春现货再度低迷,0.06212151217936013,-0.1853369412203799,0.24745845339974004,113.4781850242
000876,新希望,A 疫情冲击,2018-08-02,2018-12-28,8月3日首例非瘟确诊前一日收盘→2018年末,0.13708350034539496,-0.10688646557657167,0.24396996592196663,263.0793365616
000876,新希望,B 交易产能缺口,2018-12-28,2019-04-30,12月母猪监测降幅公布(1/15)、4/17官方预计下半年猪肉涨幅超70%,1.1627078473873294,0.29978908209190713,0.8629187652954222,306.9258926552
000876,新希望,C 现货兑现冲顶,2019-04-30,2019-11-08,现货自5月起上涨至11月初主峰(农信11/4周度标签),0.27440732982840665,0.015281571906440083,0.25912575792196657,729.7921980578999
000876,新希望,D 高价利润与复产,2019-11-08,2020-08-31,现货高位反复；10月母猪止跌回升于11/22确认；2020年8月现货次高点,0.6623272369061968,0.21223455264396507,0.4500926842622317,944.3873620159999
000876,新希望,E 扩张兑现分化,2020-08-31,2021-02-26,母猪恢复至常年九成以上(12/18官方)；2021/1/8期货上市,-0.35245065700623857,0.108080610935547,-0.46053126794178556,1602.08570342
000876,新希望,F 供给恢复下跌,2021-02-26,2021-10-08,6月末全国母猪4564万头；10月上旬现货低位,-0.357906126050059,-0.07622977237125161,-0.2816763536788074,1084.5462961266999
000876,新希望,G 二次探底,2021-10-08,2022-04-29,2022年春现货再度低迷,-0.0535482981948463,-0.1853369412203799,0.1317886430255336,671.7270110922
002477,雏鹰农牧,A 疫情冲击,2018-08-02,2018-12-28,8月3日首例非瘟确诊前一日收盘→2018年末,,-0.10688646557657167,,103.77378375299999
002477,雏鹰农牧,B 交易产能缺口,2018-12-28,2019-04-30,12月母猪监测降幅公布(1/15)、4/17官方预计下半年猪肉涨幅超70%,0.5495200047701387,0.29978908209190713,0.2497309226782316,47.02739445
002477,雏鹰农牧,C 现货兑现冲顶,2019-04-30,2019-11-08,现货自5月起上涨至11月初主峰(农信11/4周度标签),-0.8459614422595914,0.015281571906440083,-0.8612430141660314,77.124926898
002477,雏鹰农牧,D 高价利润与复产,2019-11-08,2020-08-31,现货高位反复；10月母猪止跌回升于11/22确认；2020年8月现货次高点,,0.21223455264396507,,5.3297713710000005
002477,雏鹰农牧,E 扩张兑现分化,2020-08-31,2021-02-26,母猪恢复至常年九成以上(12/18官方)；2021/1/8期货上市,,0.108080610935547,,5.3297713710000005
002477,雏鹰农牧,F 供给恢复下跌,2021-02-26,2021-10-08,6月末全国母猪4564万头；10月上旬现货低位,,-0.07622977237125161,,5.3297713710000005
002477,雏鹰农牧,G 二次探底,2021-10-08,2022-04-29,2022年春现货再度低迷,,-0.1853369412203799,,5.3297713710000005
002567,唐人神,A 疫情冲击,2018-08-02,2018-12-28,8月3日首例非瘟确诊前一日收盘→2018年末,0.11976516634050882,-0.10688646557657167,0.2266516319170805,41.7448828701
002567,唐人神,B 交易产能缺口,2018-12-28,2019-04-30,12月母猪监测降幅公布(1/15)、4/17官方预计下半年猪肉涨幅超70%,1.7270185249912617,0.29978908209190713,1.4272294428993546,47.4335643033
002567,唐人神,C 现货兑现冲顶,2019-04-30,2019-11-08,现货自5月起上涨至11月初主峰(农信11/4周度标签),-0.36341963599077165,0.015281571906440083,-0.37870120789721173,139.2890380335
002567,唐人神,D 高价利润与复产,2019-11-08,2020-08-31,现货高位反复；10月母猪止跌回升于11/22确认；2020年8月现货次高点,0.11867273386219956,0.21223455264396507,-0.0935618187817655,85.7485068975
002567,唐人神,E 扩张兑现分化,2020-08-31,2021-02-26,母猪恢复至常年九成以上(12/18官方)；2021/1/8期货上市,-0.2510799136069115,0.108080610935547,-0.3591605245424585,94.7834715267
002567,唐人神,F 供给恢复下跌,2021-02-26,2021-10-08,6月末全国母猪4564万头；10月上旬现货低位,-0.15791876952655604,-0.07622977237125161,-0.08168899715530442,80.5780849986
002567,唐人神,G 二次探底,2021-10-08,2022-04-29,2022年春现货再度低迷,0.11301692399897267,-0.1853369412203799,0.2983538652193526,80.07956478879998
600975,新五丰,A 疫情冲击,2018-08-02,2018-12-28,8月3日首例非瘟确诊前一日收盘→2018年末,-0.14519037013469083,-0.10688646557657167,-0.03830390455811916,26.3028260352
600975,新五丰,B 交易产能缺口,2018-12-28,2019-04-30,12月母猪监测降幅公布(1/15)、4/17官方预计下半年猪肉涨幅超70%,2.6102977667493796,0.29978908209190713,2.3105086846574725,22.0604347392
600975,新五丰,C 现货兑现冲顶,2019-04-30,2019-11-08,现货自5月起上涨至11月初主峰(农信11/4周度标签),-0.3235048168894693,0.015281571906440083,-0.3387863887959094,87.2627255808
600975,新五丰,D 高价利润与复产,2019-11-08,2020-08-31,现货高位反复；10月母猪止跌回升于11/22确认；2020年8月现货次高点,0.23428610132755345,0.21223455264396507,0.022051548683588384,58.088126976000005
600975,新五丰,E 扩张兑现分化,2020-08-31,2021-02-26,母猪恢复至常年九成以上(12/18官方)；2021/1/8期货上市,-0.29556055534215,0.108080610935547,-0.40364116627769697,72.1859195904
600975,新五丰,F 供给恢复下跌,2021-02-26,2021-10-08,6月末全国母猪4564万头；10月上旬现货低位,-0.09351873490690976,-0.07622977237125161,-0.017288962535658148,49.92968217600001
600975,新五丰,G 二次探底,2021-10-08,2022-04-29,2022年春现货再度低迷,0.3515661925836806,-0.1853369412203799,0.5369031338040605,44.64300994559999
603363,傲农生物,A 疫情冲击,2018-08-02,2018-12-28,8月3日首例非瘟确诊前一日收盘→2018年末,-0.3205799436165927,-0.10688646557657167,-0.21369347804002103,52.746847
603363,傲农生物,B 交易产能缺口,2018-12-28,2019-04-30,12月母猪监测降幅公布(1/15)、4/17官方预计下半年猪肉涨幅超70%,1.8316538233550683,0.29978908209190713,1.5318647412631612,35.78946
603363,傲农生物,C 现货兑现冲顶,2019-04-30,2019-11-08,现货自5月起上涨至11月初主峰(农信11/4周度标签),-0.17898262507850127,0.015281571906440083,-0.19426419698494135,103.9948245
603363,傲农生物,D 高价利润与复产,2019-11-08,2020-08-31,现货高位反复；10月母猪止跌回升于11/22确认；2020年8月现货次高点,0.28607853136155015,0.21223455264396507,0.07384397871758508,84.887224125
603363,傲农生物,E 扩张兑现分化,2020-08-31,2021-02-26,母猪恢复至常年九成以上(12/18官方)；2021/1/8期货上市,-0.23592386994448844,0.108080610935547,-0.34400448088003543,130.8295609896
603363,傲农生物,F 供给恢复下跌,2021-02-26,2021-10-08,6月末全国母猪4564万头；10月上旬现货低位,-0.3514789828749352,-0.07622977237125161,-0.27524921050368356,99.08039213100001
603363,傲农生物,G 二次探底,2021-10-08,2022-04-29,2022年春现货再度低迷,0.7531407537809074,-0.1853369412203799,0.9384776950012873,64.003488079
002548,金新农,A 疫情冲击,2018-08-02,2018-12-28,8月3日首例非瘟确诊前一日收盘→2018年末,-0.1078886310904873,-0.10688646557657167,-0.0010021655139156316,28.997011144800002
002548,金新农,B 交易产能缺口,2018-12-28,2019-04-30,12月母猪监测降幅公布(1/15)、4/17官方预计下半年猪肉涨幅超70%,1.0442132639791937,0.29978908209190713,0.7444241818872865,25.458527132400004
002548,金新农,C 现货兑现冲顶,2019-04-30,2019-11-08,现货自5月起上涨至11月初主峰(农信11/4周度标签),-0.294529262086514,0.015281571906440083,-0.30981083399295406,57.5873662912
002548,金新农,D 高价利润与复产,2019-11-08,2020-08-31,现货高位反复；10月母猪止跌回升于11/22确认；2020年8月现货次高点,0.346913681449299,0.21223455264396507,0.13467912880533395,43.670454434899995
002548,金新农,E 扩张兑现分化,2020-08-31,2021-02-26,母猪恢复至常年九成以上(12/18官方)；2021/1/8期货上市,-0.260990404317043,0.108080610935547,-0.36907101525259,60.24197096190001
002548,金新农,F 供给恢复下跌,2021-02-26,2021-10-08,6月末全国母猪4564万头；10月上旬现货低位,-0.22836828813000976,-0.07622977237125161,-0.15213851575875814,53.2802789742
002548,金新农,G 二次探底,2021-10-08,2022-04-29,2022年春现货再度低迷,0.05033974883489267,-0.1853369412203799,0.2356766900552726,39.6479273708
002385,大北农,A 疫情冲击,2018-08-02,2018-12-28,8月3日首例非瘟确诊前一日收盘→2018年末,-0.158651102464332,-0.10688646557657167,-0.05176463688776034,164.62816196199998
002385,大北农,B 交易产能缺口,2018-12-28,2019-04-30,12月母猪监测降幅公布(1/15)、4/17官方预计下半年猪肉涨幅超70%,1.2481963371770366,0.29978908209190713,0.9484072550851295,135.77580368
002385,大北农,C 现货兑现冲顶,2019-04-30,2019-11-08,现货自5月起上涨至11月初主峰(农信11/4周度标签),-0.37255547327134597,0.015281571906440083,-0.38783704517778606,323.7404318995
002385,大北农,D 高价利润与复产,2019-11-08,2020-08-31,现货高位反复；10月母猪止跌回升于11/22确认；2020年8月现货次高点,1.3850760622486447,0.21223455264396507,1.1728415096046796,195.60201717650003
002385,大北农,E 扩张兑现分化,2020-08-31,2021-02-26,母猪恢复至常年九成以上(12/18官方)；2021/1/8期货上市,-0.11376257766536535,0.108080610935547,-0.22184318860091234,477.0089635814999
002385,大北农,F 供给恢复下跌,2021-02-26,2021-10-08,6月末全国母猪4564万头；10月上旬现货低位,-0.17123712619431697,-0.07622977237125161,-0.09500735382306535,419.1134165505
002385,大北农,G 二次探底,2021-10-08,2022-04-29,2022年春现货再度低迷,-0.10325897090382785,-0.1853369412203799,0.08207797031655206,335.443830093
002100,天康生物,A 疫情冲击,2018-08-02,2018-12-28,8月3日首例非瘟确诊前一日收盘→2018年末,-0.2947188603856621,-0.10688646557657167,-0.18783239480909042,59.537168774399994
002100,天康生物,B 交易产能缺口,2018-12-28,2019-04-30,12月母猪监测降幅公布(1/15)、4/17官方预计下半年猪肉涨幅超70%,1.2494150006157887,0.29978908209190713,0.9496259185238816,40.462897104
002100,天康生物,C 现货兑现冲顶,2019-04-30,2019-11-08,现货自5月起上涨至11月初主峰(农信11/4周度标签),0.3273928476917882,0.015281571906440083,0.31211127578534814,97.49754466759998
002100,天康生物,D 高价利润与复产,2019-11-08,2020-08-31,现货高位反复；10月母猪止跌回升于11/22确认；2020年8月现货次高点,0.343436565496855,0.21223455264396507,0.1312020128528899,136.7763256636
002100,天康生物,E 扩张兑现分化,2020-08-31,2021-02-26,母猪恢复至常年九成以上(12/18官方)；2021/1/8期货上市,-0.30305542336367775,0.108080610935547,-0.41113603429922474,195.1047948525
002100,天康生物,F 供给恢复下跌,2021-02-26,2021-10-08,6月末全国母猪4564万头；10月上旬现货低位,-0.2045829998751828,-0.07622977237125161,-0.1283532275039312,133.42609725370002
002100,天康生物,G 二次探底,2021-10-08,2022-04-29,2022年春现货再度低迷,-0.026574975769603437,-0.1853369412203799,0.15876196545077648,99.4532932008
000735,罗牛山,A 疫情冲击,2018-08-02,2018-12-28,8月3日首例非瘟确诊前一日收盘→2018年末,-0.1962170575355474,-0.10688646557657167,-0.08933059195897575,138.0664780022
000735,罗牛山,B 交易产能缺口,2018-12-28,2019-04-30,12月母猪监测降幅公布(1/15)、4/17官方预计下半年猪肉涨幅超70%,0.09847714070038394,0.29978908209190713,-0.2013119413915232,111.2362116348
000735,罗牛山,C 现货兑现冲顶,2019-04-30,2019-11-08,现货自5月起上涨至11月初主峰(农信11/4周度标签),-0.09728260057664428,0.015281571906440083,-0.11256417248308437,122.060439268
000735,罗牛山,D 高价利润与复产,2019-11-08,2020-08-31,现货高位反复；10月母猪止跌回升于11/22确认；2020年8月现货次高点,0.22928492230294406,0.21223455264396507,0.017050369658978992,110.08469805680001
000735,罗牛山,E 扩张兑现分化,2020-08-31,2021-02-26,母猪恢复至常年九成以上(12/18官方)；2021/1/8期货上市,-0.2673191351875286,0.108080610935547,-0.3753997461230756,134.8422399838
000735,罗牛山,F 供给恢复下跌,2021-02-26,2021-10-08,6月末全国母猪4564万头；10月上旬现货低位,-0.15954065227377123,-0.07622977237125161,-0.08331087990251962,99.030167708
000735,罗牛山,G 二次探底,2021-10-08,2022-04-29,2022年春现货再度低迷,-0.20099689563202305,-0.1853369412203799,-0.01565995441164314,83.36958304720001
000048,京基智农,A 疫情冲击,2018-08-02,2018-12-28,8月3日首例非瘟确诊前一日收盘→2018年末,-0.09383916730297803,-0.10688646557657167,0.013047298273593633,78.38819540259999
000048,京基智农,B 交易产能缺口,2018-12-28,2019-04-30,12月母猪监测降幅公布(1/15)、4/17官方预计下半年猪肉涨幅超70%,0.20655490509136065,0.29978908209190713,-0.09323417700054648,71.119898122
000048,京基智农,C 现货兑现冲顶,2019-04-30,2019-11-08,现货自5月起上涨至11月初主峰(农信11/4周度标签),0.11017665610503813,0.015281571906440083,0.09489508419859805,85.61741581609999
000048,京基智农,D 高价利润与复产,2019-11-08,2020-08-31,现货高位反复；10月母猪止跌回升于11/22确认；2020年8月现货次高点,0.7307931714940337,0.21223455264396507,0.5185586188500686,92.1823294889
000048,京基智农,E 扩张兑现分化,2020-08-31,2021-02-26,母猪恢复至常年九成以上(12/18官方)；2021/1/8期货上市,-0.35964939129370177,0.108080610935547,-0.46773000222924876,160.6344498421
000048,京基智农,F 供给恢复下跌,2021-02-26,2021-10-08,6月末全国母猪4564万头；10月上旬现货低位,-0.02217229986078839,-0.07622977237125161,0.05405747251046322,102.11215215470001
000048,京基智农,G 二次探底,2021-10-08,2022-04-29,2022年春现货再度低迷,0.09398142490529149,-0.1853369412203799,0.2793183661256714,93.7644736
000702,正虹科技,A 疫情冲击,2018-08-02,2018-12-28,8月3日首例非瘟确诊前一日收盘→2018年末,-0.03499999999999992,-0.10688646557657167,0.07188646557657175,15.3581515776
000702,正虹科技,B 交易产能缺口,2018-12-28,2019-04-30,12月母猪监测降幅公布(1/15)、4/17官方预计下半年猪肉涨幅超70%,0.46085598694016605,0.29978908209190713,0.16106690484825892,14.8248824256
000702,正虹科技,C 现货兑现冲顶,2019-04-30,2019-11-08,现货自5月起上涨至11月初主峰(农信11/4周度标签),-0.2484209503449617,0.015281571906440083,-0.2637025222514018,21.597400655999998
000702,正虹科技,D 高价利润与复产,2019-11-08,2020-08-31,现货高位反复；10月母猪止跌回升于11/22确认；2020年8月现货次高点,0.052879953455297724,0.21223455264396507,-0.15935459918866735,16.264709136
000702,正虹科技,E 扩张兑现分化,2020-08-31,2021-02-26,母猪恢复至常年九成以上(12/18官方)；2021/1/8期货上市,-0.20402775219500202,0.108080610935547,-0.312108363130549,17.1179397792
000702,正虹科技,F 供给恢复下跌,2021-02-26,2021-10-08,6月末全国母猪4564万头；10月上旬现货低位,-0.0788336933045356,-0.07622977237125161,-0.0026039209332839874,13.651690291200001
000702,正虹科技,G 二次探底,2021-10-08,2022-04-29,2022年春现货再度低迷,-0.049237983587338885,-0.1853369412203799,0.13609895763304103,12.5851519872
002840,华统股份,A 疫情冲击,2018-08-02,2018-12-28,8月3日首例非瘟确诊前一日收盘→2018年末,-0.07420544173239374,-0.10688646557657167,0.032681023844177925,37.868407065
002840,华统股份,B 交易产能缺口,2018-12-28,2019-04-30,12月母猪监测降幅公布(1/15)、4/17官方预计下半年猪肉涨幅超70%,0.45067298482633467,0.29978908209190713,0.15088390273442753,35.027606535
002840,华统股份,C 现货兑现冲顶,2019-04-30,2019-11-08,现货自5月起上涨至11月初主峰(农信11/4周度标签),-0.05733745699690729,0.015281571906440083,-0.07261902890334737,51.000409515
002840,华统股份,D 高价利润与复产,2019-11-08,2020-08-31,现货高位反复；10月母猪止跌回升于11/22确认；2020年8月现货次高点,0.07188410071146834,0.21223455264396507,-0.14035045193249673,49.737828965
002840,华统股份,E 扩张兑现分化,2020-08-31,2021-02-26,母猪恢复至常年九成以上(12/18官方)；2021/1/8期货上市,-0.2096502390205317,0.108080610935547,-0.3177308499560787,33.477284995
002840,华统股份,F 供给恢复下跌,2021-02-26,2021-10-08,6月末全国母猪4564万头；10月上旬现货低位,0.2644358383012053,-0.07622977237125161,0.34066561067245693,42.35079681
002840,华统股份,G 二次探底,2021-10-08,2022-04-29,2022年春现货再度低迷,0.3262440635969439,-0.1853369412203799,0.5115810048173238,53.492477144
002311,海大集团,A 疫情冲击,2018-08-02,2018-12-28,8月3日首例非瘟确诊前一日收盘→2018年末,0.11915714497699947,-0.10688646557657167,0.22604361055357114,325.1593511824
002311,海大集团,B 交易产能缺口,2018-12-28,2019-04-30,12月母猪监测降幅公布(1/15)、4/17官方预计下半年猪肉涨幅超70%,0.30542296473084063,0.29978908209190713,0.005633882638933496,366.5349660168
002311,海大集团,C 现货兑现冲顶,2019-04-30,2019-11-08,现货自5月起上涨至11月初主峰(农信11/4周度标签),0.10527652226905682,0.015281571906440083,0.08999495036261673,484.8268663644
002311,海大集团,D 高价利润与复产,2019-11-08,2020-08-31,现货高位反复；10月母猪止跌回升于11/22确认；2020年8月现货次高点,1.0568369784965999,0.21223455264396507,0.8446024258526348,533.2277660381999
002311,海大集团,E 扩张兑现分化,2020-08-31,2021-02-26,母猪恢复至常年九成以上(12/18官方)；2021/1/8期货上市,0.1199597900145204,0.108080610935547,0.0118791790789734,1118.2998876399
002311,海大集团,F 供给恢复下跌,2021-02-26,2021-10-08,6月末全国母猪4564万头；10月上旬现货低位,-0.14588610750972386,-0.07622977237125161,-0.06965633513847225,1320.662547045
002311,海大集团,G 二次探底,2021-10-08,2022-04-29,2022年春现货再度低迷,-0.08059129866187154,-0.1853369412203799,0.10474564255850838,1117.7952779469001
000895,双汇发展,A 疫情冲击,2018-08-02,2018-12-28,8月3日首例非瘟确诊前一日收盘→2018年末,-0.04353819345106502,-0.10688646557657167,0.06334827212550664,857.88515384
000895,双汇发展,B 交易产能缺口,2018-12-28,2019-04-30,12月母猪监测降幅公布(1/15)、4/17官方预计下半年猪肉涨幅超70%,0.14441876274643106,0.29978908209190713,-0.15537031934547607,778.3657991956
000895,双汇发展,C 现货兑现冲顶,2019-04-30,2019-11-08,现货自5月起上涨至11月初主峰(农信11/4周度标签),0.14860048472176013,0.015281571906440083,0.13331891281532005,918.2670704372
000895,双汇发展,D 高价利润与复产,2019-11-08,2020-08-31,现货高位反复；10月母猪止跌回升于11/22确认；2020年8月现货次高点,0.7117501034340092,0.21223455264396507,0.49951555079004417,1110.963748993
000895,双汇发展,E 扩张兑现分化,2020-08-31,2021-02-26,母猪恢复至常年九成以上(12/18官方)；2021/1/8期货上市,-0.22538853841877549,0.108080610935547,-0.3334691493543225,2107.74419065
000895,双汇发展,F 供给恢复下跌,2021-02-26,2021-10-08,6月末全国母猪4564万头；10月上旬现货低位,-0.28213929106340496,-0.07622977237125161,-0.20590951869215335,1595.1300224652
000895,双汇发展,G 二次探底,2021-10-08,2022-04-29,2022年春现货再度低迷,0.0722420238198731,-0.1853369412203799,0.257578965040253,971.8374702465001
002726,龙大美食,A 疫情冲击,2018-08-02,2018-12-28,8月3日首例非瘟确诊前一日收盘→2018年末,0.06377257011141002,-0.10688646557657167,0.17065903568798169,56.4800724
002726,龙大美食,B 交易产能缺口,2018-12-28,2019-04-30,12月母猪监测降幅公布(1/15)、4/17官方预计下半年猪肉涨幅超70%,0.43120260021668466,0.29978908209190713,0.13141351812477753,59.8068772
002726,龙大美食,C 现货兑现冲顶,2019-04-30,2019-11-08,现货自5月起上涨至11月初主峰(农信11/4周度标签),-0.060055513499873925,0.015281571906440083,-0.07533708540631401,86.2835816
002726,龙大美食,D 高价利润与复产,2019-11-08,2020-08-31,现货高位反复；10月母猪止跌回升于11/22确认；2020年8月现货次高点,0.7747651006711409,0.21223455264396507,0.5625305480271758,62.03049080000001
002726,龙大美食,E 扩张兑现分化,2020-08-31,2021-02-26,母猪恢复至常年九成以上(12/18官方)；2021/1/8期货上市,-0.26153380729087883,0.108080610935547,-0.3696144182264258,146.648651162
002726,龙大美食,F 供给恢复下跌,2021-02-26,2021-10-08,6月末全国母猪4564万头；10月上旬现货低位,-0.036870135190495645,-0.07622977237125161,0.03935963718075597,107.36217892399999
002726,龙大美食,G 二次探底,2021-10-08,2022-04-29,2022年春现货再度低迷,-0.01595065929391748,-0.1853369412203799,0.16938628192646243,109.8232756676
603609,禾丰股份,A 疫情冲击,2018-08-02,2018-12-28,8月3日首例非瘟确诊前一日收盘→2018年末,-0.12418772563176883,-0.10688646557657167,-0.017301260055197165,73.97470574100001
603609,禾丰股份,B 交易产能缺口,2018-12-28,2019-04-30,12月母猪监测降幅公布(1/15)、4/17官方预计下半年猪肉涨幅超70%,0.7963726298433633,0.29978908209190713,0.4965835477514562,64.4161763475
603609,禾丰股份,C 现货兑现冲顶,2019-04-30,2019-11-08,现货自5月起上涨至11月初主峰(农信11/4周度标签),-0.024782010096374485,0.015281571906440083,-0.04006358200281457,120.01213345109998
603609,禾丰股份,D 高价利润与复产,2019-11-08,2020-08-31,现货高位反复；10月母猪止跌回升于11/22确认；2020年8月现货次高点,0.24894117647058822,0.21223455264396507,0.03670662382662315,125.89455005399999
603609,禾丰股份,E 扩张兑现分化,2020-08-31,2021-02-26,母猪恢复至常年九成以上(12/18官方)；2021/1/8期货上市,-0.2678975131876413,0.108080610935547,-0.3759781241231883,156.3813583616
603609,禾丰股份,F 供给恢复下跌,2021-02-26,2021-10-08,6月末全国母猪4564万头；10月上旬现货低位,-0.14204837879567667,-0.07622977237125161,-0.06581860642442505,112.67571929120001
603609,禾丰股份,G 二次探底,2021-10-08,2022-04-29,2022年春现货再度低迷,-0.19856028794241165,-0.1853369412203799,-0.013223346722031737,93.6711559136
