month,sow_wan,sow_mom_pct,sow_yoy_pct,hog_mom_pct,hog_yoy_pct,scope,release_date,url,hog_wan,title,note,evidence,alt_urls,xlsx
2015-01,,-2.3,-14.7,-3.8,-7.4,4000个监测点样本,2015-12-07,https://www.nahs.org.cn/jchsjcm/xqsc/tjjcyj/scxs/201903/t20190313_338412.htm,,2015年1月份4000个监测点生猪存栏信息,,单月表,,
2015-02,,-1.9,-15.5,-3.9,-10.1,4000个监测点样本,2015-12-07,https://www.nahs.org.cn/jchsjcm/xqsc/tjjcyj/scxs/201903/t20190313_338411.htm,,2015年2月份4000个监测点生猪存栏信息,,单月表,,
2015-03,,-1.7,-15.3,-0.7,-10.7,4000个监测点样本,2015-12-07,https://www.nahs.org.cn/jchsjcm/xqsc/tjjcyj/scxs/201903/t20190313_338410.htm,,2015年3月份4000个监测点生猪存栏信息,,单月表,,
2015-04,,-1.7,-14.9,-0.02,-9.4,4000个监测点样本,2015-12-07,https://www.nahs.org.cn/jchsjcm/xqsc/tjjcyj/scxs/201903/t20190313_338409.htm,,2015年4月份4000个监测点生猪存栏信息,,单月表,,
2015-05,,-1.2,-15.5,-0.2,-9.8,4000个监测点样本,2015-12-07,https://www.nahs.org.cn/jchsjcm/xqsc/tjjcyj/scxs/201903/t20190313_338408.htm,,2015年5月份4000个监测点生猪存栏信息,,单月表,,
2015-06,,-0.6,-14.8,-0.4,-10.0,4000个监测点样本,2015-12-07,https://www.nahs.org.cn/jchsjcm/xqsc/tjjcyj/scxs/201903/t20190313_338407.htm,,2015年6月份4000个监测点生猪存栏信息,,单月表,,
2015-07,,-0.6,-14.5,0.2,-10.3,4000个监测点样本,2015-12-07,https://www.nahs.org.cn/jchsjcm/xqsc/tjjcyj/scxs/201903/t20190313_338406.htm,,2015年7月份4000个监测点生猪存栏信息,,单月表,,
2015-08,,-0.4,-14.2,0.5,-10.4,4000个监测点样本,2015-12-07,https://www.nahs.org.cn/jchsjcm/xqsc/tjjcyj/scxs/201903/t20190313_338405.htm,,2015年8月份4000个监测点生猪存栏信息,,单月表,,
2015-09,,-0.2,-15.4,0.6,-11.8,4000个监测点样本,2015-12-07,https://www.nahs.org.cn/jchsjcm/xqsc/tjjcyj/scxs/201903/t20190313_338404.htm,,2015年9月份4000个监测点生猪存栏信息,,单月表,,
2015-10,,-0.1,-13.0,0.3,-10.3,4000个监测点样本,2015-12-07,https://www.nahs.org.cn/jchsjcm/xqsc/tjjcyj/scxs/201903/t20190313_338403.htm,,2015年10月份4000个监测点生猪存栏信息,,单月表,,
2015-11,,-0.6,-12.4,-0.7,-10.0,4000个监测点样本,2016-01-29,https://www.nahs.org.cn/jchsjcm/xqsc/tjjcyj/scxs/201903/t20190313_338402.htm,,2015年11月份4000个监测点生猪存栏信息,,单月表,,
2015-12,,-0.7,-11.4,-1.1,-9.0,4000个监测点样本,2016-01-29,https://www.nahs.org.cn/jchsjcm/xqsc/tjjcyj/scxs/201903/t20190313_338401.htm,,2015年12月份4000个监测点生猪存栏信息,,单月表,,
2016-01,,-0.4,-8.9,-2.7,-7.7,4000个监测点样本,2016-06-16,https://www.nahs.org.cn/jchsjcm/xqsc/tjjcyj/scxs/201903/t20190313_338400.htm,,2016年1月份4000个监测点生猪存栏信息,,单月表,,
2016-02,,-0.6,-7.9,-1.8,-5.5,4000个监测点样本,2016-06-16,https://www.nahs.org.cn/jchsjcm/xqsc/tjjcyj/scxs/201903/t20190313_338399.htm,,2016年2月份4000个监测点生猪存栏信息,,单月表,,
2016-03,,0.0,-6.3,0.9,-4.0,4000个监测点样本,2016-06-16,https://www.nahs.org.cn/jchsjcm/xqsc/tjjcyj/scxs/201903/t20190313_338398.htm,,2016年3月份4000个监测点生猪存栏信息,,单月表,,
2016-04,,0.3,-4.5,0.6,-3.4,4000个监测点样本,2016-06-16,https://www.nahs.org.cn/jchsjcm/xqsc/tjjcyj/scxs/201903/t20190313_338397.htm,,2016年4月份4000个监测点生猪存栏信息,,单月表,,
2016-05,,-0.3,-3.6,0.4,-2.9,4000个监测点样本,2016-06-16,https://www.nahs.org.cn/jchsjcm/xqsc/tjjcyj/scxs/201903/t20190313_338396.htm,,2016年5月份4000个监测点生猪存栏信息,,单月表,,
2016-06,,0.0,-3.4,0.7,-2.1,4000个监测点样本,2016-07-20,https://www.nahs.org.cn/jchsjcm/xqsc/tjjcyj/scxs/201903/t20190313_338395.htm,,2016年6月份4000个监测点生猪存栏信息,,单月表,,
2016-07,,-0.2,-3.2,-0.1,-2.4,4000个监测点样本,2016-08-26,https://www.nahs.org.cn/jchsjcm/xqsc/tjjcyj/scxs/201903/t20190313_338394.htm,,2016年7月份4000个监测点生猪存栏信息,,单月表,,
2016-08,,-0.6,-3.4,0.2,-2.8,4000个监测点样本,2016-09-18,https://www.nahs.org.cn/jchsjcm/xqsc/tjjcyj/scxs/201903/t20190313_338391.htm,,2016年8月份4000个监测点生猪存栏信息,,单月表,,
2016-09,,-0.5,-3.8,0.1,-3.2,4000个监测点样本,2016-10-25,https://www.nahs.org.cn/jchsjcm/xqsc/tjjcyj/scxs/201903/t20190313_338390.htm,,2016年9月份4000个监测点生猪存栏信息,,单月表,,
2016-10,,-0.2,-3.9,0.0,-3.4,4000个监测点样本,2016-11-16,https://www.nahs.org.cn/jchsjcm/xqsc/tjjcyj/scxs/201903/t20190313_338389.htm,,2016年10月份4000个监测点生猪存栏信息,,单月表,,
2016-11,,-0.5,-3.7,-0.6,-3.2,4000个监测点样本,2016-12-15,https://www.nahs.org.cn/jchsjcm/xqsc/tjjcyj/scxs/201903/t20190313_338388.htm,,2016年11月份4000个监测点生猪存栏信息,,单月表,,
2016-12,,-0.5,-3.6,-2.0,-4.2,4000个监测点样本,2017-01-13,https://www.nahs.org.cn/jchsjcm/xqsc/tjjcyj/scxs/201903/t20190313_338385.htm,,2016年12月份4000个监测点生猪存栏信息,,单月表,,
2017-01,,-0.4,-1.5,-2.9,-2.8,400县样本,2017-02-16,https://www.nahs.org.cn/jchsjcm/xqsc/tjjcyj/scxs/201903/t20190313_338383.htm,,2017年1月份400个监测县生猪存栏信息,,单月表,,
2017-02,,-0.5,-1.6,-0.2,-1.6,400县样本,2017-03-15,https://www.nahs.org.cn/jchsjcm/xqsc/tjjcyj/scxs/201903/t20190313_338382.htm,,2017年2月份400个监测县生猪存栏信息,,单月表,,
2017-03,,0.0,-1.6,1.0,-1.2,400县样本,2017-04-13,https://www.nahs.org.cn/jchsjcm/xqsc/tjjcyj/scxs/201903/t20190313_338381.htm,,2017年3月份400个监测县生猪存栏信息,,单月表,,
2017-04,,0.0,-2.1,0.4,-1.4,400县样本,2017-05-15,https://www.nahs.org.cn/jchsjcm/xqsc/tjjcyj/scxs/201903/t20190313_338378.htm,,2017年4月份400个监测县生猪存栏信息,,单月表,,
2017-05,,-0.8,-3.0,-1.5,-3.4,400县样本,2017-06-14,https://www.nahs.org.cn/jchsjcm/xqsc/tjjcyj/scxs/201903/t20190313_338373.htm,,2017年5月份400个监测县生猪存栏信息,,单月表,,
2017-06,,-0.5,-2.4,-0.2,-3.2,400县样本,2017-07-14,https://www.nahs.org.cn/jchsjcm/xqsc/tjjcyj/scxs/201903/t20190313_338370.htm,,2017年6月份400个监测县生猪存栏信息,自2017年6月起，样本方案略有调整，增加了规模养殖场样本数量，以进一步提高样本代表性。,单月表,,
2017-07,,-0.9,-4.2,-0.7,-4.8,400县样本,2017-08-16,https://www.nahs.org.cn/jchsjcm/xqsc/tjjcyj/scxs/201903/t20190313_338367.htm,,2017年7月份400个监测县生猪存栏信息,自2017年6月起，样本方案略有调整，增加了规模养殖场样本数量，以进一步提高样本代表性。,单月表,,
2017-08,,-0.9,-4.7,-0.5,-5.6,400县样本,2017-09-15,https://www.nahs.org.cn/jchsjcm/xqsc/tjjcyj/scxs/201903/t20190313_338364.htm,,2017年8月份400个监测县生猪存栏信息,自2017年6月起，样本方案略有调整，增加了规模养殖场样本数量，以进一步提高样本代表性。,单月表,,
2017-09,,-0.7,-5.0,-0.2,-6.1,400县样本,2017-10-27,https://www.nahs.org.cn/jchsjcm/xqsc/tjjcyj/scxs/201903/t20190313_338361.htm,,2017年9月份400个监测县生猪存栏信息,自2017年6月起，样本方案略有调整，增加了规模养殖场样本数量，以进一步提高样本代表性。,单月表,,
2017-10,,-0.3,-5.3,-0.2,-6.6,400县样本,2017-11-15,https://www.nahs.org.cn/jchsjcm/xqsc/tjjcyj/scxs/201903/t20190313_338358.htm,,2017年10月份400个监测县生猪存栏信息,自2017年6月起，样本方案略有调整，增加了规模养殖场样本数量，以进一步提高样本代表性。,单月表,,
2017-11,,-0.6,-5.6,-0.1,-6.3,400县样本,2017-12-15,https://www.nahs.org.cn/jchsjcm/xqsc/tjjcyj/scxs/201903/t20190313_338355.htm,,2017年11月份400个监测县生猪存栏信息,自2017年6月起，样本方案略有调整，增加了规模养殖场样本数量，以进一步提高样本代表性。,单月表,,
2017-12,,-1.2,-6.4,-2.1,-6.8,400县样本,2018-01-16,https://www.nahs.org.cn/jchsjcm/xqsc/tjjcyj/scxs/201903/t20190313_338352.htm,,2017年12月份400个监测县生猪存栏信息,自2017年6月起，样本方案略有调整，增加了规模养殖场样本数量，以进一步提高样本代表性。,单月表,,
2018-01,,,-1.2,,-0.1,400县样本,2018-04-17,https://www.nahs.org.cn/jcyj/scxs/202001/t20200103_344622.htm,,2018年1—3月份400个监测县生猪存栏信息,为使监测数据更准确地反映实际生产变化，考虑到近两年环保拆迁与规模场扩张等因素对监测样本的影响，经有关专家研究评估，自2018年3月起，样本方案进行优化完善，并对历史数据进行回溯调整。,多月汇总表,https://www.nahs.org.cn/jchsjcm/xqsc/tjjcyj/scxs/201903/t20190313_338344.htm,
2018-02,,0.0,-0.8,-0.9,-0.8,400县样本,2018-04-17,https://www.nahs.org.cn/jcyj/scxs/202001/t20200103_344622.htm,,2018年1—3月份400个监测县生猪存栏信息,为使监测数据更准确地反映实际生产变化，考虑到近两年环保拆迁与规模场扩张等因素对监测样本的影响，经有关专家研究评估，自2018年3月起，样本方案进行优化完善，并对历史数据进行回溯调整。,多月汇总表,https://www.nahs.org.cn/jchsjcm/xqsc/tjjcyj/scxs/201903/t20190313_338344.htm,
2018-03,,0.1,-0.8,1.4,-0.3,400县样本,2018-04-17,https://www.nahs.org.cn/jchsjcm/xqsc/tjjcyj/scxs/201903/t20190313_338344.htm,,2018年1—3月份400个监测县生猪存栏信息,为使监测数据更准确地反映实际生产变化，考虑到近两年环保拆迁与规模场扩张等因素对监测样本的影响，经有关专家研究评估，自2018年3月起，样本方案进行优化完善，并对历史数据进行回溯调整。,多月汇总表,https://www.nahs.org.cn/jcyj/scxs/202001/t20200103_344622.htm,
2018-04,,-1.4,-2.1,-0.8,-1.5,400县样本,2018-05-15,https://www.nahs.org.cn/jcyj/scxs/202001/t20200103_344619.htm,,2018年4月份400个监测县生猪存栏信息,,单月表,https://www.nahs.org.cn/jchsjcm/xqsc/tjjcyj/scxs/201903/t20190313_338341.htm,
2018-05,,-2.5,-3.9,-1.9,-2.0,400县样本,2018-06-15,https://www.nahs.org.cn/jcyj/scxs/202001/t20200103_344605.htm,,2018年5月份400个监测县生猪存栏信息,,单月表,https://www.nahs.org.cn/jchsjcm/xqsc/tjjcyj/scxs/201903/t20190313_338337.htm,
2018-06,,-1.3,-2.9,-1.2,-1.8,400县样本,2018-07-18,https://www.nahs.org.cn/jcyj/scxs/202001/t20200103_344602.htm,,2018年6月份400个监测县生猪存栏信息,,单月表,https://www.nahs.org.cn/jchsjcm/xqsc/tjjcyj/scxs/201903/t20190313_338334.htm,
2018-07,,-1.9,-4.0,-0.8,-2.0,400县样本,2018-08-15,https://www.nahs.org.cn/jcyj/scxs/202001/t20200103_344598.htm,,2018年7月份400个监测县生猪存栏信息,,单月表,https://www.nahs.org.cn/jchsjcm/xqsc/tjjcyj/scxs/201903/t20190313_338330.htm,
2018-08,,-1.1,-4.8,-0.3,-2.4,400县样本,2018-09-19,https://www.nahs.org.cn/jcyj/scxs/202001/t20200103_344597.htm,,2018年8月份400个监测县生猪存栏信息,,单月表,https://www.nahs.org.cn/jchsjcm/xqsc/tjjcyj/scxs/201903/t20190313_338329.htm,
2018-09,,-0.3,-4.8,0.8,-1.8,400县样本,2018-10-16,https://www.nahs.org.cn/jchsjcm/xqsc/tjjcyj/scxs/201903/t20190313_338328.htm,,2018年9月份400个监测县生猪存栏信息,,单月表,https://www.nahs.org.cn/jcyj/scxs/202001/t20200103_344596.htm,
2018-10,,-1.2,-5.9,0.1,-1.8,400县样本,2018-11-16,https://www.nahs.org.cn/jcyj/scxs/202001/t20200103_344593.htm,,2018年10月份400个监测县生猪存栏信息,,单月表,https://www.nahs.org.cn/jchsjcm/xqsc/tjjcyj/scxs/201903/t20190313_338325.htm,
2018-11,,-1.3,-6.9,-0.7,-2.9,400县样本,2018-12-14,https://www.nahs.org.cn/jchsjcm/xqsc/tjjcyj/scxs/201903/t20190313_338322.htm,,2018年11月份400个监测县生猪存栏信息,,单月表,https://www.nahs.org.cn/jcyj/scxs/202001/t20200103_344590.htm,
2018-12,,-2.3,-8.3,-3.7,-4.8,400县样本,2019-01-15,https://www.nahs.org.cn/jcyj/scxs/202001/t20200103_344588.htm,,2018年12月份400个监测县生猪存栏信息,,单月表,https://www.nahs.org.cn/jchsjcm/xqsc/tjjcyj/scxs/201903/t20190313_338320.htm,
2019-01,,-3.6,-14.8,-5.7,-12.6,400县样本,2019-02-19,https://www.nahs.org.cn/jcyj/scxs/202001/t20200103_344587.htm,,2019年1月份400个监测县生猪存栏信息,,单月表,https://www.nahs.org.cn/jchsjcm/xqsc/tjjcyj/scxs/201903/t20190313_338319.htm,
2019-02,,-5.0,-19.1,-5.4,-16.6,400县样本,2019-03-15,https://www.nahs.org.cn/jcyj/scxs/202001/t20200103_344584.htm,,2019年2月份400个监测县生猪存栏信息,,单月表,,
2019-03,,-2.3,-21.0,-1.2,-18.8,400县样本,2019-04-15,https://www.nahs.org.cn/jcyj/scxs/202001/t20200103_344583.htm,,2019年3月份400个监测县生猪存栏信息,,单月表,,
2019-04,,-2.5,-22.3,-2.9,-20.8,400县样本,2019-05-15,https://www.nahs.org.cn/jcyj/scxs/202001/t20200103_344581.htm,,2019年4月份400个监测县生猪存栏信息,,单月表,,
2019-05,,-4.1,-23.9,-4.2,-22.9,400县样本,2019-06-13,https://www.nahs.org.cn/jcyj/scxs/202001/t20200103_344577.htm,,2019年5月份400个监测县生猪存栏信息,,单月表,,
2019-06,,-5.0,-26.7,-5.1,-25.8,400县样本,2019-07-15,https://www.nahs.org.cn/jcyj/scxs/202001/t20200103_344572.htm,,2019年6月份400个监测县生猪存栏信息,,单月表,,
2019-07,,-8.9,-31.9,-9.4,-32.2,400县样本,2019-08-16,https://www.nahs.org.cn/jcyj/scxs/202001/t20200103_344571.htm,,2019年7月份400个监测县生猪存栏信息,,单月表,,
2019-08,,-9.1,-37.4,-9.8,-38.7,400县样本,2019-09-16,https://www.nahs.org.cn/jcyj/scxs/202001/t20200103_344568.htm,,2019年8月份400个监测县生猪存栏信息,,单月表,,
2019-09,,-2.8,-38.9,-3.0,-41.1,400县样本,2019-10-14,https://www.nahs.org.cn/jcyj/scxs/202001/t20200103_344565.htm,,2019年9月份400个监测县生猪存栏信息,,单月表,,
2019-10,,0.6,,,,全国(新闻稿口径),2019-12-03,https://www.moa.gov.cn/hd/zbft_news/12yfszscxh/xgxw_26025/201912/t20191203_6332762.htm,,,,[sow_mom_pct] 10月份，能繁母猪存栏环比增长0.6%，这是19个月以来的首次增长，意味着生猪基础产能已经开始恢复。,,
2019-11,,,,2.0,,全国(新闻稿口径),2019-12-09,https://www.moa.gov.cn/hd/zbft_news/szscqk/xgxw_25983/201912/t20191209_6332995.htm,,,,[hog_mom_pct] 据农业农村部对全国400个县定点监测，11月份生猪存栏环比增长2%，自去年11月份以来首次回升；,,
2020-01,,2.2,,,,全国(新闻稿口径),2020-02-20,http://www.moa.gov.cn/xw/zwdt/202002/t20200220_6337434.htm,,,"同月多稿数值不一:sow_mom_pct:[1.2, 2.2]",[sow_mom_pct] 规模猪场产能持续恢复据统计，1月份全国年出栏500头以上规模猪场能繁母猪存栏环比增长2.2%，连续5个月增长，增幅一直高于全国平均水平。,,
2020-05,,3.9,,,,全国(新闻稿口径),2020-06-17,http://www.moa.gov.cn/xw/zwdt/202006/t20200617_6346631.htm,,,,[sow_mom_pct] 能繁母猪存栏连续8个月增长种猪仔猪产销两旺杨振海介绍，据全国400个定点监测县数据，5月份能繁母猪存栏环比增长3.9%，连续8个月增长，增幅23.3%；,,
2020-06,3629.0,,,,,全国(新闻稿口径),2020-07-18,https://www.moa.gov.cn/hd/zbft_news/qsjdnyncjjyxqk/xgxw_26394/202007/t20200718_6348886.htm,,,,[sow_wan] 6月末全国能繁母猪存栏3629万头，同比首次由负转正，比去年底增加549万头，已恢复到2017年年末的81.2%；,,
2020-07,,4.0,20.3,,,全国(新闻稿口径),2020-08-18,https://www.moa.gov.cn/hd/zbft_news/qsjdnyncjjyxqk/xgxw_26394/202008/t20200818_6350479.htm,,,,[sow_mom_pct] 7月份能繁母猪存栏环比增长4.0%，连续10个月环比增长，同比增长20.3%； || [sow_yoy_pct] 7月份能繁母猪存栏环比增长4.0%，连续10个月环比增长，同比增长20.3%；,,
2020-08,,3.5,37.0,,,全国(新闻稿口径),2020-09-24,https://www.moa.gov.cn/hd/zbft_news/qsjdnyncjjyxqk/xgxw_26394/202009/t20200924_6353085.htm,,,,[sow_mom_pct] 8月份能繁母猪存栏环比增长3.5%，连续11个月增长，同比增长37%。 || [sow_yoy_pct] 8月份能繁母猪存栏环比增长3.5%，连续11个月增长，同比增长37%。,,
2020-10,3950.0,3.1,31.5,,,全国(新闻稿口径),2020-11-16,http://jhs.moa.gov.cn/jjyx/202011/t20201116_6356342.htm http://www.moa.gov.cn/xw/zwdt/202011/t20201118_6356493.htm,,,,[sow_mom_pct] 10月份能繁母猪存栏环比增长3.1%，同比增长31.5%，已连续5个月正增长； || [sow_wan] 能繁母猪和生猪存栏较快增长，种猪和仔猪产销两旺据监测，10月份能繁母猪存栏3950万头，连续13个月增长，比去年同期增长32%； || [sow_yoy_pct] 10月份能繁母猪存栏环比增长3.1%，同比增长31.5%，已连续5个月正增长；,,
2020-11,,3.8,31.2,2.0,,全国(新闻稿口径),2020-12-21,http://www.moa.gov.cn/ztzl/szcpxx/zyzc/202105/t20210510_6367430.htm http://jhs.moa.gov.cn/gzdt/202012/t20201221_6358562.htm,,,,[hog_mom_pct] 11月份生猪存栏环比增长2%，这是自去年11月份以来首次回升； || [sow_mom_pct] 11月份能繁母猪存栏环比增长3.8%，同比增长31.2%，已连续6个月正增长； || [sow_yoy_pct] 11月份能繁母猪存栏环比增长3.8%，同比增长31.2%，已连续6个月正增长；,,
2020-12,4161.0,,,,,全国(新闻稿口径),2021-02-05,http://www.moa.gov.cn/xw/zwdt/202102/t20210205_6361336.htm,40700.0,,,[hog_wan] 据国家统计局数据，2020年12月末生猪存栏达到4.07亿头，能繁母猪存栏达到4161万头，分别恢复到2017年年末的92.1%和93.1%。 || [sow_wan] 据国家统计局数据，2020年12月末生猪存栏达到4.07亿头，能繁母猪存栏达到4161万头，分别恢复到2017年年末的92.1%和93.1%。,,
2021-01,,1.1,35.0,,,全国(新闻稿口径),2021-03-18,http://www.moa.gov.cn/xw/zwdt/202103/t20210318_6363931.htm,,,,[sow_mom_pct] 据农业农村部监测，1月份和2月份全国能繁母猪存栏量环比分别增长1.1%和1.0%，同比分别增长35.0%和34.1%。 || [sow_yoy_pct] 据农业农村部监测，1月份和2月份全国能繁母猪存栏量环比分别增长1.1%和1.0%，同比分别增长35.0%和34.1%。,,
2021-02,,1.0,34.1,,,全国(新闻稿口径),2021-03-18,http://www.moa.gov.cn/xw/zwdt/202103/t20210318_6363931.htm,,,,[sow_mom_pct] 据农业农村部监测，1月份和2月份全国能繁母猪存栏量环比分别增长1.1%和1.0%，同比分别增长35.0%和34.1%。 || [sow_yoy_pct] 据农业农村部监测，1月份和2月份全国能繁母猪存栏量环比分别增长1.1%和1.0%，同比分别增长35.0%和34.1%。,,
2021-06,,,,,,全国(新闻稿口径),2021-08-06,http://www.moa.gov.cn/xw/zwdt/202108/t20210806_6373688.htm,43900.0,,,[hog_wan] 据国家统计局统计，6月末全国生猪存栏量4.39亿头、恢复到2017年年末的99.4%；,,
2021-12,4329.0,-2.9,4.0,2.6,10.5,全国绝对量(季末),,https://www.moa.gov.cn/ztzl/szcpxx/jdsj/2021/202112/,44922.0,2021年4季度末能繁母猪存栏（万头）,正常保有量比例105.6%,2021年4季度末能繁母猪存栏（万头）|4329（相当于正常保有量的105.6%，产能大幅增加，处于黄色区域）|-2.9%|4.0%,,https://www.moa.gov.cn/ztzl/szcpxx/jdsj/202201/P020220127536079209998.xlsx
2022-01,4290.0,-0.9,2.0,,,全国绝对量(月末),,https://www.moa.gov.cn/ztzl/szcpxx/jdsj/2022/202201/,,2022年1月末能繁母猪存栏（万头）,正常保有量比例104.6%,2022年1月末能繁母猪存栏（万头）|4290（相当于正常保有量的104.6%，产能正常波动，处于绿色区域）|-0.9%|2.0%,,https://www.moa.gov.cn/ztzl/szcpxx/jdsj/202202/P020220225339745689065.xlsx
2022-02,4268.0,-0.5,0.5,,,全国绝对量(月末),,https://www.moa.gov.cn/ztzl/szcpxx/jdsj/2022/202202/,,2022年2月末能繁母猪存栏（万头）,正常保有量比例104.1%,2022年2月末能繁母猪存栏（万头）|4268（相当于正常保有量的104.1%，产能正常，处于绿色区域）|-0.5%|0.5%,,https://www.moa.gov.cn/ztzl/szcpxx/jdsj/2022/202202/202203/P020220331526409448839.xlsx
2022-03,4185.0,-3.3,-3.1,-5.9,1.6,全国绝对量(季末),,https://www.moa.gov.cn/ztzl/szcpxx/jdsj/2022/202203/,42253.0,2022年1季度末能繁母猪存栏（万头）,正常保有量比例102.1%,2022年1季度末能繁母猪存栏（万头）|4185（相当于正常保有量的102.1%，产能正常，处于绿色区域）|-3.3%|-3.1%,,https://www.moa.gov.cn/ztzl/szcpxx/jdsj/2022/202203/202204/P020220429594795734174.xlsx
2022-04,4177.0,-0.2,-4.3,,,全国绝对量(月末),,https://www.moa.gov.cn/ztzl/szcpxx/jdsj/2022/202204/,,2022年4月末能繁母猪存栏（万头）,正常保有量比例101.9%,2022年4月末能繁母猪存栏（万头）|4177（相当于正常保有量的101.9%，产能正常，处于绿色区域）|-0.2%|-4.3%,,https://www.moa.gov.cn/ztzl/szcpxx/jdsj/2022/202204/202205/P020220530453122344311.xlsx
2022-05,4192.0,0.4,-8.1,,,全国绝对量(月末),,https://www.moa.gov.cn/ztzl/szcpxx/jdsj/2022/202205/,,2022年5月末能繁母猪存栏（万头）,正常保有量比例102.2%,2022年5月末能繁母猪存栏（万头）|4192（相当于正常保有量的102.2%，产能正常，处于绿色区域）|0.4%|-8.1%,,https://www.moa.gov.cn/ztzl/szcpxx/jdsj/2022/202205/202206/P020220630597553708955.xlsx
2022-06,4277.0,2.2,-6.3,1.9,-1.9,全国绝对量(季末),,https://www.moa.gov.cn/ztzl/szcpxx/jdsj/2022/202206/,43057.0,2022年2季度末能繁母猪存栏（万头）,正常保有量比例104.3%,2022年2季度末能繁母猪存栏（万头）|4277（相当于正常保有量的104.3%，产能正常，处于绿色区域）|2.2%|-6.3%,,https://www.moa.gov.cn/ztzl/szcpxx/jdsj/2022/202206/202208/P020220803359314022731.xlsx
2022-07,4298.0,0.5,-5.3,,,全国绝对量(月末),,https://www.moa.gov.cn/ztzl/szcpxx/jdsj/2022/202207/,,2022年7月末能繁母猪存栏（万头）,正常保有量比例104.8%,2022年7月末能繁母猪存栏（万头）|4298（相当于正常保有量的104.8%，产能正常，处于绿色区域）|0.5%|-5.3%,,https://www.moa.gov.cn/ztzl/szcpxx/jdsj/2022/202207/202208/P020220830588865318104.xlsx
2022-08,4324.0,0.6,-4.8,,,全国绝对量(月末),,https://www.moa.gov.cn/ztzl/szcpxx/jdsj/2022/202208/,,2022年8月末能繁母猪存栏（万头）,正常保有量比例105.5%,2022年8月末能繁母猪存栏（万头）|4324（相当于正常保有量的105.5%，产能大幅增加，处于黄色区域）|0.6%|-4.8%,,https://www.moa.gov.cn/ztzl/szcpxx/jdsj/2022/202208/202209/P020220929593684437346.xlsx
2022-09,4362.0,2.0,-2.2,3.1,1.4,全国绝对量(季末),,https://www.moa.gov.cn/ztzl/szcpxx/jdsj/2022/202209/,44394.0,2022年3季度末能繁母猪存栏（万头）,正常保有量比例106.4%,2022年3季度末能繁母猪存栏（万头）|4362（相当于正常保有量的106.4%，产能大幅增加，处于黄色区域）|2.0%|-2.2%,,https://www.moa.gov.cn/ztzl/szcpxx/jdsj/2022/202209/202210/P020221031510021604999.xlsx
2022-10,4379.0,0.4,0.7,,,全国绝对量(月末),,https://www.moa.gov.cn/ztzl/szcpxx/jdsj/2022/202210/,,2022年10月末能繁母猪存栏（万头）,正常保有量比例106.8%,2022年10月末能繁母猪存栏（万头）|4379（相当于正常保有量的106.8%，产能大幅增加，处于黄色区域）|0.4%|0.7%,,https://www.moa.gov.cn/ztzl/szcpxx/jdsj/2022/202210/202211/P020221130553313403358.xlsx
2022-11,4388.0,0.2,2.1,,,全国绝对量(月末),,https://www.moa.gov.cn/ztzl/szcpxx/jdsj/2022/202211/,,2022年11月末能繁母猪存栏（万头）,正常保有量比例107%,2022年11月末能繁母猪存栏（万头）|4388（相当于正常保有量的107%，产能大幅增加，处于黄色区域）|0.2%|2.1%,,https://www.moa.gov.cn/ztzl/szcpxx/jdsj/2022/202211/202212/P020221230509198122964.xlsx
2022-12,4390.0,0.6,1.4,1.9,0.7,全国绝对量(季末),,https://www.moa.gov.cn/ztzl/szcpxx/jdsj/2022/202212/,45256.0,2022年4季度末能繁母猪存栏（万头）,正常保有量比例107%,2022年4季度末能繁母猪存栏（万头）|4390（相当于正常保有量的107%，产能大幅增加，处于黄色区域）|0.6%|1.4%,,https://www.moa.gov.cn/ztzl/szcpxx/jdsj/2022/202212/202301/P020230131561948688768.xlsx
2023-01,4367.0,-0.5,1.8,,,全国绝对量(月末),,https://www.moa.gov.cn/ztzl/szcpxx/jdsj/2023/202301/,,2023年1月末能繁母猪存栏（万头）,正常保有量比例106.5%,2023年1月末能繁母猪存栏（万头）|4367（相当于正常保有量的106.5%，产能大幅增加，处于黄色区域）|-0.5%|1.8%,,https://www.moa.gov.cn/ztzl/szcpxx/jdsj/2023/202301/202303/P020230301387763450538.xlsx
2023-02,4343.0,-0.6,1.7,,,全国绝对量(月末),,https://www.moa.gov.cn/ztzl/szcpxx/jdsj/2023/202302/,,2023年2月末能繁母猪存栏（万头）,正常保有量比例105.9%,2023年2月末能繁母猪存栏（万头）|4343（相当于正常保有量的105.9%，产能正常，处于黄色区域）|-0.6%|1.7%,,https://www.moa.gov.cn/ztzl/szcpxx/jdsj/2023/202302/202303/P020230329561191434424.xlsx
2023-03,4305.0,-1.9,2.9,-4.8,2.0,全国绝对量(季末),,https://www.moa.gov.cn/ztzl/szcpxx/jdsj/2023/202303/,43094.0,2023年1季度末能繁母猪存栏（万头）,,2023年1季度末能繁母猪存栏（万头）|4305|-1.9%|2.9%,,https://www.moa.gov.cn/ztzl/szcpxx/jdsj/2023/202303/202304/P020230427572273514434.xlsx
2023-04,4284.0,-0.5,2.6,,,全国绝对量(月末),,https://www.moa.gov.cn/ztzl/szcpxx/jdsj/2023/202304/,,2023年4月末能繁母猪存栏（万头）,,2023年4月末能繁母猪存栏（万头）|4284|-0.5%|2.6%,,https://www.moa.gov.cn/ztzl/szcpxx/jdsj/2023/202304/202305/P020230529505097517767.xlsx
2023-05,4258.0,-0.6,1.6,,,全国绝对量(月末),,https://www.moa.gov.cn/ztzl/szcpxx/jdsj/2023/202305/,,2023年5月末能繁母猪存栏（万头）,,2023年5月末能繁母猪存栏（万头）|4258|-0.6%|1.6%,,https://www.moa.gov.cn/ztzl/szcpxx/jdsj/2023/202305/202306/P020230630508256229315.xlsx
2023-06,4296.0,-0.2,0.5,1.0,1.1,全国绝对量(季末),,https://www.moa.gov.cn/ztzl/szcpxx/jdsj/2023/202306/,43517.0,2023年2季度末能繁母猪存栏（万头）,,2023年2季度末能繁母猪存栏（万头）|4296|-0.2%|0.5%,,https://www.moa.gov.cn/ztzl/szcpxx/jdsj/2023/202306/202307/P020230726460724195837.xlsx
2023-07,4271.0,-0.6,-0.6,,,全国绝对量(月末),,https://www.moa.gov.cn/ztzl/szcpxx/jdsj/2023/202307/,,2023年7月末能繁母猪存栏（万头）,,2023年7月末能繁母猪存栏（万头）|4271|-0.6%|-0.6%,,https://www.moa.gov.cn/ztzl/szcpxx/jdsj/2023/202307/202308/P020230828538296645353.xlsx
2023-08,4241.0,-0.7,-1.9,,,全国绝对量(月末),,https://www.moa.gov.cn/ztzl/szcpxx/jdsj/2023/202308/,,2023年8月末能繁母猪存栏（万头）,,2023年8月末能繁母猪存栏（万头）|4241|-0.7%|-1.9%,,https://www.moa.gov.cn/ztzl/szcpxx/jdsj/2023/202308/202309/P020230927585638831411.xlsx
2023-09,4240.0,-1.3,-2.8,1.6,-0.4,全国绝对量(季末),,https://www.moa.gov.cn/ztzl/szcpxx/jdsj/2023/202309/,44229.0,2023年三季度末能繁母猪存栏（万头）,,2023年三季度末能繁母猪存栏（万头）|4240|-1.3%|-2.8%,,https://www.moa.gov.cn/ztzl/szcpxx/jdsj/2023/202309/202310/P020231026357738833559.xlsx
2023-10,4210.0,-0.7,-3.9,,,全国绝对量(月末),,https://www.moa.gov.cn/ztzl/szcpxx/jdsj/2023/202310/,,2023年10月末能繁母猪存栏（万头）,,2023年10月末能繁母猪存栏（万头）|4210|-0.7%|-3.9%,,https://www.moa.gov.cn/ztzl/szcpxx/jdsj/2023/202310/202311/P020231127550647173803.xlsx
2023-11,4158.0,-1.2,-5.2,,,全国绝对量(月末),,https://www.moa.gov.cn/ztzl/szcpxx/jdsj/2023/202311/,,2023年11月末能繁母猪存栏（万头）,,2023年11月末能繁母猪存栏（万头）|4158|-1.2%|-5.2%,,https://www.moa.gov.cn/ztzl/szcpxx/jdsj/2023/202311/202312/P020231228677523245055.xlsx
2023-12,4142.0,-2.3,-5.7,-1.8,-4.1,全国绝对量(季末),,https://www.moa.gov.cn/ztzl/szcpxx/jdsj/2023/202312/,43422.0,2023年4季度末能繁母猪存栏（万头）,,2023年4季度末能繁母猪存栏（万头）|4142|-2.3%|-5.7%,,https://www.moa.gov.cn/ztzl/szcpxx/jdsj/2023/202312/202401/P020240126367944310174.xlsx
2024-01,4067.0,-1.8,-6.9,,,全国绝对量(月末),,https://www.moa.gov.cn/ztzl/szcpxx/jdsj/2024/202401/,,2024年1月末能繁母猪存栏（万头）,,2024年1月末能繁母猪存栏（万头）|4067|-1.8%|-6.9%,,https://www.moa.gov.cn/ztzl/szcpxx/jdsj/2024/202401/202402/P020240226369293079528.xlsx
2024-02,4042.0,-0.6,-6.9,,,全国绝对量(月末),,https://www.moa.gov.cn/ztzl/szcpxx/jdsj/2024/202402/,,2024年2月末能繁母猪存栏（万头）,,2024年2月末能繁母猪存栏（万头）|4042|-0.6%|-6.9%,,https://www.moa.gov.cn/ztzl/szcpxx/jdsj/2024/202402/202403/P020240326518985306986.xlsx
2024-03,3992.0,-3.6,-7.3,-5.9,-5.2,全国绝对量(季末),,https://www.moa.gov.cn/ztzl/szcpxx/jdsj/2024/202403/,40850.0,2024年1季度末能繁母猪存栏（万头）,,2024年1季度末能繁母猪存栏（万头）|3992|-3.6%|-7.3%,,https://www.moa.gov.cn/ztzl/szcpxx/jdsj/2024/202403/202404/P020240424545621450792.xlsx
2024-04,3986.0,-0.1,-6.9,,,全国绝对量(月末),,https://www.moa.gov.cn/ztzl/szcpxx/jdsj/2024/202404/,,2024年4月末能繁母猪存栏（万头）,,2024年4月末能繁母猪存栏（万头）|3986|-0.1%|-6.9%,,https://www.moa.gov.cn/ztzl/szcpxx/jdsj/2024/202404/202405/P020240524369826589949.xlsx
2024-05,3996.0,0.2,-6.2,,,全国绝对量(月末),,https://www.moa.gov.cn/ztzl/szcpxx/jdsj/2024/202405/,,2024年5月末能繁母猪存栏（万头）,,2024年5月末能繁母猪存栏（万头）|3996|0.2%|-6.2%,,https://www.moa.gov.cn/ztzl/szcpxx/jdsj/2024/202405/202406/P020240626394732750651.xlsx
2024-06,4038.0,1.1,-6.0,1.7,-4.6,全国绝对量(季末),,https://www.moa.gov.cn/ztzl/szcpxx/jdsj/2024/202406/,41533.0,2024年2季度末能繁母猪存栏（万头）,正常保有量比例103.5%,2024年2季度末能繁母猪存栏（万头）|4038（相当于正常保有量的103.5%，产能正常，处于绿色区域）|1.1%|-6.0%,,https://www.moa.gov.cn/ztzl/szcpxx/jdsj/2024/202406/202407/P020240725520828542660.xlsx
2024-07,4041.0,0.1,-5.4,,,全国绝对量(月末),,https://www.moa.gov.cn/ztzl/szcpxx/jdsj/2024/202407/,,2024年7月末能繁母猪存栏（万头）,正常保有量比例103.6%,2024年7月末能繁母猪存栏（万头）|4041（相当于正常保有量的103.6%，产能正常，处于绿色区域）|0.1%|-5.4%,,https://www.moa.gov.cn/ztzl/szcpxx/jdsj/2024/202407/202408/P020240829518525660057.xlsx
2024-08,4036.0,-0.1,-4.8,,,全国绝对量(月末),,https://www.moa.gov.cn/ztzl/szcpxx/jdsj/2024/202408/,,2024年8月末能繁母猪存栏（万头）,正常保有量比例103.5%,2024年8月末能繁母猪存栏（万头）|4036（相当于正常保有量的103.5%，产能正常，处于绿色区域）|-0.1%|-4.8%,,https://www.moa.gov.cn/ztzl/szcpxx/jdsj/2024/202408/202409/P020240927604161554397.xlsx
2024-09,4062.0,0.6,-4.2,2.8,-3.5,全国绝对量(季末),,https://www.moa.gov.cn/ztzl/szcpxx/jdsj/2024/202409/,42694.0,2024年3季度末能繁母猪存栏（万头）,正常保有量比例104.2%,2024年3季度末能繁母猪存栏（万头）|4062（相当于正常保有量的104.2%，产能正常，处于绿色区域）|0.6%|-4.2%,,https://www.moa.gov.cn/ztzl/szcpxx/jdsj/2024/202409/202410/P020241029591476726200.xlsx
2024-10,4073.0,0.3,-3.2,,,全国绝对量(月末),,https://www.moa.gov.cn/ztzl/szcpxx/jdsj/2024/202410/,,2024年10月末能繁母猪存栏（万头）,正常保有量比例104.4%,2024年10月末能繁母猪存栏（万头）|4073（相当于正常保有量的104.4%，产能正常，处于绿色区域）|0.3%|-3.2%,,https://www.moa.gov.cn/ztzl/szcpxx/jdsj/2024/202410/202411/P020241127396780703124.xlsx
2024-11,4080.0,0.2,-1.9,,,全国绝对量(月末),,https://www.moa.gov.cn/ztzl/szcpxx/jdsj/2024/202411/,,2024年11月末能繁母猪存栏（万头）,正常保有量比例104.6%,2024年11月末能繁母猪存栏（万头）|4080（相当于正常保有量的104.6%，产能正常，处于绿色区域）|0.2%|-1.9%,,https://www.moa.gov.cn/ztzl/szcpxx/jdsj/2024/202411/202412/P020241226353294939770.xlsx
2024-12,4078.0,0.4,-1.6,0.1,-1.6,全国绝对量(季末),,https://www.moa.gov.cn/ztzl/szcpxx/jdsj/2024/202412/,42743.0,2024年4季度末能繁母猪存栏（万头）,正常保有量比例104.6%,2024年4季度末能繁母猪存栏（万头）|4078（相当于正常保有量的104.6%，产能正常，处于绿色区域）|0.4%|-1.6%,,https://www.moa.gov.cn/ztzl/szcpxx/jdsj/2024/202412/202501/P020250126578637248544.xlsx
2025-01,4062.0,-0.4,-0.1,,,全国绝对量(月末),,https://www.moa.gov.cn/ztzl/szcpxx/jdsj/2025/202501/,,2025年1月末能繁母猪存栏（万头）,正常保有量比例104.2%,2025年1月末能繁母猪存栏（万头）|4062（相当于正常保有量的104.2%，产能正常，处于绿色区域）|-0.4%|-0.1%,,https://www.moa.gov.cn/ztzl/szcpxx/jdsj/2025/202501/202502/P020250328626218373627.xlsx
2025-02,4066.0,0.1,0.6,,,全国绝对量(月末),,https://www.moa.gov.cn/ztzl/szcpxx/jdsj/2025/202502/,,2025年2月末能繁母猪存栏（万头）,正常保有量比例104.3%,2025年2月末能繁母猪存栏（万头）|4066（相当于正常保有量的104.3%，产能正常，处于绿色区域）|0.1%|0.6%,,https://www.moa.gov.cn/ztzl/szcpxx/jdsj/2025/202502/202503/P020250328628612205949.xlsx
2025-03,4039.0,-1.0,1.2,-2.4,2.2,全国绝对量(季末),,https://www.moa.gov.cn/ztzl/szcpxx/jdsj/2025/202503/,41731.0,2025年1季度末能繁母猪存栏（万头）,正常保有量比例103.6%,2025年1季度末能繁母猪存栏（万头）|4039（相当于正常保有量的103.6%，产能正常，处于绿色区域）|-1.0%|1.2%,,https://www.moa.gov.cn/ztzl/szcpxx/jdsj/2025/202503/202504/P020250425570366125575.xlsx
2025-04,4038.0,0.0,1.3,,,全国绝对量(月末),,https://www.moa.gov.cn/ztzl/szcpxx/jdsj/2025/202504/,,2025年4月末能繁母猪存栏（万头）,正常保有量比例103.6%,2025年4月末能繁母猪存栏（万头）|4038（相当于正常保有量的103.6%，产能正常，处于绿色区域）|0.0%|1.3%,,https://www.moa.gov.cn/ztzl/szcpxx/jdsj/2025/202504/202505/P020250527532146937339.xlsx
2025-05,4042.0,0.1,1.2,,,全国绝对量(月末),,https://www.moa.gov.cn/ztzl/szcpxx/jdsj/2025/202505/,,2025年5月末能繁母猪存栏（万头）,正常保有量比例103.6%,2025年5月末能繁母猪存栏（万头）|4042（相当于正常保有量的103.6%，产能正常，处于绿色区域）|0.1%|1.2%,,https://www.moa.gov.cn/ztzl/szcpxx/jdsj/2025/202505/202506/P020250630560628826013.xlsx
2025-06,4043.0,0.1,0.1,1.7,2.2,全国绝对量(季末),,https://www.moa.gov.cn/ztzl/szcpxx/jdsj/2025/202506/,42447.0,2025年2季度末能繁母猪存栏（万头）,正常保有量比例103.7%,2025年2季度末能繁母猪存栏（万头）|4043（相当于正常保有量的103.7%，产能正常，处于绿色区域）|0.1%|0.1%,,https://www.moa.gov.cn/ztzl/szcpxx/jdsj/2025/202506/202507/P020250725507217967227.pdf
2025-07,4042.0,0.0,0.0,,,全国绝对量(月末),,https://www.moa.gov.cn/ztzl/szcpxx/jdsj/2025/202507/,,2025年7月末能繁母猪存栏（万头）,正常保有量比例103.6%,2025年7月末能繁母猪存栏（万头）|4042（相当于正常保有量的103.6%，产能正常，处于绿色区域）|0.0%|0.0%,,https://www.moa.gov.cn/ztzl/szcpxx/jdsj/2025/202507/202509/P020250928400936543963.xlsx
2025-08,4038.0,-0.1,0.0,,,全国绝对量(月末),,https://www.moa.gov.cn/ztzl/szcpxx/jdsj/2025/202508/,,2025年8月末能繁母猪存栏（万头）,正常保有量比例103.5%,2025年8月末能繁母猪存栏（万头）|4038（相当于正常保有量的103.5%，产能正常，处于绿色区域）|-0.1%|0.0%,,https://www.moa.gov.cn/ztzl/szcpxx/jdsj/2025/202508/202509/P020250928567571034395.xlsx
2025-09,4035.0,-0.2,-0.7,2.9,2.3,全国绝对量(季末),,https://www.moa.gov.cn/ztzl/szcpxx/jdsj/2025/202509/,43680.0,2025年3季度末能繁母猪存栏（万头）,正常保有量比例103.5%,2025年3季度末能繁母猪存栏（万头）|4035（相当于正常保有量的103.5%，产能正常，处于绿色区域）|-0.2%|-0.7%,,https://www.moa.gov.cn/ztzl/szcpxx/jdsj/2025/202509/202510/P020251030624707757095.xlsx
2025-10,3990.0,-1.1,-2.1,,,全国绝对量(月末),,https://www.moa.gov.cn/ztzl/szcpxx/jdsj/2025/202510/,,2025年10月末能繁母猪存栏（万头）,正常保有量比例102.3%,2025年10月末能繁母猪存栏（万头）|3990（相当于正常保有量的102.3%，产能正常，处于绿色区域）|-1.1%|-2.1%,,https://www.moa.gov.cn/ztzl/szcpxx/jdsj/2025/202510/202511/P020251128336414357776.xlsx
2025-12,3961.0,-1.8,-2.9,-1.6,0.5,全国绝对量(季末),,https://www.moa.gov.cn/ztzl/szcpxx/jdsj/2025/202512/,42967.0,2025年4季度末能繁母猪存栏（万头）,正常保有量比例101.6%,2025年4季度末能繁母猪存栏（万头）|3961（相当于正常保有量的101.6%，产能正常，处于绿色区域）|-1.8%|-2.9%,,https://www.moa.gov.cn/ztzl/szcpxx/jdsj/2025/202512/202601/P020260128624566443942.xlsx
2026-03,3904.0,-1.5,-3.3,-1.4,1.5,全国绝对量(季末),,https://www.moa.gov.cn/ztzl/szcpxx/jdsj/2026/202603/,42358.0,2026年1季度末能繁母猪存栏（万头）,调控目标比例100.1%,2026年1季度末能繁母猪存栏（万头）|3904（相当于调控目标的100.1%）|-1.5%|-3.3%,,https://www.moa.gov.cn/ztzl/szcpxx/jdsj/2026/202603/202604/P020260424520140627074.xlsx
2026-06,3780.0,-3.2,-6.5,0.3,0.1,全国绝对量(季末),,https://www.moa.gov.cn/ztzl/szcpxx/jdsj/2026/202606/,42491.0,2026年2季度末能繁母猪存栏（万头）,调控目标比例100.8%,2026年2季度末能繁母猪存栏（万头）|3780（相当于调控目标的100.8%）|-3.2%|-6.5%,,https://www.moa.gov.cn/ztzl/szcpxx/jdsj/2026/202606/202607/P020260723514354158918.xlsx
