code,name,V_2026,V_2027,price_2026,price_2027,cost_2026,cost_2027,margin_2026,margin_2027,hog_profit_2026_yi,hog_profit_2027_yi,contrib_volume_yi,contrib_national_price_yi,contrib_regional_premium_yi,contrib_channel_premium_yi,contrib_cost_yi,interest_per_kg,check_total
002714,牧原股份,7846.049999999999,7500,10.689418475789186,17.738229574316364,11.5,11.3,-0.8105815242108143,6.438229574316363,-76.31835801641111,579.4406616884727,-11.684685646434128,658.60642785,-9.577982498681779,0.0,18.415259999999936,0.21886508204977878,3.410605131648481e-13
300498,温氏股份,3534.8933333333334,3500,10.77804946227453,17.88530556252246,12.0,11.7,-1.2219505377254691,6.185305562522462,-51.83357771362611,259.7828336259434,-1.0391280079915013,301.9165171866667,-1.9237858391056883,0.0,12.662808000000028,0.18746656056099756,5.684341886080802e-14
000876,新希望,1430.715,1450,10.513820342298631,17.446838605599805,12.5,12.3,-1.9861796577013688,5.146838605599804,-34.09988434761856,89.5549917374366,0.36571984686132947,123.631645655,-3.799347416806137,0.0,3.456857999999988,1.117666459182996,1.4210854715202004e-14
002100,天康生物,313.5183333333333,365,10.026571073997653,16.638287663318327,11.8,11.8,-1.7734289260023477,4.838287663318326,-6.672029773984552,21.19169996533427,0.9467042153695329,29.119971311666667,-2.2029457877173853,0.0,0.0,0.2688580562773279,-7.105427357601002e-15
001201,东瑞股份,130.0,160,11.572581666666666,18.939999999999998,13.8,12.9,-2.2274183333333344,6.039999999999997,-3.3299904083333347,11.113599999999996,0.6576703374999994,11.927349583333333,0.3578204875000001,0.0,1.5007500000000007,0.4201991382478066,0.0
000048,京基智农,207.73333333333335,210,11.079160581467375,18.3849752285309,13.3,12.6,-2.2208394185326252,5.784975228530902,-5.536108502518128,14.578137575897873,0.048472247015976244,17.92786146666667,0.3834323647333527,0.0,1.754480000000003,0.2403401040596919,0.0
605296,神农集团,354.195,370,10.32753235614649,17.137708686812545,12.0,11.7,-1.6724676438535102,5.437708686812545,-7.108556125376328,24.1434265694477,0.35705780810380544,31.080276815,-1.4889029282797737,0.0,1.303551000000003,0.07260010206242325,7.105427357601002e-15
603477,巨星农牧,426.92,430,10.575545439521044,17.549266436216413,12.4,12.0,-1.8244545604789568,5.5492664362164135,-9.346753691516115,28.634214810876696,0.06883452346362785,36.77643564,-0.9209096610708307,0.0,2.056608000000002,0.37852810749086485,-7.105427357601002e-15
002567,唐人神,380.3250000000001,360,10.847166666666666,18.0,12.26,12.2,-1.4128333333333334,5.800000000000001,-6.448030050000002,25.056000000000004,-0.5350149750000028,31.772528025000007,0.0,0.0,0.2665170000000022,0.4258305959376848,3.552713678800501e-15
002385,大北农,395.865,400,10.630051391877844,17.639714676994103,11.9,11.9,-1.2699486081221565,5.739714676994103,-6.03273846905133,27.550630449571692,0.11089489616871274,34.156138205000005,-0.6836641825456948,0.0,0.0,1.3403509809741536,0.0
603363,傲农生物,136.35999999999999,150,10.847166666666666,18.0,13.0,12.6,-2.1528333333333336,5.4,-3.5227242400000005,9.72,0.2657481200000003,12.289712120000003,0.0,0.0,0.6872640000000007,0.4027576782780874,1.7763568394002505e-15
002124,天邦食品,487.215,450,10.457023500055605,17.35258881744857,12.65,12.5,-2.192976499944395,4.85258881744857,-12.821412545044899,26.20397961422228,-0.5938648343755069,40.222456155,-1.4466926613573088,0.0,0.843493500000002,0.5213388645327696,7.105427357601002e-15
002548,金新农,80.16,85,11.054346382947152,18.343798063369732,12.77,12.6,-1.7156536170528476,5.7437980633697325,-1.6503215273154752,5.858674024637128,0.11697731472104243,7.08817172,0.13538331723156202,0.0,0.16846319999999992,1.340487320983034,8.881784197001252e-16
