code,name,mcap_yi,profit_per_yuan_kg_yi,profit_per_yuan_pct_mcap,implied_national_px_10x,implied_national_px_15x,excess_18_vs_14_yi,excess_18_vs_14_pct_mcap
002714,牧原股份,2343.14222673336,86.59335652448009,0.03695608210910965,14.043479407856017,13.12819712532094,341.3361861426341,0.14567454858192727
300498,温氏股份,989.4392876535,40.3246638397652,0.04075506637238649,14.244447048294846,13.421307854063945,160.27087432893353,0.16198151450911472
000876,新希望,335.9368362291,16.529999999999998,0.04920567861967652,14.662182397663738,13.963275573377764,64.0880538112366,0.1907741185236687
002100,天康生物,104.032165443,3.6792,0.03536598497525134,15.45423329507862,14.434569818261378,13.603463993529063,0.1307620958921835
001201,东瑞股份,39.595622553599995,1.8216,0.04600508547464124,13.929694931245761,13.226240971470721,7.5049920000000006,0.1895409521555219
000048,京基智农,94.48213005,2.47198301551138,0.026163497946153472,16.078245226465206,14.830883556557652,10.099410334561297,0.10689228036261125
605296,神农集团,158.58380711959998,4.44,0.02799781440895452,16.040110007680447,14.789636878688478,16.909205904321713,0.10662630826846783
603477,巨星农牧,71.909648525,4.791203604078421,0.06662810488376562,13.84762305844217,13.334484296411192,18.684913021807233,0.2598387477211944
002567,唐人神,51.8764604266,3.8880000000000003,0.07494728761421823,13.013437768173867,12.568680734338134,15.552000000000001,0.29978915045687293
002385,大北农,132.8724276585,4.32,0.0325123885830022,15.281625381160078,14.235434772106355,16.93412608991434,0.12744650179371542
603363,傲农生物,75.9235187628,1.8,0.023708068716145177,15.984639931266667,14.578648843066667,7.2,0.0948322748645807
002124,天邦食品,43.327709723999995,5.398808726429931,0.12460406425404559,13.078495613492473,12.801000866479777,20.81851287417595,0.4804895759963099
002548,金新农,31.884685833,0.8956193622111803,0.02808932686061572,14.8470816456795,13.682632148324567,3.6509023826768634,0.11450331992602712
