year,bulletin_url,b_pork,b_hog_inv,b_slaughter,b_sow_inv
2015,https://www.stats.gov.cn/sj/zxfb/202302/t20230203_1899041.html,5487.0,45113.0,70825.0,
2016,https://www.stats.gov.cn/sj/zxfb/202302/t20230203_1899428.html,5299.0,43504.0,68502.0,
2017,https://www.stats.gov.cn/sj/zxfb/202302/t20230203_1899855.html,5340.0,43325.0,68861.0,
2018,https://www.stats.gov.cn/sj/zxfb/202302/t20230203_1900241.html,5404.0,42817.0,69382.0,
2019,https://www.stats.gov.cn/sj/zxfb/202302/t20230203_1900640.html,4255.0,31041.0,54419.0,
2020,https://www.stats.gov.cn/sj/zxfb/202302/t20230203_1901004.html,4113.0,40650.0,52704.0,
2021,https://www.stats.gov.cn/sj/zxfb/202302/t20230203_1901393.html,5296.0,44922.0,67128.0,
2022,https://www.stats.gov.cn/sj/zxfb/202302/t20230228_1919011.html,5541.0,45256.0,69995.0,
2023,https://www.stats.gov.cn/sj/zxfb/202402/t20240228_1947915.html,5794.0,43422.0,72662.0,
2024,https://www.stats.gov.cn/sj/zxfb/202502/t20250228_1958817.html,5706.0,42743.0,70256.0,
2025,https://www.stats.gov.cn/sj/zxfb/202602/t20260228_1962662.html,5938.0,42967.0,71973.0,
