period,hog_inventory_wan,sow_inventory_wan,hog_slaughter_cum_wan,pork_output_cum_wan_t,hog_slaughter_q_wan,pork_output_q_wan_t,carcass_wt_kg_est,source_url,release_date,hog_inventory_yoy_pct,sow_inventory_yoy_pct,hog_slaughter_cum_yoy_pct,pork_output_cum_yoy_pct,meat_output_cum_wan_t,release_title,bulletin_hog_inventory_wan,bulletin_hog_slaughter_wan,bulletin_pork_output_wan_t,bulletin_sow_inventory_wan,bulletin_url,parse_note,note
2016Q1,41073.0,,19111.0,1466.0,19111.0,1466.0,76.71,https://www.stats.gov.cn/sj/zxfb/202302/t20230203_1899089.html,2016-04-15,-5.7,,-5.9,-5.9,2244.0,一季度国民经济开局良好,,,,,,,
2016Q2,40203.0,,31959.0,2473.0,12848.0,1007.0,78.38,https://www.stats.gov.cn/sj/zxfb/202302/t20230203_1899187.html,2016-07-15,-3.7,,-4.4,-3.9,3853.0,上半年国民经济运行总体平稳、稳中有进,,,,,,,
2016Q3,43163.0,,47924.0,3690.0,15965.0,1217.0,76.23,https://www.stats.gov.cn/sj/zxfb/202302/t20230203_1899286.html,2016-10-19,-3.4,,-3.7,-3.6,5833.0,前三季度国民经济运行稳中有进、稳中提质,,,,,,,
2016Q4,43504.0,,68502.0,5299.0,20578.0,1609.0,78.19,https://www.stats.gov.cn/sj/zxfb/202302/t20230203_1899395.html,2017-01-20,-3.6,,-3.3,-3.4,8364.0,2016年国民经济实现“十三五”良好开局,43504.0,68502.0,5299.0,,https://www.stats.gov.cn/sj/zxfb/202302/t20230203_1899428.html,,
2017Q1,41095.0,,19149.0,1468.0,19149.0,1468.0,76.66,https://www.stats.gov.cn/sj/zxfb/202302/t20230203_1899470.html,2017-04-17,0.1,,0.2,0.2,2249.0,一季度国民经济运行开局良好,,,,,,,
2017Q2,40350.0,,32183.0,2493.0,13034.0,1025.0,78.64,https://www.stats.gov.cn/sj/zxfb/202302/t20230203_1899576.html,2017-07-17,0.4,,0.7,0.8,3892.0,上半年国民经济稳中向好态势更趋明显,,,,,,,
2017Q3,42797.0,,48224.0,3717.0,16041.0,1224.0,76.3,https://www.stats.gov.cn/sj/zxfb/202302/t20230203_1899684.html,2017-10-19,-0.8,,0.6,0.7,5877.0,前三季度国民经济稳中向好态势持续发展,,,,,,,
2017Q4,43325.0,,68861.0,5340.0,20637.0,1623.0,78.65,https://www.stats.gov.cn/sj/zxfb/202302/t20230203_1899814.html,2018-01-18,-0.4,,0.5,0.8,8431.0,2017年经济运行稳中向好、好于预期,43325.0,68861.0,5340.0,,https://www.stats.gov.cn/sj/zxfb/202302/t20230203_1899855.html,,
2018Q1,41523.0,,19983.0,1543.0,19983.0,1543.0,77.22,https://www.stats.gov.cn/sj/zxfb/202302/t20230203_1899897.html,2018-04-17,-1.2,,1.9,2.1,2316.0,一季度国民经济实现良好开局,,,,,,,
2018Q2,40904.0,,33422.0,2614.0,13439.0,1071.0,79.69,https://www.stats.gov.cn/sj/zxfb/202302/t20230203_1899988.html,2018-07-16,-1.8,,1.2,1.4,3995.0,上半年国民经济总体平稳、稳中向好,,,,,,,
2018Q3,42887.0,,49579.0,3843.0,16157.0,1229.0,76.07,https://www.stats.gov.cn/sj/zxfb/202302/t20230203_1900103.html,2018-10-19,-2.3,,0.1,0.3,6007.0,前三季度经济运行总体平稳 转型升级深化发展,,,,,,,
2018Q4,42817.0,,69382.0,5404.0,19803.0,1561.0,78.83,https://www.stats.gov.cn/sj/zxfb/202302/t20230203_1900202.html,2019-01-21,-3.0,,-1.2,-0.9,8517.0,2018年经济运行保持在合理区间 发展的主要预期目标较好完成,42817.0,69382.0,5404.0,,https://www.stats.gov.cn/sj/zxfb/202302/t20230203_1900241.html,,
2019Q1,37525.0,,18842.0,1463.0,18842.0,1463.0,77.65,https://www.stats.gov.cn/sj/zxfb/202302/t20230203_1900276.html,2019-04-17,-10.1,,-5.1,-5.2,2252.0,一季度国民经济开局平稳　积极因素逐渐增多,,,,,,,
2019Q2,34761.0,,31346.0,2470.0,12504.0,1007.0,80.53,https://www.stats.gov.cn/sj/zxfb/202302/t20230203_1900367.html,2019-07-15,-15.0,,-6.2,-5.5,3911.0,上半年国民经济运行总体平稳、稳中有进,,,,,,,
2019Q3,30675.0,,40978.0,3181.0,9632.0,711.0,73.82,https://www.stats.gov.cn/sj/zxfb/202302/t20230203_1900471.html,2019-10-18,-28.5,,-17.3,-17.2,5508.0,前三季度国民经济运行总体平稳　结构调整稳步推进,,,,,,,
2019Q4,31041.0,,54419.0,4255.0,13441.0,1074.0,79.9,https://www.stats.gov.cn/sj/zxfb/202302/t20230203_1900594.html,2020-01-17,-27.5,,-21.6,-21.3,7649.0,2019年国民经济运行总体平稳 发展主要预期目标较好实现,31041.0,54419.0,4255.0,,https://www.stats.gov.cn/sj/zxfb/202302/t20230203_1900640.html,,
2020Q1,32120.0,3381.0,13129.0,1038.0,13129.0,1038.0,79.06,https://www.stats.gov.cn/sj/zxfb/202302/t20230203_1900679.html,2020-04-17,-14.4,9.8,-30.3,-29.1,1813.0,统筹疫情防控和经济社会发展成效显著 3月份主要经济指标降幅明显收窄,,,,,,,
2020Q2,33996.0,3629.0,25103.0,1998.0,11974.0,960.0,80.17,https://www.stats.gov.cn/sj/zxfb/202302/t20230203_1900780.html,2020-07-16,-2.2,5.4,-19.9,-19.1,3489.0,统筹防疫和发展成效显著 上半年国民经济逐步复苏,,,,,,,
2020Q3,37039.0,3822.0,36186.0,2838.0,11083.0,840.0,75.79,https://www.stats.gov.cn/sj/zxfb/202302/t20230203_1900870.html,2020-10-19,20.7,28.0,-11.7,-10.8,5251.0,前三季度经济增长由负转正,,,,,,,
2020Q4,40650.0,,52704.0,4113.0,16518.0,1275.0,77.19,https://www.stats.gov.cn/sj/zxfb/202302/t20230203_1900964.html,2021-01-18,31.0,35.1,-3.2,-3.3,7639.0,2020年国民经济稳定恢复 主要目标完成好于预期,40650.0,52704.0,4113.0,,https://www.stats.gov.cn/sj/zxfb/202302/t20230203_1901004.html,,
2021Q1,41595.0,4318.0,17143.0,1369.0,17143.0,1369.0,79.86,https://www.stats.gov.cn/sj/zxfb/202302/t20230203_1901046.html,2021-04-16,29.5,27.7,30.6,31.9,2200.0,一季度国民经济开局良好,,,,,,,
2021Q2,43911.0,4564.0,33742.0,2715.0,16599.0,1346.0,81.09,https://www.stats.gov.cn/sj/zxfb/202302/t20230203_1901154.html,2021-07-15,29.2,25.7,34.4,35.9,4291.0,上半年国民经济稳中加固稳中向好,,,,,,,
2021Q3,43764.0,4459.0,49193.0,3917.0,15451.0,1202.0,77.79,https://www.stats.gov.cn/sj/zxfb/202302/t20230203_1901240.html,2021-10-18,18.2,16.7,35.9,38.0,6428.0,前三季度国民经济总体保持恢复态势,,,,,,,
2021Q4,44922.0,,67128.0,5296.0,17935.0,1379.0,76.89,https://www.stats.gov.cn/sj/zxfb/202302/t20230203_1901336.html,2022-01-17,10.5,4.0,27.4,28.8,8887.0,2021年国民经济持续恢复 发展预期目标较好完成,44922.0,67128.0,5296.0,,https://www.stats.gov.cn/sj/zxfb/202302/t20230203_1901393.html,,
2022Q1,42253.0,4185.0,19566.0,1561.0,19566.0,1561.0,79.78,https://www.stats.gov.cn/sj/zxfb/202302/t20230203_1901427.html,2022-04-18,1.6,,14.1,14.0,2395.0,一季度国民经济开局总体平稳,,,,,,,
2022Q2,43057.0,4277.0,36587.0,2939.0,17021.0,1378.0,80.96,https://www.stats.gov.cn/sj/zxfb/202302/t20230203_1901513.html,2022-07-15,-1.9,,8.4,8.2,4519.0,有力应对超预期因素影响 国民经济企稳回升,,,,,,,
2022Q3,44394.0,4362.0,52030.0,4150.0,15443.0,1211.0,78.42,https://www.stats.gov.cn/sj/zxfb/202302/t20230203_1901627.html,2022-10-24,1.4,,5.8,5.9,6711.0,前三季度国民经济恢复向好,,,,,,,
2022Q4,45256.0,,69995.0,5541.0,17965.0,1391.0,77.43,https://www.stats.gov.cn/sj/zxfb/202302/t20230203_1901709.html,2023-01-17,0.7,,4.3,4.6,9227.0,2022年国民经济顶住压力再上新台阶,45256.0,69995.0,5541.0,,https://www.stats.gov.cn/sj/zxfb/202302/t20230228_1919011.html,,
2023Q1,43094.0,,19899.0,1590.0,19899.0,1590.0,79.9,https://www.stats.gov.cn/sj/zxfb/202304/t20230418_1938706.html,2023-04-18,2.0,,1.7,1.9,2456.0,一季度经济运行开局良好,,,,,,,
2023Q2,43517.0,,37548.0,3032.0,17649.0,1442.0,81.7,https://www.stats.gov.cn/sj/zxfb/202307/t20230715_1941271.html,2023-07-17,1.1,,2.6,3.2,4682.0,上半年国民经济恢复向好,,,,,,,
2023Q3,44229.0,,53723.0,4301.0,16175.0,1269.0,78.45,https://www.stats.gov.cn/sj/zxfb/202310/t20231018_1943654.html,2023-10-18,-0.4,,3.3,3.6,6974.0,前三季度国民经济持续恢复向好　高质量发展稳步推进,,,,,,,
2023Q4,43422.0,,72662.0,5794.0,18939.0,1493.0,78.83,https://www.stats.gov.cn/sj/zxfb/202401/t20240117_1946624.html,2024-01-17,-4.1,,3.8,4.6,9641.0,2023年国民经济回升向好 高质量发展扎实推进,43422.0,72662.0,5794.0,,https://www.stats.gov.cn/sj/zxfb/202402/t20240228_1947915.html,,
2024Q1,40850.0,,19455.0,1583.0,19455.0,1583.0,81.37,https://www.stats.gov.cn/sj/zxfb/202404/t20240416_1948561.html,2024-04-16,-5.2,,-2.2,-0.4,2490.0,一季度国民经济实现良好开局,,,,,,,
2024Q2,41533.0,,36395.0,2981.0,16940.0,1398.0,82.53,https://www.stats.gov.cn/sj/zxfb/202407/t20240715_1955618.html,2024-07-15,-4.6,,-3.1,-1.7,4712.0,上半年国民经济运行总体平稳，稳中有进,,,,,,,
2024Q3,42694.0,,52030.0,4240.0,15635.0,1259.0,80.52,https://www.stats.gov.cn/sj/zxfb/202410/t20241018_1957044.html,2024-10-18,-3.5,,-3.2,-1.4,7044.0,前三季度国民经济运行稳中有进 向好因素累积增多,,,,,,,
2024Q4,42743.0,,70256.0,5706.0,18226.0,1466.0,80.43,https://www.stats.gov.cn/sj/zxfb/202501/t20250117_1958332.html,2025-01-17,-1.6,,-3.3,-1.5,9663.0,2024年经济运行稳中有进 主要发展目标顺利实现,42743.0,70256.0,5706.0,,https://www.stats.gov.cn/sj/zxfb/202502/t20250228_1958817.html,,
2025Q1,41731.0,,19476.0,1602.0,19476.0,1602.0,82.26,https://www.stats.gov.cn/sj/zxfb/202504/t20250416_1959321.html,2025-04-16,2.2,,0.1,1.2,2540.0,一季度国民经济开局良好,,,,,,,
2025Q2,42447.0,,36619.0,3020.0,17143.0,1418.0,82.72,https://www.stats.gov.cn/sj/zxfb/202507/t20250715_1960414.html,2025-07-15,2.2,,0.6,1.3,4843.0,上半年国民经济迎难而上、稳中向好,,,,,,,
2025Q3,43680.0,,52992.0,4368.0,16373.0,1348.0,82.33,https://www.stats.gov.cn/sj/zxfb/202510/t20251020_1961612.html,2025-10-20,2.3,,1.8,3.0,7312.0,前三季度经济运行稳中有进 高质量发展取得积极成效,,,,,,,
2025Q4,42967.0,,71973.0,5938.0,18981.0,1570.0,82.71,https://www.stats.gov.cn/sj/zxfb/202601/t20260119_1962330.html,2026-01-19,0.5,,2.4,4.1,10072.0,2025年经济发展向新向优 预期目标圆满实现,42967.0,71973.0,5938.0,,https://www.stats.gov.cn/sj/zxfb/202602/t20260228_1962662.html,,
2026Q1,42358.0,,20026.0,1669.0,20026.0,1669.0,83.34,https://www.stats.gov.cn/sj/zxfb/202604/t20260416_1963330.html,2026-04-16,1.5,,2.8,4.2,2662.0,一季度国民经济实现良好开局,,,,,,,
2026Q2,42491.0,,37246.0,3119.0,17220.0,1450.0,84.2,https://www.stats.gov.cn/sj/zxfb/202607/t20260715_1964121.html,2026-07-15,0.1,,1.7,3.3,5050.0,上半年经济运行在合理区间 新动能快速成长,,,,,,,
