code,name,peak_close_date,last_month_known,last3m_heads,last3m_yoy,last_price
300498,温氏,2019-03-12,2019-02,605.42,0.23115404168784948,11.62
002477,雏鹰,2019-03-12,2019-02,69.13,,12.82
000735,罗牛山,2019-03-12,2019-01,6.15,,
002548,金新农,2019-04-22,2019-03,10.219999999999999,1.142557651991614,
603363,傲农,2019-04-22,2019-03,17.0287,,
002124,天邦,2019-04-24,2019-03,99.12,2.0658830807299724,13.34
002567,唐人神,2019-04-24,2019-03,27.4,,
002100,天康,2020-07-14,2020-06,27.03,0.3713850837138508,28.68
002157,正邦,2020-08-07,2020-07,210.21,0.5124109648176127,36.62
002385,大北农,2020-08-19,2020-07,45.51,0.07259014847984901,36.58
000876,新希望,2020-09-02,2020-07,153.07999999999998,1.040522527326046,36.34
002714,牧原,2021-02-19,2020-12,623.3,1.684555086570764,30.15
