month,outbreaks,outbreaks_from_moa_notices,notices_n,bulletin_value,confidence,source_url,note,notice_urls
2018-08,5,5,5,,中（逐起通报统计，已与官方累计数核对）,http://www.moa.gov.cn/gk/yjgl_1/yqfb/,官方锚点：农业农村部发言人9月2日称8月初以来共5起（含沈阳首例，不含9月2日发布的宣州疫情），吻合,http://politics.people.com.cn/n1/2018/0804/c1001-30208671.html | http://www.moa.gov.cn/gk/yjgl_1/yqfb/201808/t20180816_6155815.htm | http://www.moa.gov.cn/gk/yjgl_1/yqfb/201808/t20180819_6155890.htm | http://www.moa.gov.cn/gk/yjgl_1/yqfb/201808/t20180823_6156184.htm | http://www.moa.gov.cn/gk/yjgl_1/yqfb/201808/t20180830_6156594.htm
2018-09,19,19,13,,中（逐起通报统计，已与官方累计数核对）,http://www.moa.gov.cn/gk/yjgl_1/yqfb/,截至10月9日官方累计29起；本口径8—9月24起+10月8日营口4起+10月9日鞍山1起=29起，吻合,http://www.moa.gov.cn/gk/yjgl_1/yqfb/201809/t20180902_6156674.htm | http://www.moa.gov.cn/gk/yjgl_1/yqfb/201809/t20180903_6156741.htm | http://www.moa.gov.cn/gk/yjgl_1/yqfb/201809/t20180903_6156729.htm | http://www.moa.gov.cn/gk/yjgl_1/yqfb/201809/t20180905_6156878.htm | http://www.moa.gov.cn/gk/yjgl_1/yqfb/201809/t20180906_6156940.htm | http://www.moa.gov.cn/gk/yjgl_1/yqfb/201809/t20180906_6156893.htm | http://www.moa.gov.cn/gk/yjgl_1/yqfb/201809/t20180910_6157069.htm | http://www.moa.gov.cn/gk/yjgl_1/yqfb/201809/t20180914_6157402.htm | http://www.moa.gov.cn/gk/yjgl_1/yqfb/201809/t20180917_6157491.htm | http://www.moa.gov.cn/gk/yjgl_1/yqfb/201809/t20180921_6157779.htm | http://www.moa.gov.cn/gk/yjgl_1/yqfb/201809/t20180924_6157990.htm | http://www.moa.gov.cn/gk/yjgl_1/yqfb/201809/t20180928_6159508.htm | http://www.moa.gov.cn/gk/yjgl_1/yqfb/201809/t20180930_6159723.htm
2018-10,28,28,17,,中（逐起通报统计，已与官方累计数核对）,http://www.moa.gov.cn/gk/yjgl_1/yqfb/,,http://www.moa.gov.cn/gk/yjgl_1/yqfb/201810/t20181008_6159840.htm | http://www.moa.gov.cn/gk/yjgl_1/yqfb/201810/t20181009_6159866.htm | http://www.moa.gov.cn/gk/yjgl_1/yqfb/201810/t20181011_6160530.htm | http://www.moa.gov.cn/gk/yjgl_1/yqfb/201810/t20181012_6160713.htm | http://www.moa.gov.cn/gk/yjgl_1/yqfb/201810/t20181012_6160706.htm | http://www.moa.gov.cn/gk/yjgl_1/yqfb/201810/t20181014_6160716.htm | http://www.moa.gov.cn/gk/yjgl_1/yqfb/201810/t20181015_6160786.htm | http://www.moa.gov.cn/gk/yjgl_1/yqfb/201810/t20181016_6160819.htm | http://www.moa.gov.cn/gk/yjgl_1/yqfb/201810/t20181017_6160979.htm | http://www.moa.gov.cn/gk/yjgl_1/yqfb/201810/t20181017_6160914.htm | http://www.moa.gov.cn/gk/yjgl_1/yqfb/201810/t20181022_6161182.htm | http://www.moa.gov.cn/gk/yjgl_1/yqfb/201810/t20181022_6161202.htm | http://www.moa.gov.cn/gk/yjgl_1/yqfb/201810/t20181023_6161270.htm | http://www.moa.gov.cn/gk/yjgl_1/yqfb/201810/t20181025_6161490.htm | http://www.moa.gov.cn/gk/yjgl_1/yqfb/201810/t20181026_6161620.htm | http://www.moa.gov.cn/gk/yjgl_1/yqfb/201810/t20181028_6161622.htm | http://www.moa.gov.cn/gk/yjgl_1/yqfb/201810/t20181030_6161948.htm
2018-11,26,26,21,,中（逐起通报统计，已与官方累计数核对）,http://www.moa.gov.cn/gk/yjgl_1/yqfb/,官方：截至11月22日73+1=74起；本口径截至11月22日确诊为72起，若计入11月23日上午9时确诊的房山2起则为74起,http://www.moa.gov.cn/gk/yjgl_1/yqfb/201811/t20181103_6162263.htm | http://www.moa.gov.cn/gk/yjgl_1/yqfb/201811/t20181104_6162303.htm | http://www.moa.gov.cn/gk/yjgl_1/yqfb/201811/t20181105_6162397.htm | http://www.moa.gov.cn/gk/yjgl_1/yqfb/201811/t20181107_6162572.htm | http://www.moa.gov.cn/gk/yjgl_1/yqfb/201811/t20181108_6162677.htm | http://www.moa.gov.cn/gk/yjgl_1/yqfb/201811/t20181108_6162637.htm | http://www.moa.gov.cn/gk/yjgl_1/yqfb/201811/t20181110_6162756.htm | http://www.moa.gov.cn/gk/yjgl_1/yqfb/201811/t20181113_6162839.htm | http://www.moa.gov.cn/gk/yjgl_1/yqfb/201811/t20181115_6163115.htm | http://www.moa.gov.cn/gk/yjgl_1/yqfb/201811/t20181116_6163230.htm | http://www.moa.gov.cn/gk/yjgl_1/yqfb/201811/t20181116_6163229.htm | http://www.moa.gov.cn/gk/yjgl_1/yqfb/201811/t20181116_6163156.htm | http://www.moa.gov.cn/gk/yjgl_1/yqfb/201811/t20181117_6163239.htm | http://www.moa.gov.cn/gk/yjgl_1/yqfb/201811/t20181117_6163232.htm | http://www.moa.gov.cn/gk/yjgl_1/yqfb/201811/t20181119_6163291.htm | http://www.moa.gov.cn/gk/yjgl_1/yqfb/201811/t20181121_6163389.htm | http://www.moa.gov.cn/gk/yjgl_1/yqfb/201811/t20181123_6163564.htm | http://www.moa.gov.cn/gk/yjgl_1/yqfb/201811/t20181123_6163511.htm | http://www.moa.gov.cn/gk/yjgl_1/yqfb/201811/t20181126_6163606.htm | http://www.moa.gov.cn/gk/yjgl_1/yqfb/201811/t20181130_6164121.htm | http://www.moa.gov.cn/gk/yjgl_1/yqfb/201812/t20181202_6164188.htm
2018-12,21,21,14,,中（逐起通报统计，已与官方累计数核对）,http://www.moa.gov.cn/gk/yjgl_1/yqfb/,官方：截至12月14日87+2=89起（本口径吻合）；2018年全年=162-63=99起（本口径8—12月合计99起，吻合）,http://www.moa.gov.cn/gk/yjgl_1/yqfb/201812/t20181203_6164220.htm | http://www.moa.gov.cn/gk/yjgl_1/yqfb/201812/t20181205_6164425.htm | http://www.moa.gov.cn/gk/yjgl_1/yqfb/201812/t20181206_6164466.htm | http://www.moa.gov.cn/gk/yjgl_1/yqfb/201812/t20181210_6164598.htm | http://www.moa.gov.cn/gk/yjgl_1/yqfb/201812/t20181212_6164826.htm | http://www.moa.gov.cn/gk/yjgl_1/yqfb/201812/t20181216_6165008.htm | http://www.moa.gov.cn/gk/yjgl_1/yqfb/201812/t20181218_6165153.htm | http://www.moa.gov.cn/gk/yjgl_1/yqfb/201812/t20181219_6165233.htm | http://www.moa.gov.cn/gk/yjgl_1/yqfb/201812/t20181220_6165275.htm | http://www.moa.gov.cn/gk/yjgl_1/yqfb/201812/t20181221_6165337.htm | http://www.moa.gov.cn/gk/yjgl_1/yqfb/201812/t20181223_6165395.htm | http://www.moa.gov.cn/gk/yjgl_1/yqfb/201812/t20181224_6165415.htm | http://www.moa.gov.cn/gk/yjgl_1/yqfb/201812/t20181225_6165470.htm | http://www.moa.gov.cn/gk/yjgl_1/yqfb/201812/t20181230_6165877.htm
2019-01,5,5,5,,中（逐起通报统计，已与官方累计数核对）,http://www.moa.gov.cn/gk/yjgl_1/yqfb/,泗阳县“一公司两场”按1起计；若按2起计则本月为6起,http://www.moa.gov.cn/gk/yjgl_1/yqfb/201901/t20190102_6165896.htm | http://www.moa.gov.cn/gk/yjgl_1/yqfb/201901/t20190112_6166540.htm | http://www.moa.gov.cn/gk/yjgl_1/yqfb/201901/t20190113_6166542.htm | http://www.moa.gov.cn/gk/yjgl_1/yqfb/201901/t20190118_6170354.htm | http://www.moa.gov.cn/gk/yjgl_1/yqfb/201901/t20190120_6170382.htm
2019-02,7,7,7,,中（逐起通报统计，已与官方累计数核对）,http://www.moa.gov.cn/gk/yjgl_1/yqfb/,,http://www.moa.gov.cn/gk/yjgl_1/yqfb/201902/t20190208_6171191.htm | http://www.moa.gov.cn/gk/yjgl_1/yqfb/201902/t20190219_6172136.htm | http://www.moa.gov.cn/gk/yjgl_1/yqfb/201902/t20190220_6172212.htm | http://www.moa.gov.cn/gk/yjgl_1/yqfb/201902/t20190221_6172570.htm | http://www.moa.gov.cn/gk/yjgl_1/yqfb/201902/t20190224_6172677.htm | http://www.moa.gov.cn/gk/yjgl_1/yqfb/201902/t20190224_6172671.htm | http://www.moa.gov.cn/gk/yjgl_1/yqfb/201902/t20190227_6172904.htm
2019-03,5,5,4,,中（逐起通报统计，已与官方累计数核对）,http://www.moa.gov.cn/gk/yjgl_1/yqfb/,,http://www.moa.gov.cn/gk/yjgl_1/yqfb/201903/t20190307_6173427.htm | http://www.moa.gov.cn/gk/yjgl_1/yqfb/201903/t20190312_6173603.htm | http://www.moa.gov.cn/gk/yjgl_1/yqfb/201903/t20190321_6177053.htm | http://www.moa.gov.cn/gk/yjgl_1/yqfb/201903/t20190331_6177503.htm
2019-04,13,13,7,,中（逐起通报统计，已与官方累计数核对）,http://www.moa.gov.cn/gk/yjgl_1/yqfb/,官方称2019年“除4月份之外，其他11个月的疫情发生数都保持在个位数”，本口径4月13起，吻合,http://www.moa.gov.cn/gk/yjgl_1/yqfb/201904/t20190404_6178067.htm | http://www.moa.gov.cn/gk/yjgl_1/yqfb/201904/t20190404_6178039.htm | http://www.moa.gov.cn/gk/yjgl_1/yqfb/201904/t20190407_6178073.htm | http://www.moa.gov.cn/gk/yjgl_1/yqfb/201904/t20190408_6178427.htm | http://www.moa.gov.cn/gk/yjgl_1/yqfb/201904/t20190411_6178809.htm | http://www.moa.gov.cn/gk/yjgl_1/yqfb/201904/t20190419_6212067.htm | http://www.moa.gov.cn/gk/yjgl_1/yqfb/201904/t20190421_6212079.htm
2019-05,7,7,7,,中（逐起通报统计，已与官方累计数核对）,http://www.moa.gov.cn/gk/yjgl_1/yqfb/,,http://www.moa.gov.cn/gk/yjgl_1/yqfb/201905/t20190518_6309490.htm | http://www.moa.gov.cn/gk/yjgl_1/yqfb/201905/t20190520_6313022.htm | http://www.moa.gov.cn/gk/yjgl_1/yqfb/201905/t20190521_6313364.htm | http://www.moa.gov.cn/gk/yjgl_1/yqfb/201905/t20190525_6315402.htm | http://www.moa.gov.cn/gk/yjgl_1/yqfb/201905/t20190527_6315486.htm | http://www.moa.gov.cn/gk/yjgl_1/yqfb/201905/t20190529_6315848.htm | http://www.moa.gov.cn/gk/yjgl_1/yqfb/201905/t20190531_6316023.htm
2019-06,7,7,5,,中（逐起通报统计，已与官方累计数核对）,http://www.moa.gov.cn/gk/yjgl_1/yqfb/,官方：2019年1月1日—7月3日共44起；本口径1—6月合计44起，吻合,http://www.moa.gov.cn/gk/yjgl_1/yqfb/201906/t20190611_6316661.htm | http://www.moa.gov.cn/gk/yjgl_1/yqfb/201906/t20190620_6318417.htm | http://www.moa.gov.cn/gk/yjgl_1/yqfb/201906/t20190621_6318963.htm | http://www.moa.gov.cn/gk/yjgl_1/yqfb/201906/t20190623_6318968.htm | http://www.moa.gov.cn/gk/yjgl_1/yqfb/201907/t20190701_6319984.htm
2019-07,6,6,6,,中（逐起通报统计，已与官方累计数核对）,http://www.moa.gov.cn/gk/yjgl_1/yqfb/,,http://www.moa.gov.cn/gk/yjgl_1/yqfb/201907/t20190705_6320479.htm | http://www.moa.gov.cn/gk/yjgl_1/yqfb/201907/t20190706_6320501.htm | http://www.moa.gov.cn/gk/yjgl_1/yqfb/201907/t20190711_6320771.htm | http://www.moa.gov.cn/gk/yjgl_1/yqfb/201907/t20190717_6321117.htm | http://www.moa.gov.cn/gk/yjgl_1/yqfb/201907/t20190727_6321688.htm | http://www.moa.gov.cn/gk/yjgl_1/yqfb/201907/t20190727_6321687.htm
2019-08,3,3,3,3,高（兽医公报月报）,http://www.moa.gov.cn/gk/sygb/201911/P020191101536714238581.pdf,月报分省行：湖北省 Hubei 1 1 P 9 3 59; Guangxi 1 1 P 51 1 51; 云南省 Yunnan 1 1 P 55 26 120,http://www.moa.gov.cn/gk/yjgl_1/yqfb/201908/t20190801_6321950.htm | http://www.moa.gov.cn/gk/yjgl_1/yqfb/201908/t20190808_6322359.htm | http://www.moa.gov.cn/gk/yjgl_1/yqfb/201908/t20190826_6323155.htm
2019-09,2,2,2,,中（逐起通报统计，已与官方累计数核对）,http://www.moa.gov.cn/gk/yjgl_1/yqfb/,,http://www.moa.gov.cn/gk/yjgl_1/yqfb/201909/t20190910_6327673.htm | http://www.moa.gov.cn/gk/yjgl_1/yqfb/201909/t20190923_6328791.htm
2019-10,3,3,3,,中（逐起通报统计，已与官方累计数核对）,http://www.moa.gov.cn/gk/yjgl_1/yqfb/,,http://www.moa.gov.cn/gk/yjgl_1/yqfb/201910/t20191013_6329889.htm | http://www.moa.gov.cn/gk/yjgl_1/yqfb/201910/t20191015_6329991.htm | http://www.moa.gov.cn/gk/yjgl_1/yqfb/201910/t20191025_6330686.htm
2019-11,2,2,2,2,高（兽医公报月报）,http://www.moa.gov.cn/gk/sygb/202003/P020200320559902047100.pdf,月报分省行：重庆市 Chongqing 1 1 P 8 1 24; 云南省 Yunnan 1 1 P 177 97 261,http://www.moa.gov.cn/gk/yjgl_1/yqfb/201911/t20191110_6331599.htm | http://www.moa.gov.cn/gk/yjgl_1/yqfb/201911/t20191113_6331822.htm
2019-12,2,2,2,,中（逐起通报统计，已与官方累计数核对）,http://www.moa.gov.cn/gk/yjgl_1/yqfb/,官方2019全年63起；本口径合计62起，差1起，可能为某月有1起未单独发布通报（参见2020-11、2021-09兽医公报有记录而无通报的先例），或某次多车/多场合并通报的计数口径不同,http://www.moa.gov.cn/gk/yjgl_1/yqfb/201912/t20191211_6333124.htm | http://www.moa.gov.cn/gk/yjgl_1/yqfb/201912/t20191224_6333873.htm
2020-01,0,0,0,,中（逐起通报统计，无月报可核）,http://www.moa.gov.cn/gk/yjgl_1/yqfb/,,
2020-02,0,0,0,0,高（兽医公报月报）,http://www.moa.gov.cn/gk/sygb/202004/P020200402347132823487.pdf,,
2020-03,6,6,5,6,高（兽医公报月报）,http://www.moa.gov.cn/gk/sygb/202005/P020200509329687407425.pdf,月报分省行：Inner Mongolia 1 1 P 105 92 88; 河南省 Henan 1 1 P 252 252 364; 湖北省 Hubei 1 1 Wp 7 7 7; 四川省 Sichuan 3 3 P 31 22 337,http://www.moa.gov.cn/gk/yjgl_1/yqfb/202003/t20200303_6338113.htm | http://www.moa.gov.cn/gk/yjgl_1/yqfb/202003/t20200312_6338794.htm | http://www.moa.gov.cn/gk/yjgl_1/yqfb/202003/t20200314_6338943.htm | http://www.moa.gov.cn/gk/yjgl_1/yqfb/202003/t20200329_6340127.htm | http://www.moa.gov.cn/gk/yjgl_1/yqfb/202003/t20200330_6340224.htm
2020-04,8,8,6,8,高（兽医公报月报）,http://www.moa.gov.cn/gk/sygb/202005/P020200528342372815295.pdf,月报分省行：江苏省 Jiangsu 1 1 P 8 3 17; 重庆市 Chongqing 1 1 P 200 64 234; 四川省 Sichuan 2 2 P 5 3 186; 陕西省 Shaanxi 1 1 P 39 39 10; 甘肃省 Gansu 3 3 P 209 209 648,http://www.moa.gov.cn/gk/yjgl_1/yqfb/202004/t20200401_6340606.htm | http://www.moa.gov.cn/gk/yjgl_1/yqfb/202004/t20200402_6340706.htm | http://www.moa.gov.cn/gk/yjgl_1/yqfb/202004/t20200405_6340856.htm | http://www.moa.gov.cn/gk/yjgl_1/yqfb/202004/t20200412_6341324.htm | http://www.moa.gov.cn/gk/yjgl_1/yqfb/202004/t20200417_6341833.htm | http://www.moa.gov.cn/gk/yjgl_1/yqfb/202004/t20200421_6342042.htm
2020-05,1,1,1,1,高（兽医公报月报）,http://www.moa.gov.cn/gk/sygb/202009/P020200903409991048682.pdf,月报分省行：甘肃省 Gansu 1 1 P 280 196 10123,http://www.moa.gov.cn/gk/yjgl_1/yqfb/202005/t20200529_6345597.htm
2020-06,1,1,1,,中（逐起通报统计，无月报可核）,http://www.moa.gov.cn/gk/yjgl_1/yqfb/,,http://www.moa.gov.cn/gk/yjgl_1/yqfb/202006/t20200605_6346007.htm
2020-07,1,1,1,,中（逐起通报统计，无月报可核）,http://www.moa.gov.cn/gk/yjgl_1/yqfb/,,http://www.moa.gov.cn/gk/yjgl_1/yqfb/202007/t20200725_6349355.htm
2020-08,0,0,0,0,高（兽医公报月报）,http://www.moa.gov.cn/gk/sygb/202012/P020201214506971737273.pdf,,
2020-09,0,0,0,0,高（兽医公报月报）,http://www.moa.gov.cn/gk/sygb/202012/P020201214509059672681.pdf,,
2020-10,2,2,2,2,高（兽医公报月报）,http://www.moa.gov.cn/gk/sygb/202012/P020201214511587066387.pdf,月报分省行：重庆市 Chongqing 1 1 P 14 2 70; 四川省 Sichuan 1 1 P 14 7 28,http://www.moa.gov.cn/gk/yjgl_1/yqfb/202010/t20201009_6353878.htm | http://www.moa.gov.cn/gk/yjgl_1/yqfb/202010/t20201026_6355146.htm
2020-11,1,0,0,1,高（兽医公报月报）,http://www.moa.gov.cn/gk/sygb/202012/P020201221575711875723.pdf,兽医公报记录重庆1起，“疫情发布”栏目无对应通报；通报统计为0起，取月报值；月报分省行：重庆市 Chongqing 1 1 P 1 118,
2020-12,0,0,0,0,高（兽医公报月报）,http://www.moa.gov.cn/gk/sygb/202102/P020210205506444179721.pdf,,
2021-01,1,1,1,1,高（兽医公报月报）,http://www.moa.gov.cn/gk/sygb/202103/P020210302323075389493.pdf,月报分省行：广东省 Guangdong 1 1 P 214 214 801,http://www.moa.gov.cn/gk/yjgl_1/yqfb/202101/t20210121_6360303.htm
2021-02,1,1,1,,中（逐起通报统计，无月报可核）,http://www.moa.gov.cn/gk/yjgl_1/yqfb/,,http://www.moa.gov.cn/gk/yjgl_1/yqfb/202102/t20210212_6361698.htm
2021-03,6,6,5,6,高（兽医公报月报）,http://www.moa.gov.cn/gk/sygb/202105/P020210513568692658821.pdf,月报分省行：湖北省 Hubei 1 1 P 10 5 165; 湖南省 Hunan 1 1 P 34 3 58; 四川省 Sichuan 2 2 P 40 40 97; 云南省 Yunnan 1 1 P 6 6 36; Xinjiang 1 1 P 293 280 186,http://www.moa.gov.cn/gk/yjgl_1/yqfb/202103/t20210302_6362662.htm | http://www.moa.gov.cn/gk/yjgl_1/yqfb/202103/t20210306_6363104.htm | http://www.moa.gov.cn/gk/yjgl_1/yqfb/202103/t20210309_6363299.htm | http://www.moa.gov.cn/gk/yjgl_1/yqfb/202103/t20210324_6364509.htm | http://www.moa.gov.cn/gk/yjgl_1/yqfb/202103/t20210327_6364716.htm
2021-04,2,2,2,2,高（兽医公报月报）,http://www.moa.gov.cn/gk/sygb/202105/P020210528335561981228.pdf,月报分省行：Inner Mongolia 1 1 P 381 343 89; Xinjiang CORPS 1 1 P 33 6 593,http://www.moa.gov.cn/gk/yjgl_1/yqfb/202104/t20210405_6365239.htm | http://www.moa.gov.cn/gk/yjgl_1/yqfb/202104/t20210429_6366973.htm
2021-05,,,0,,无公开数据（通报栏目2021-04-29后停更，月报缺期）,,,
2021-06,0,,0,0,高（兽医公报月报）,http://www.moa.gov.cn/gk/sygb/202109/P020210906538140530622.pdf,,
2021-07,0,,0,0,高（兽医公报月报）,http://www.moa.gov.cn/gk/sygb/202110/P020211025408334540662.pdf,,
2021-08,0,,0,0,高（兽医公报月报）,http://www.moa.gov.cn/gk/sygb/202111/P020211104353940540082.pdf,,
2021-09,1,,0,1,高（兽医公报月报）,http://www.moa.gov.cn/gk/sygb/202111/P020211117598373488251.pdf,兽医公报记录湖南1起，“疫情发布”栏目无对应通报（2021年4月29日后该栏目不再逐起发布）；通报统计为0起，取月报值；月报分省行：湖南省 Hunan 1 1 P 92 92 183,
2021-10,,,0,,无公开数据（通报栏目2021-04-29后停更，月报缺期）,,,
2021-11,,,0,,无公开数据（通报栏目2021-04-29后停更，月报缺期）,,,
2021-12,,,0,,无公开数据（通报栏目2021-04-29后停更，月报缺期）,,,
