pub_date,list_date,title,outbreaks_counted,counting_note,url
2018-08-03,2018-08-03,辽宁省沈阳市沈北新区发生一起非洲猪瘟疫情（我国首例）,1,首例；农业农村部“疫情发布”栏目未收录，引人民网转载的农业农村部新闻办公室发布,http://politics.people.com.cn/n1/2018/0804/c1001-30208671.html
2018-08-16,2018-08-16,黑龙江调往河南郑州的生猪确诊发生非洲猪瘟,1,,http://www.moa.gov.cn/gk/yjgl_1/yqfb/201808/t20180816_6155815.htm
2018-08-19,2018-08-19,江苏省连云港市海州区发生一起非洲猪瘟疫情,1,,http://www.moa.gov.cn/gk/yjgl_1/yqfb/201808/t20180819_6155890.htm
2018-08-23,2018-08-23,浙江省温州市乐清市发生一起非洲猪瘟疫情,1,同一养殖小区3户，通报称“一起”,http://www.moa.gov.cn/gk/yjgl_1/yqfb/201808/t20180823_6156184.htm
2018-08-30,2018-08-30,安徽省芜湖市南陵县发生一起非洲猪瘟疫情,1,,http://www.moa.gov.cn/gk/yjgl_1/yqfb/201808/t20180830_6156594.htm
2018-09-02,2018-09-02,安徽省宣城市宣州区发生非洲猪瘟疫情,2,古泉镇、五星乡两个养殖场分别列示,http://www.moa.gov.cn/gk/yjgl_1/yqfb/201809/t20180902_6156674.htm
2018-09-03,2018-09-03,江苏省无锡市宜兴市发生非洲猪瘟疫情,1,,http://www.moa.gov.cn/gk/yjgl_1/yqfb/201809/t20180903_6156741.htm
2018-09-03,2018-09-03,安徽省宣城市宣州区金坝办事处发生非洲猪瘟疫情,1,,http://www.moa.gov.cn/gk/yjgl_1/yqfb/201809/t20180903_6156729.htm
2018-09-05,2018-09-05,黑龙江省佳木斯市郊区长青乡发生非洲猪瘟疫情,1,,http://www.moa.gov.cn/gk/yjgl_1/yqfb/201809/t20180905_6156878.htm
2018-09-06,2018-09-06,佳木斯市、芜湖市、宣城市各发生一起非洲猪瘟疫情,3,标题明确“各发生一起”,http://www.moa.gov.cn/gk/yjgl_1/yqfb/201809/t20180906_6156940.htm
2018-09-06,2018-09-06,安徽省滁州市凤阳县发生一起非洲猪瘟疫情,1,,http://www.moa.gov.cn/gk/yjgl_1/yqfb/201809/t20180906_6156893.htm
2018-09-10,2018-09-10,安徽省铜陵市义安区发生一起非洲猪瘟疫情,1,,http://www.moa.gov.cn/gk/yjgl_1/yqfb/201809/t20180910_6157069.htm
2018-09-14,2018-09-14,内蒙古自治区阿巴嘎旗、河南省获嘉县各发生一起非洲猪瘟疫情,2,两地各一起,http://www.moa.gov.cn/gk/yjgl_1/yqfb/201809/t20180914_6157402.htm
2018-09-17,2018-09-17,内蒙古自治区锡林郭勒盟正蓝旗发生非洲猪瘟疫情,1,正文无发布日期，用列表日期,http://www.moa.gov.cn/gk/yjgl_1/yqfb/201809/t20180917_6157491.htm
2018-09-21,2018-09-21,吉林省公主岭市南崴子镇、内蒙古自治区科尔沁右翼中旗发生非洲猪瘟疫情,2,两地各一起,http://www.moa.gov.cn/gk/yjgl_1/yqfb/201809/t20180921_6157779.htm
2018-09-24,2018-09-24,内蒙古自治区呼和浩特市发生一起非洲猪瘟疫情,1,,http://www.moa.gov.cn/gk/yjgl_1/yqfb/201809/t20180924_6157990.htm
2018-09-28,2018-09-28,吉林省松原市长岭县发生非洲猪瘟疫情,1,,http://www.moa.gov.cn/gk/yjgl_1/yqfb/201809/t20180928_6159508.htm
2018-09-30,2018-09-30,辽宁省营口市发生非洲猪瘟疫情,2,大石桥市、老边区两地（五户合并统计）,http://www.moa.gov.cn/gk/yjgl_1/yqfb/201809/t20180930_6159723.htm
2018-10-08,2018-10-08,辽宁省营口市排查出非洲猪瘟疫情,4,高坎镇、旗口镇、路南镇、边城镇四个镇（六村合并统计）,http://www.moa.gov.cn/gk/yjgl_1/yqfb/201810/t20181008_6159840.htm
2018-10-09,2018-10-09,辽宁省鞍山市发生非洲猪瘟疫情,1,,http://www.moa.gov.cn/gk/yjgl_1/yqfb/201810/t20181009_6159866.htm
2018-10-11,2018-10-11,辽宁省大连市发生非洲猪瘟疫情,1,,http://www.moa.gov.cn/gk/yjgl_1/yqfb/201810/t20181011_6160530.htm
2018-10-12,2018-10-12,天津市蓟州区发生非洲猪瘟疫情,1,,http://www.moa.gov.cn/gk/yjgl_1/yqfb/201810/t20181012_6160713.htm
2018-10-12,2018-10-12,辽宁省鞍山市排查出非洲猪瘟疫情,1,,http://www.moa.gov.cn/gk/yjgl_1/yqfb/201810/t20181012_6160706.htm
2018-10-14,2018-10-14,辽宁省鞍山市排查出非洲猪瘟疫情,1,,http://www.moa.gov.cn/gk/yjgl_1/yqfb/201810/t20181014_6160716.htm
2018-10-15,2018-10-15,辽宁省锦州市盘锦市发生非洲猪瘟疫情,3,正文明确“3起”,http://www.moa.gov.cn/gk/yjgl_1/yqfb/201810/t20181015_6160786.htm
2018-10-16,2018-10-16,辽宁省铁岭市盘锦市排查出非洲猪瘟疫情,3,正文明确“3起”,http://www.moa.gov.cn/gk/yjgl_1/yqfb/201810/t20181016_6160819.htm
2018-10-17,2018-10-17,山西省大同市排查出非洲猪瘟疫情,1,,http://www.moa.gov.cn/gk/yjgl_1/yqfb/201810/t20181017_6160979.htm
2018-10-17,2018-10-17,辽宁省盘锦市排查出非洲猪瘟疫情,1,,http://www.moa.gov.cn/gk/yjgl_1/yqfb/201810/t20181017_6160914.htm
2018-10-21,2018-10-22,云南省昭通市发生非洲猪瘟疫情,2,牛场镇养殖场、母享镇合作社分别列示,http://www.moa.gov.cn/gk/yjgl_1/yqfb/201810/t20181022_6161182.htm
2018-10-22,2018-10-22,浙江省台州市发生非洲猪瘟疫情,1,,http://www.moa.gov.cn/gk/yjgl_1/yqfb/201810/t20181022_6161202.htm
2018-10-23,2018-10-23,湖南省益阳市和常德市排查出非洲猪瘟疫情,2,两县两场,http://www.moa.gov.cn/gk/yjgl_1/yqfb/201810/t20181023_6161270.htm
2018-10-25,2018-10-25,贵州省毕节市发生非洲猪瘟疫情,1,,http://www.moa.gov.cn/gk/yjgl_1/yqfb/201810/t20181025_6161490.htm
2018-10-26,2018-10-26,贵州省毕节市七星关区发生非洲猪瘟疫情,1,同村3户合并统计,http://www.moa.gov.cn/gk/yjgl_1/yqfb/201810/t20181026_6161620.htm
2018-10-28,2018-10-28,湖南省常德市桃源县排查出非洲猪瘟疫情,1,,http://www.moa.gov.cn/gk/yjgl_1/yqfb/201810/t20181028_6161622.htm
2018-10-30,2018-10-30,山西省阳曲县、湖南省沅陵县和云南省普洱市思茅区各发生一起非洲猪瘟疫情,3,标题明确“各发生一起”,http://www.moa.gov.cn/gk/yjgl_1/yqfb/201810/t20181030_6161948.htm
2018-11-03,2018-11-03,山西省阳曲县西凌井乡排查出非洲猪瘟疫情,1,,http://www.moa.gov.cn/gk/yjgl_1/yqfb/201811/t20181103_6162263.htm
2018-11-04,2018-11-04,重庆市丰都县兴义镇排查出非洲猪瘟疫情,1,,http://www.moa.gov.cn/gk/yjgl_1/yqfb/201811/t20181104_6162303.htm
2018-11-05,2018-11-05,湖南省湘西土家族苗族自治州保靖县排查出非洲猪瘟疫情,1,,http://www.moa.gov.cn/gk/yjgl_1/yqfb/201811/t20181105_6162397.htm
2018-11-07,2018-11-07,湖北省罗田县排查出非洲猪瘟疫情,1,,http://www.moa.gov.cn/gk/yjgl_1/yqfb/201811/t20181107_6162572.htm
2018-11-08,2018-11-08,福建省莆田市城厢区排查出非洲猪瘟疫情,1,,http://www.moa.gov.cn/gk/yjgl_1/yqfb/201811/t20181108_6162677.htm
2018-11-08,2018-11-08,湖南省涟源市、吉林省龙井市和江西省万年县各发生一起非洲猪瘟疫情,3,三地各一起,http://www.moa.gov.cn/gk/yjgl_1/yqfb/201811/t20181108_6162637.htm
2018-11-10,2018-11-10,安徽省青阳县排查出非洲猪瘟疫情,1,,http://www.moa.gov.cn/gk/yjgl_1/yqfb/201811/t20181110_6162756.htm
2018-11-13,2018-11-13,湖北省武穴市发生非洲猪瘟疫情,1,两相邻养殖户合并统计,http://www.moa.gov.cn/gk/yjgl_1/yqfb/201811/t20181113_6162839.htm
2018-11-15,2018-11-15,湖北省浠水县发生非洲猪瘟疫情,1,,http://www.moa.gov.cn/gk/yjgl_1/yqfb/201811/t20181115_6163115.htm
2018-11-16,2018-11-16,云南省威信县排查出非洲猪瘟疫情,1,,http://www.moa.gov.cn/gk/yjgl_1/yqfb/201811/t20181116_6163230.htm
2018-11-16,2018-11-16,吉林省白山市浑江区发生野猪非洲猪瘟疫情,1,,http://www.moa.gov.cn/gk/yjgl_1/yqfb/201811/t20181116_6163229.htm
2018-11-16,2018-11-16,四川省高县发生非洲猪瘟疫情,1,,http://www.moa.gov.cn/gk/yjgl_1/yqfb/201811/t20181116_6163156.htm
2018-11-17,2018-11-17,上海市金山区排查出非洲猪瘟疫情,1,,http://www.moa.gov.cn/gk/yjgl_1/yqfb/201811/t20181117_6163239.htm
2018-11-17,2018-11-17,江西省鄱阳县、云南省昆明市呈贡区、四川省新津县各排查出一起非洲猪瘟疫情,3,标题明确“各排查出一起”,http://www.moa.gov.cn/gk/yjgl_1/yqfb/201811/t20181117_6163232.htm
2018-11-19,2018-11-19,黑龙江省哈尔滨市道外区排查出非洲猪瘟疫情,1,两养殖户合并统计,http://www.moa.gov.cn/gk/yjgl_1/yqfb/201811/t20181119_6163291.htm
2018-11-21,2018-11-21,湖南省怀化市鹤城区排查出非洲猪瘟疫情,1,,http://www.moa.gov.cn/gk/yjgl_1/yqfb/201811/t20181121_6163389.htm
2018-11-23,2018-11-23,内蒙古自治区包头市昆都仑区排查出非洲猪瘟疫情,1,,http://www.moa.gov.cn/gk/yjgl_1/yqfb/201811/t20181123_6163564.htm
2018-11-23,2018-11-23,北京市房山区排查出非洲猪瘟疫情,2,青龙湖镇、琉璃河镇各一个养殖场,http://www.moa.gov.cn/gk/yjgl_1/yqfb/201811/t20181123_6163511.htm
2018-11-25,2018-11-26,湖北省阳新县排查出非洲猪瘟疫情,1,,http://www.moa.gov.cn/gk/yjgl_1/yqfb/201811/t20181126_6163606.htm
2018-11-29,2018-11-30,天津市宁河区排查出非洲猪瘟疫情,1,,http://www.moa.gov.cn/gk/yjgl_1/yqfb/201811/t20181130_6164121.htm
2018-11-30,2018-12-02,江西省九江市柴桑区排查出非洲猪瘟疫情,1,,http://www.moa.gov.cn/gk/yjgl_1/yqfb/201812/t20181202_6164188.htm
2018-12-03,2018-12-03,陕西省西安市鄠邑区、北京市通州区、黑龙江省农垦总局北安管理局排查出非洲猪瘟疫情,3,三地（含北安管理局野猪养殖场）,http://www.moa.gov.cn/gk/yjgl_1/yqfb/201812/t20181203_6164220.htm
2018-12-05,2018-12-05,四川省合江县、陕西省西安市长安区、北京市顺义区排查出非洲猪瘟疫情,3,三地,http://www.moa.gov.cn/gk/yjgl_1/yqfb/201812/t20181205_6164425.htm
2018-12-06,2018-12-06,山西省临汾市尧都区排查出非洲猪瘟疫情,1,,http://www.moa.gov.cn/gk/yjgl_1/yqfb/201812/t20181206_6164466.htm
2018-12-10,2018-12-10,陕西省神木市和贵州省贵阳市白云区排查出非洲猪瘟疫情,2,两地,http://www.moa.gov.cn/gk/yjgl_1/yqfb/201812/t20181210_6164598.htm
2018-12-12,2018-12-12,四川省巴中市巴州区和青海省大通县排查出非洲猪瘟疫情,2,两地,http://www.moa.gov.cn/gk/yjgl_1/yqfb/201812/t20181212_6164826.htm
2018-12-16,2018-12-16,四川省盐亭县和黑龙江省鸡西市鸡冠区发生非洲猪瘟疫情,2,两地,http://www.moa.gov.cn/gk/yjgl_1/yqfb/201812/t20181216_6165008.htm
2018-12-18,2018-12-18,重庆市璧山区发生非洲猪瘟疫情,1,,http://www.moa.gov.cn/gk/yjgl_1/yqfb/201812/t20181218_6165153.htm
2018-12-19,2018-12-19,广东省珠海市香洲区发生非洲猪瘟疫情,1,,http://www.moa.gov.cn/gk/yjgl_1/yqfb/201812/t20181219_6165233.htm
2018-12-20,2018-12-20,福建省尤溪县发生非洲猪瘟疫情,1,,http://www.moa.gov.cn/gk/yjgl_1/yqfb/201812/t20181220_6165275.htm
2018-12-21,2018-12-21,贵州省龙里县发生非洲猪瘟疫情,1,,http://www.moa.gov.cn/gk/yjgl_1/yqfb/201812/t20181221_6165337.htm
2018-12-22,2018-12-23,广东省广州市黄埔区排查出非洲猪瘟疫情,1,,http://www.moa.gov.cn/gk/yjgl_1/yqfb/201812/t20181223_6165395.htm
2018-12-24,2018-12-24,福建省南平市延平区发生非洲猪瘟疫情,1,,http://www.moa.gov.cn/gk/yjgl_1/yqfb/201812/t20181224_6165415.htm
2018-12-25,2018-12-25,广东省博罗县发生非洲猪瘟疫情,1,,http://www.moa.gov.cn/gk/yjgl_1/yqfb/201812/t20181225_6165470.htm
2018-12-30,2018-12-30,山西省泽州县发生非洲猪瘟疫情,1,,http://www.moa.gov.cn/gk/yjgl_1/yqfb/201812/t20181230_6165877.htm
2019-01-02,2019-01-02,黑龙江省绥化市明水县发生非洲猪瘟疫情,1,,http://www.moa.gov.cn/gk/yjgl_1/yqfb/201901/t20190102_6165896.htm
2019-01-12,2019-01-12,江苏省泗阳县发生非洲猪瘟疫情,1,同一公司两场合并统计（若按两场计则2019-01为6起）,http://www.moa.gov.cn/gk/yjgl_1/yqfb/201901/t20190112_6166540.htm
2019-01-13,2019-01-13,甘肃省庆城县发生非洲猪瘟疫情,1,,http://www.moa.gov.cn/gk/yjgl_1/yqfb/201901/t20190113_6166542.htm
2019-01-18,2019-01-18,甘肃省兰州市七里河区发生非洲猪瘟疫情,1,两养殖户合并统计,http://www.moa.gov.cn/gk/yjgl_1/yqfb/201901/t20190118_6170354.htm
2019-01-20,2019-01-20,宁夏回族自治区永宁县发生非洲猪瘟疫情,1,,http://www.moa.gov.cn/gk/yjgl_1/yqfb/201901/t20190120_6170382.htm
2019-02-08,2019-02-08,湖南省永州市经济技术开发区发生非洲猪瘟疫情,1,,http://www.moa.gov.cn/gk/yjgl_1/yqfb/201902/t20190208_6171191.htm
2019-02-18,2019-02-19,广西北海市银海区发生非洲猪瘟疫情,1,两养殖小区合并统计,http://www.moa.gov.cn/gk/yjgl_1/yqfb/201902/t20190219_6172136.htm
2019-02-20,2019-02-20,山东省济南市莱芜区发生非洲猪瘟疫情,1,,http://www.moa.gov.cn/gk/yjgl_1/yqfb/201902/t20190220_6172212.htm
2019-02-21,2019-02-21,云南省泸水市发生非洲猪瘟疫情,1,,http://www.moa.gov.cn/gk/yjgl_1/yqfb/201902/t20190221_6172570.htm
2019-02-24,2019-02-24,内蒙古自治区大兴安岭重点国有林管局桑都尔林场发生非洲猪瘟疫情,1,,http://www.moa.gov.cn/gk/yjgl_1/yqfb/201902/t20190224_6172677.htm
2019-02-24,2019-02-24,河北省保定市徐水区发生非洲猪瘟疫情,1,,http://www.moa.gov.cn/gk/yjgl_1/yqfb/201902/t20190224_6172671.htm
2019-02-27,2019-02-27,陕西省靖边县发生非洲猪瘟疫情,1,,http://www.moa.gov.cn/gk/yjgl_1/yqfb/201902/t20190227_6172904.htm
2019-03-07,2019-03-07,广西贵港市港南区发生非洲猪瘟疫情,1,,http://www.moa.gov.cn/gk/yjgl_1/yqfb/201903/t20190307_6173427.htm
2019-03-12,2019-03-12,四川省邻水县发生非洲猪瘟疫情,1,,http://www.moa.gov.cn/gk/yjgl_1/yqfb/201903/t20190312_6173603.htm
2019-03-21,2019-03-21,重庆市石柱县发生非洲猪瘟疫情,1,,http://www.moa.gov.cn/gk/yjgl_1/yqfb/201903/t20190321_6177053.htm
2019-03-30,2019-03-31,湖北省利川市发生非洲猪瘟疫情,2,两个养殖场分别列示,http://www.moa.gov.cn/gk/yjgl_1/yqfb/201903/t20190331_6177503.htm
2019-04-04,2019-04-04,云南省香格里拉市发生非洲猪瘟疫情,1,同一村民小组10户合并统计,http://www.moa.gov.cn/gk/yjgl_1/yqfb/201904/t20190404_6178067.htm
2019-04-04,2019-04-04,新疆维吾尔自治区乌鲁木齐市米东区发生非洲猪瘟疫情,1,,http://www.moa.gov.cn/gk/yjgl_1/yqfb/201904/t20190404_6178039.htm
2019-04-07,2019-04-07,西藏自治区林芝市发生非洲猪瘟疫情,3,巴宜区、工布江达县、波密县三地,http://www.moa.gov.cn/gk/yjgl_1/yqfb/201904/t20190407_6178073.htm
2019-04-08,2019-04-08,新疆维吾尔自治区叶城县发生非洲猪瘟疫情,1,,http://www.moa.gov.cn/gk/yjgl_1/yqfb/201904/t20190408_6178427.htm
2019-04-11,2019-04-11,新疆维吾尔自治区疏勒县发生非洲猪瘟疫情,1,两养殖户合并统计,http://www.moa.gov.cn/gk/yjgl_1/yqfb/201904/t20190411_6178809.htm
2019-04-19,2019-04-19,海南省儋州市和万宁市发生非洲猪瘟疫情,2,两市（各两户合并统计）,http://www.moa.gov.cn/gk/yjgl_1/yqfb/201904/t20190419_6212067.htm
2019-04-21,2019-04-21,海南省海口市秀英区、澄迈县、保亭县、陵水县发生非洲猪瘟疫情,4,秀英、澄迈、保亭、陵水四县区,http://www.moa.gov.cn/gk/yjgl_1/yqfb/201904/t20190421_6212079.htm
2019-05-18,2019-05-18,贵州省贵阳市乌当区一屠宰场的外省调入生猪排查出非洲猪瘟疫情,1,,http://www.moa.gov.cn/gk/yjgl_1/yqfb/201905/t20190518_6309490.htm
2019-05-20,2019-05-20,四川省若尔盖县排查出非洲猪瘟疫情,1,,http://www.moa.gov.cn/gk/yjgl_1/yqfb/201905/t20190520_6313022.htm
2019-05-21,2019-05-21,宁夏回族自治区石嘴山市惠农区发生非洲猪瘟疫情,1,,http://www.moa.gov.cn/gk/yjgl_1/yqfb/201905/t20190521_6313364.htm
2019-05-25,2019-05-25,云南省砚山县发生非洲猪瘟疫情,1,,http://www.moa.gov.cn/gk/yjgl_1/yqfb/201905/t20190525_6315402.htm
2019-05-27,2019-05-27,广西壮族自治区博白县发生非洲猪瘟疫情,1,,http://www.moa.gov.cn/gk/yjgl_1/yqfb/201905/t20190527_6315486.htm
2019-05-29,2019-05-29,云南省勐海县发生非洲猪瘟疫情,1,,http://www.moa.gov.cn/gk/yjgl_1/yqfb/201905/t20190529_6315848.htm
2019-05-31,2019-05-31,贵州省都匀市在截获的外省非法运入生猪中排查出非洲猪瘟疫情,1,,http://www.moa.gov.cn/gk/yjgl_1/yqfb/201905/t20190531_6316023.htm
2019-06-11,2019-06-11,贵州省都匀市发生非洲猪瘟疫情,1,,http://www.moa.gov.cn/gk/yjgl_1/yqfb/201906/t20190611_6316661.htm
2019-06-20,2019-06-20,贵州省平塘县发生非洲猪瘟疫情,2,克度镇、通州镇两处分别列示,http://www.moa.gov.cn/gk/yjgl_1/yqfb/201906/t20190620_6318417.htm
2019-06-21,2019-06-21,贵州省三都县发生非洲猪瘟疫情,2,周覃镇、中和镇两处,http://www.moa.gov.cn/gk/yjgl_1/yqfb/201906/t20190621_6318963.htm
2019-06-23,2019-06-23,青海省海东市平安区发生非洲猪瘟疫情,1,,http://www.moa.gov.cn/gk/yjgl_1/yqfb/201906/t20190623_6318968.htm
2019-06-28,2019-06-28,宁夏中卫市沙坡头区发生非洲猪瘟疫情,1,屠宰厂检出并追溯至一养殖户,http://www.moa.gov.cn/gk/yjgl_1/yqfb/201907/t20190701_6319984.htm
2019-07-05,2019-07-05,广西陆川县发生非洲猪瘟疫情,1,,http://www.moa.gov.cn/gk/yjgl_1/yqfb/201907/t20190705_6320479.htm
2019-07-06,2019-07-06,广西壮族自治区贵港市港北区排查出非洲猪瘟疫情,1,,http://www.moa.gov.cn/gk/yjgl_1/yqfb/201907/t20190706_6320501.htm
2019-07-11,2019-07-11,湖北省团风县发生非洲猪瘟疫情,1,,http://www.moa.gov.cn/gk/yjgl_1/yqfb/201907/t20190711_6320771.htm
2019-07-17,2019-07-17,四川省夹江县发生非洲猪瘟疫情,1,,http://www.moa.gov.cn/gk/yjgl_1/yqfb/201907/t20190717_6321117.htm
2019-07-26,2019-07-27,辽宁省康平县在截获的外省运入生猪中排查出非洲猪瘟疫情,1,,http://www.moa.gov.cn/gk/yjgl_1/yqfb/201907/t20190727_6321688.htm
2019-07-27,2019-07-27,辽宁省西丰县在截获的外省运入生猪中排查出非洲猪瘟疫情,1,同一检查点截获2车,http://www.moa.gov.cn/gk/yjgl_1/yqfb/201907/t20190727_6321687.htm
2019-08-01,2019-08-01,湖北省洪湖市发生非洲猪瘟疫情,1,,http://www.moa.gov.cn/gk/yjgl_1/yqfb/201908/t20190801_6321950.htm
2019-08-08,2019-08-08,广西防城港市防城区在截获的外省非法运入生猪中排查出非洲猪瘟疫情,1,,http://www.moa.gov.cn/gk/yjgl_1/yqfb/201908/t20190808_6322359.htm
2019-08-26,2019-08-26,云南省永善县发生非洲猪瘟疫情,1,,http://www.moa.gov.cn/gk/yjgl_1/yqfb/201908/t20190826_6323155.htm
2019-09-10,2019-09-10,宁夏银川市兴庆区发生非洲猪瘟疫情,1,,http://www.moa.gov.cn/gk/yjgl_1/yqfb/201909/t20190910_6327673.htm
2019-09-23,2019-09-23,广西岑溪市排查出非洲猪瘟疫情,1,,http://www.moa.gov.cn/gk/yjgl_1/yqfb/201909/t20190923_6328791.htm
2019-10-13,2019-10-13,甘肃省岷县发生非洲猪瘟疫情,1,,http://www.moa.gov.cn/gk/yjgl_1/yqfb/201910/t20191013_6329889.htm
2019-10-15,2019-10-15,广西博白县在截获的外省违规运入生猪中排查出非洲猪瘟疫情,1,同一检查点截获2车,http://www.moa.gov.cn/gk/yjgl_1/yqfb/201910/t20191015_6329991.htm
2019-10-25,2019-10-25,云南省楚雄市排查出非洲猪瘟疫情,1,,http://www.moa.gov.cn/gk/yjgl_1/yqfb/201910/t20191025_6330686.htm
2019-11-10,2019-11-10,重庆市垫江县在截获的外省违规运入仔猪中排查出非洲猪瘟疫情,1,,http://www.moa.gov.cn/gk/yjgl_1/yqfb/201911/t20191110_6331599.htm
2019-11-13,2019-11-13,云南省腾冲市发生非洲猪瘟疫情,1,,http://www.moa.gov.cn/gk/yjgl_1/yqfb/201911/t20191113_6331822.htm
2019-12-11,2019-12-11,陕西省佛坪县野猪检出非洲猪瘟病毒,1,,http://www.moa.gov.cn/gk/yjgl_1/yqfb/201912/t20191211_6333124.htm
2019-12-24,2019-12-24,四川省叙永县在截获的外省违规调运生猪中排查出非洲猪瘟疫情,1,同一检查点截获3车,http://www.moa.gov.cn/gk/yjgl_1/yqfb/201912/t20191224_6333873.htm
2020-03-03,2020-03-03,湖北省神农架林区发生野猪非洲猪瘟疫情,1,,http://www.moa.gov.cn/gk/yjgl_1/yqfb/202003/t20200303_6338113.htm
2020-03-12,2020-03-12,四川省乐山市在查获的外省违法调运生猪中排查出非洲猪瘟疫情,1,,http://www.moa.gov.cn/gk/yjgl_1/yqfb/202003/t20200312_6338794.htm
2020-03-13,2020-03-13,四川省泸州市、河南省三门峡市查获的外省违法调运生猪发生非洲猪瘟疫情,2,两地,http://www.moa.gov.cn/gk/yjgl_1/yqfb/202003/t20200314_6338943.htm
2020-03-29,2020-03-29,四川省广元市在查获的外省违规调运仔猪中排查出非洲猪瘟疫情,1,,http://www.moa.gov.cn/gk/yjgl_1/yqfb/202003/t20200329_6340127.htm
2020-03-30,2020-03-30,内蒙古鄂尔多斯从外省违规调入仔猪中排查出非洲猪瘟疫情,1,,http://www.moa.gov.cn/gk/yjgl_1/yqfb/202003/t20200330_6340224.htm
2020-04-01,2020-04-01,四川省乐山市从查获的外省违规调运仔猪中排查出非洲猪瘟疫情,1,,http://www.moa.gov.cn/gk/yjgl_1/yqfb/202004/t20200401_6340606.htm
2020-04-02,2020-04-02,甘肃陇南市发生非洲猪瘟疫情,2,正文明确“2起”,http://www.moa.gov.cn/gk/yjgl_1/yqfb/202004/t20200402_6340706.htm
2020-04-05,2020-04-05,重庆市云阳县从外省违规调入的仔猪发生非洲猪瘟疫情,1,,http://www.moa.gov.cn/gk/yjgl_1/yqfb/202004/t20200405_6340856.htm
2020-04-12,2020-04-12,甘肃省酒泉市和陕西省榆林市各发生1起非洲猪瘟疫情,2,标题明确“各发生1起”,http://www.moa.gov.cn/gk/yjgl_1/yqfb/202004/t20200412_6341324.htm
2020-04-17,2020-04-17,江苏省沭阳县在查获的外省违规调入生猪中排查出非洲猪瘟疫情,1,,http://www.moa.gov.cn/gk/yjgl_1/yqfb/202004/t20200417_6341833.htm
2020-04-21,2020-04-21,四川省巴中市从查获的外省违规调运生猪中排查出非洲猪瘟疫情,1,,http://www.moa.gov.cn/gk/yjgl_1/yqfb/202004/t20200421_6342042.htm
2020-05-29,2020-05-29,甘肃省永登县发生非洲猪瘟疫情,1,,http://www.moa.gov.cn/gk/yjgl_1/yqfb/202005/t20200529_6345597.htm
2020-06-05,2020-06-05,云南省永胜县发生非洲猪瘟疫情,1,,http://www.moa.gov.cn/gk/yjgl_1/yqfb/202006/t20200605_6346007.htm
2020-07-24,2020-07-25,重庆市江津区在查获的外省违规调运生猪中排查出非洲猪瘟疫情,1,,http://www.moa.gov.cn/gk/yjgl_1/yqfb/202007/t20200725_6349355.htm
2020-10-09,2020-10-09,重庆市酉阳县在查获的外省违规调运仔猪中排查出非洲猪瘟疫情,1,,http://www.moa.gov.cn/gk/yjgl_1/yqfb/202010/t20201009_6353878.htm
2020-10-26,2020-10-26,四川省宁南县在查获的外省违规调运生猪中排查出非洲猪瘟疫情,1,,http://www.moa.gov.cn/gk/yjgl_1/yqfb/202010/t20201026_6355146.htm
2021-01-21,2021-01-21,广东省平远县报告发生一起疑似因违规调运输入的非洲猪瘟疫情,1,,http://www.moa.gov.cn/gk/yjgl_1/yqfb/202101/t20210121_6360303.htm
2021-02-12,2021-02-12,新疆生产建设兵团第十三师报告发生一起非洲猪瘟疫情,1,,http://www.moa.gov.cn/gk/yjgl_1/yqfb/202102/t20210212_6361698.htm
2021-03-02,2021-03-02,云南省富宁县在查获的外省违规调运仔猪中排查出非洲猪瘟疫情,1,,http://www.moa.gov.cn/gk/yjgl_1/yqfb/202103/t20210302_6362662.htm
2021-03-06,2021-03-06,四川省阿坝州小金县、湖北省襄阳市樊城区分别报告发生一起非洲猪瘟疫情,2,标题明确“分别报告发生一起”,http://www.moa.gov.cn/gk/yjgl_1/yqfb/202103/t20210306_6363104.htm
2021-03-09,2021-03-09,四川省华蓥市在查获的外省违规调运仔猪中排查出非洲猪瘟疫情,1,,http://www.moa.gov.cn/gk/yjgl_1/yqfb/202103/t20210309_6363299.htm
2021-03-24,2021-03-24,新疆维吾尔自治区伊犁州伊宁市报告发生一起非洲猪瘟疫情,1,,http://www.moa.gov.cn/gk/yjgl_1/yqfb/202103/t20210324_6364509.htm
2021-03-27,2021-03-27,湖南省长沙县在查获的外省违规调运生猪中发现非洲猪瘟疫情,1,,http://www.moa.gov.cn/gk/yjgl_1/yqfb/202103/t20210327_6364716.htm
2021-04-05,2021-04-05,新疆生产建设兵团第四师报告发生一起非洲猪瘟疫情,1,,http://www.moa.gov.cn/gk/yjgl_1/yqfb/202104/t20210405_6365239.htm
2021-04-29,2021-04-29,内蒙古包头市达尔罕茂明安联合旗报告发生一起非洲猪瘟疫情,1,,http://www.moa.gov.cn/gk/yjgl_1/yqfb/202104/t20210429_6366973.htm
