period,export_price,domestic_price,blended_price,export_heads,domestic_heads,export_share_by_weight_or_heads,url,excerpt,category,notes
2018,16.17,13.06,15.36,173329,68222,按重量73.2%（自产外销1115.14+外购外销838.10万kg/合计2666.55万kg）；按头数71.8%,https://static.cninfo.com.cn/finalpage/2021-04-13/1209677069.PDF,"自产内销（万千克）445.23 36.66 635.74 20.58 713.31 13.06 自产外销（万千克）1,649.24 45.96 1,388.47 32.98 1,115.14 16.17 外购外销（万千克）346.89 43.28 471.56 25.74 838.10 16.26",事实（份额为据原表推算）,"招股书表列顺序为2020/2019/2018；export_price取自产外销，外购外销16.26元/公斤；export_heads=自产外销96,575+外购外销76,754"
2019,32.98,20.58,28.45,164030,57254,按重量74.5%（1388.47+471.56/2495.77万kg）；按头数74.1%,https://static.cninfo.com.cn/finalpage/2021-04-13/1209677069.PDF,"自产内销（头）40,427.00 4,037.79 57,254.00 2,284.74 68,222.00 1,365.22 自产外销（头）143,510.00 5,281.85 121,437.00 3,770.65 96,575.00 1,866.59 外购外销（头）28,623.00 5,244.96 42,593.00 2,849.66",事实（份额为推算）,"外购外销25.74元/公斤；export_heads=121,437+42,593；同数据见2023问询回复第7-1-12页"
2020,45.96,36.66,43.88,172133,40427,按重量81.8%（1649.24+346.89/2441.35万kg）；按头数81.0%,https://static.cninfo.com.cn/finalpage/2021-04-13/1209677069.PDF,"商品猪（万千克）2,441.35 43.88 2,495.77 28.45 2,666.55 15.36 商品猪（头）212,560.00 5,040.27 221,284.00 3,208.92 241,551.00 1,696.14",事实（份额为推算）,"外购外销43.28元/公斤；export_heads=143,510+28,623"
2021-Q1,43.8,30.7,41.32,49000,54400,按商品猪头数约80%（供港4.90/商品猪6.11万头，推算）,https://static.cninfo.com.cn/finalpage/2021-05-06/1209892190.PDF,2021年第一季度，公司商品猪销售均价41.32元/公斤，其中：内销商品肉猪均价30.70元/公斤、供港活大猪均价43.80元/公斤。,事实（份额为推算）,表中“生猪销售数量 内销5.44 供港4.90 合计10.34万头”，内销头数含仔猪/种猪
2021-04,36.08,23.87,34.38,17500,3000,按商品猪头数85.4%（推算）,https://static.cninfo.com.cn/finalpage/2021-05-10/1209944322.PDF,其中商品猪2.05万头（供港1.75万头，内销0.30万头）……公司商品猪销售均价34.38元/公斤，其中：供港活大猪均价36.08元/公斤、内销商品肉猪均价23.87元/公斤。,事实,
2021-05,31.34,19.29,29.99,15800,2000,按商品猪头数88.8%（推算）,https://static.cninfo.com.cn/finalpage/2021-06-03/1210157589.PDF,其中商品猪1.78万头（供港1.58万头，内销0.20万头）……公司商品猪销售均价29.99元/公斤，其中：供港活大猪均价31.34元/公斤、内销商品肉猪均价19.29元/公斤。,事实,
2021-06,27.32,14.85,25.67,16000,2500,按商品猪头数86.5%（推算）,https://static.cninfo.com.cn/finalpage/2021-07-06/1210417909.PDF,其中商品猪1.85万头（供港1.60万头，内销0.25万头）……公司商品猪销售均价25.67元/公斤，其中：供港活大猪均价27.32元/公斤、内销商品肉猪均价14.85元/公斤。,事实,
2021-07,25.12,15.45,24.21,16300,1700,按商品猪头数90.6%（推算）,https://static.cninfo.com.cn/finalpage/2021-08-06/1210664791.PDF,其中商品猪1.80万头（供港1.63万头，内销0.17万头）……公司商品猪销售均价24.21元/公斤，其中：供港活大猪均价25.12元/公斤、内销商品肉猪均价15.45元/公斤。,事实,2021-08起月度简报不再分渠道披露
2021-01~09,,,32.1,145400,27800,按商品猪头数约84%（公司口径）,https://static.cninfo.com.cn/finalpage/2021-10-29/1211427769.PDF,公司前三季度共销售生猪25.12万头，其中商品猪17.32万头，仔猪6.37万头，种猪（含淘汰种猪）1.43万头，商品猪中供港部分14.54万头，占公司商品猪总数比例约84%。,事实（内销头数=17.32-14.54，推算）,同记录：前三季度商品猪均价32.10元/公斤
2021,29.15,19.98,27.77,203900,,按重量80.7%（自产供港1958.16+外购供港340.83/2847.10万kg，推算）,https://static.cninfo.com.cn/finalpage/2023-05-22/1216871308.PDF,"商品猪（万千克）1,455.79 16.77 4,409.62 23.68 2,847.10 27.77 2,441.35 43.88",事实（份额推算）,外购供港32.43元/公斤；实际供港20.39万头（2023问询回复）但2022-05-09交流记录称19.97万头，口径不一致；内地/香港单价表“商品猪销售均价=（内地+香港）/2”为简单平均24.56，非加权
2022,25.9,20.5,23.68,250800,,按重量60.0%（2488.85+155.90/4409.62万kg，推算）,https://static.cninfo.com.cn/finalpage/2023-05-22/1216871308.PDF,"自产内销（万千克）649.55 14.40 1,764.87 20.50 548.10 19.98 445.23 36.66 635.74 20.58 713.31 13.06 自产供港（万千克）788.75 18.68 2,488.85 25.90",事实（份额推算）,外购供港24.35元/公斤；出口供应港澳合计25.08万头，其中自营出口22.19万头（2023-04-28交流记录）
2023-Q1,18.68,14.4,16.77,66300,,按重量55.4%（788.75+17.50/1455.79万kg，推算）,https://static.cninfo.com.cn/finalpage/2023-05-22/1216871308.PDF,"自产供港（万千克）788.75 18.68 2,488.85 25.90 1,958.16 29.15 1,649.24 45.96 1,388.47 32.98 1,115.14 16.17 外购供港（万千克）17.50 18.16 155.90 24.35 340.83 32.43",事实（份额推算）,实际供港6.63万头（问询回复配额表）；内销14.40低于广东均价15.42，公司称因个别场疫病提前出栏
2023-08（市场价差表述）,,,,,,,https://static.cninfo.com.cn/finalpage/2023-08-30/1217720670.PDF,今年上半年生猪价格持续低迷，香港猪价与内地的价差有所缩小，主要原因是上半年香港消费较为低迷，加之内地供港的数量也有所增加所致。目前香港市场价格已经在逐渐恢复，价差大约在4元/公斤。,事实（公司表述，市场价差口径）,香港与内地市场价差约4元/公斤，非公司内外销结算价差
2023,,,17.13,230000,,约50%（2023-09-19：供港数量约占销售肉猪的50%）,https://static.cninfo.com.cn/finalpage/2024-03-01/1219220415.PDF,2023年，我司供港价格高出内销价格4元/公斤左右。,事实（公司表述）,供港-内销约+4元/公斤；2023供港实际约23万头其中自营约22万头（2024-05-16交流记录）；2023境外毛利率25.43%、境内-26.63%
2024-H1,,,16.86,,,,https://static.cninfo.com.cn/finalpage/2024-08-28/1221035315.PDF,上半年生猪销售整体毛利率为17.93%（其中内销8.02%，出口29.19%）,事实,未披露分渠道单价；2024Q2商品猪14.05万头、均价17.8元/公斤、均重约123公斤（2024-07-09交流记录）
2024-01~09,19.47,,,197100,,,https://static.cninfo.com.cn/finalpage/2024-10-30/1221577626.PDF,前三季度出口19.71万头，销售均价为19.47元/公斤；预计全年供港超27万头；明年的供港目标约35万头。,事实,同期内销价未披露
2024,,,18.16,262300,288100,按商品猪头数47.66%（公司口径）,https://static.cninfo.com.cn/finalpage/2025-01-20/1222381311.PDF,2024年度公司销售生猪87.44万头，较上年同期增长40.03%。其中销售商品猪55.04万头，占总出栏量的62.94%。2024年度出口商品猪26.23万头，占肉猪的比例为47.66%。,事实（内销头数=55.04-26.23，推算）,出口26.23万头与配额完成22.07万头不同口径（差额推断为供货出口等）；2024境外毛利率33.70%、境内14.87%
2025-Q1（价差方向）,,,15.87,,,,https://static.cninfo.com.cn/finalpage/2025-04-25/1223327654.PDF,2025年第一季度香港猪价和内地猪价价差在收敛，主要原因是,事实（定性）,原因：3月日均内地活猪供港3113头较2月增11.38%、香港需求低迷
2025,15.96,14.14,14.66,250200,,按重量约28.6%（(14.66-14.14)/1.82，推断）,https://static.cninfo.com.cn/finalpage/2026-05-11/1225291793.PDF,公司2025年出口活大猪总量为25.02万，出口均价为15.96元/公斤，比公司内销均价高1.82元/公斤。,事实＋推算（内销=15.96-1.82）,综合价14.66来自2025年12月简报；出口占内地供港22.5%（2026-01-30交流记录）
2026-Q1,13.6,11.86,12.19,,,按重量约19.0%（(12.19-11.86)/1.74，推断）,https://static.cninfo.com.cn/finalpage/2026-04-27/1225222294.PDF,公司2026年第一季度商品猪销售均价为12.19元/公斤，其中出口商品猪均价为13.60元/公斤，内销商品猪均价为11.86元/公斤，价差是1.74元/公斤。,事实（核验通过）＋推算份额,东方财富H2_AN202604271821644854_1.pdf与巨潮1225222294.PDF为同一记录（编号2026-02），文字一致
2026-H1,,,11.41,102622,,,https://static.cninfo.com.cn/finalpage/2026-07-14/1225425457.PDF,"截至目前，公司已获得供港配额187,074头，截至6月末已使用配额102,622头。后续配额使用进度到80%时，可以继续申请调增配额。上半年公司的出口外销与内销的价差为1.10元/公斤。",事实,export_heads为已使用供港配额（不含供澳、不含供货出口），非严格销量；综合价11.41来自2026-08-28交流记录
